HCP_ID,Province,Specialty,Market_Intensity,Patient_Volume,Category_TRx,Target_TRx,Target_Share,Competitor_Share,Category_Growth,New_Patient_Share,Field_Engagement,Digital_Engagement
HCP_0001,Newfoundland and Labrador,Internal Medicine,0.404681032415471,303,171,71,0.4152046783625731,0.5847953216374269,0.027902502118015756,0.16527373348748414,86,97
HCP_0002,Newfoundland and Labrador,Internal Medicine,0.404681032415471,242,103,50,0.4854368932038835,0.5145631067961165,-0.08562144753816202,0.09838123037486801,35,38
HCP_0003,Newfoundland and Labrador,Internal Medicine,0.404681032415471,319,172,97,0.563953488372093,0.436046511627907,0.08276128609932629,0.18966415821690646,2,18
HCP_0004,Newfoundland and Labrador,Internal Medicine,0.404681032415471,434,193,12,0.06217616580310881,0.9378238341968912,-0.1989568045055642,0.3929700514738331,97,30
HCP_0005,Newfoundland and Labrador,Internal Medicine,0.404681032415471,234,169,23,0.13609467455621302,0.863905325443787,0.0389651860874881,0.12905849452675155,18,76
HCP_0006,Newfoundland and Labrador,Cardiology,0.4812710250285086,256,199,107,0.5376884422110553,0.4623115577889447,0.05192303387541925,0.2642555306301302,27,23
HCP_0007,Newfoundland and Labrador,Gastroenterology,0.3365264743427081,403,173,52,0.30057803468208094,0.699421965317919,0.14535204595342538,0.2015405674438972,22,68
HCP_0008,Newfoundland and Labrador,Neurology,0.6988703840983378,437,342,123,0.35964912280701755,0.6403508771929824,0.16683466993134163,0.07485859867726433,6,86
HCP_0009,Newfoundland and Labrador,Psychiatry,0.21500644365437918,157,96,40,0.4166666666666667,0.5833333333333333,-0.01042835426892609,0.22075681209932085,75,82
HCP_0010,Newfoundland and Labrador,Psychiatry,0.21500644365437918,224,116,49,0.4224137931034483,0.5775862068965517,0.031926318244408045,0.2957575150269094,13,64
HCP_0011,Newfoundland and Labrador,Psychiatry,0.21500644365437918,158,68,38,0.5588235294117647,0.4411764705882353,-0.0419344996732805,0.2296269915397366,45,32
HCP_0012,Newfoundland and Labrador,Psychiatry,0.21500644365437918,158,95,57,0.6,0.4,-0.08536750657692325,0.3552371223113034,14,58
HCP_0013,Newfoundland and Labrador,Psychiatry,0.21500644365437918,202,145,65,0.4482758620689655,0.5517241379310345,0.08718737352567615,0.15112795583015393,66,32
HCP_0014,Newfoundland and Labrador,Psychiatry,0.21500644365437918,95,65,14,0.2153846153846154,0.7846153846153846,-0.1028302658315919,0.08018720995638773,14,31
HCP_0015,Newfoundland and Labrador,Pediatrics,0.4361244562034001,144,60,32,0.5333333333333333,0.4666666666666667,0.0002447719313764321,0.37779796408030214,50,58
HCP_0016,Newfoundland and Labrador,Pediatrics,0.4361244562034001,217,93,7,0.07526881720430108,0.9247311827956989,-0.06942087518790849,0.18236872233487667,87,91
HCP_0017,Newfoundland and Labrador,Pediatrics,0.4361244562034001,185,104,18,0.17307692307692307,0.8269230769230769,0.11596198235483117,0.2517419430087717,7,100
HCP_0018,Newfoundland and Labrador,Pediatrics,0.4361244562034001,295,153,83,0.5424836601307189,0.4575163398692811,0.2661716119119786,0.3272010941455686,68,40
HCP_0019,Newfoundland and Labrador,Dermatology,0.9121682289219464,278,137,26,0.1897810218978102,0.8102189781021898,-0.10619055793639974,0.16350978235645322,61,11
HCP_0020,Newfoundland and Labrador,General Surgery,0.48228927745798683,169,87,15,0.1724137931034483,0.8275862068965517,-0.17236221794770828,0.30065758836216394,50,72
HCP_0021,Newfoundland and Labrador,General Surgery,0.48228927745798683,464,335,42,0.1253731343283582,0.8746268656716418,0.03501357375799192,0.09739659743623982,62,10
HCP_0022,Newfoundland and Labrador,General Surgery,0.48228927745798683,257,198,103,0.5202020202020202,0.4797979797979798,0.05188373551493101,0.15195281152192686,67,96
HCP_0023,Newfoundland and Labrador,General Surgery,0.48228927745798683,284,160,52,0.325,0.675,0.07623911681087572,0.10064872264778198,77,18
HCP_0024,Newfoundland and Labrador,General Surgery,0.48228927745798683,169,129,54,0.4186046511627907,0.5813953488372092,-0.003558461828121383,0.33393069544047527,15,53
HCP_0025,Newfoundland and Labrador,Urology,0.6509447500333366,267,141,26,0.18439716312056736,0.8156028368794326,0.025923284140948185,0.1279272323293749,83,56
HCP_0026,Newfoundland and Labrador,Orthopedic Surgery,0.6551268910478969,337,199,93,0.46733668341708545,0.5326633165829145,0.09410124926487226,0.3010912443918236,23,41
HCP_0027,Newfoundland and Labrador,Orthopedic Surgery,0.6551268910478969,216,106,50,0.4716981132075472,0.5283018867924528,0.17485170711738068,0.3801544390359784,5,97
HCP_0028,Newfoundland and Labrador,Ophthalmology,0.5527655914309045,339,222,49,0.22072072072072071,0.7792792792792793,-0.18460585243819394,0.23472027317410699,56,70
HCP_0029,Newfoundland and Labrador,Obstetrics/Gynecology,0.6662353864896803,265,210,58,0.2761904761904762,0.7238095238095238,0.005727267316224541,0.23901021729124072,30,30
HCP_0030,Newfoundland and Labrador,Obstetrics/Gynecology,0.6662353864896803,295,189,31,0.164021164021164,0.835978835978836,0.07565705527292761,0.21136174883423425,5,51
HCP_0031,Newfoundland and Labrador,Obstetrics/Gynecology,0.6662353864896803,264,143,84,0.5874125874125874,0.4125874125874126,-0.060157132553288306,0.16406155018777496,98,1
HCP_0032,Newfoundland and Labrador,Obstetrics/Gynecology,0.6662353864896803,624,411,166,0.40389294403892945,0.5961070559610706,0.25774035581207594,0.216479260823721,78,82
HCP_0033,Prince Edward Island,Internal Medicine,0.03972248206337183,79,35,20,0.5714285714285714,0.4285714285714286,-0.026249185627448435,0.2609826362933658,28,37
HCP_0034,Prince Edward Island,Psychiatry,0.3817615754515179,171,129,28,0.21705426356589147,0.7829457364341086,0.04504487755912606,0.3950970502597308,66,31
HCP_0035,Prince Edward Island,Pediatrics,0.08820538929382389,158,95,46,0.4842105263157895,0.5157894736842106,0.1167226516210749,0.3782175957613785,74,9
HCP_0036,Prince Edward Island,General Surgery,0.37996122777783137,161,93,44,0.4731182795698925,0.5268817204301075,-0.02095417465622733,0.35175353540259263,2,7
HCP_0037,Prince Edward Island,Orthopedic Surgery,0.5935453892995415,332,211,91,0.4312796208530806,0.5687203791469194,-0.17158876573653004,0.36119568749670045,27,89
HCP_0038,Prince Edward Island,Obstetrics/Gynecology,0.03503579296804109,38,25,15,0.6,0.4,-0.0014385432299839906,0.21374721415221504,73,93
HCP_0039,Nova Scotia,Internal Medicine,0.23965836390105288,123,53,14,0.2641509433962264,0.7358490566037736,0.17353286671124485,0.2801055145121127,96,74
HCP_0040,Nova Scotia,Internal Medicine,0.23965836390105288,210,141,17,0.12056737588652482,0.8794326241134752,0.009572584785783378,0.363273353027675,47,19
HCP_0041,Nova Scotia,Internal Medicine,0.23965836390105288,254,126,53,0.42063492063492064,0.5793650793650793,-0.051572116175077426,0.18753276774697358,79,19
HCP_0042,Nova Scotia,Internal Medicine,0.23965836390105288,208,143,65,0.45454545454545453,0.5454545454545454,0.1610806651403266,0.3866168674209141,9,8
HCP_0043,Nova Scotia,Internal Medicine,0.23965836390105288,188,137,50,0.36496350364963503,0.635036496350365,0.01030701247723368,0.19552512172421405,32,71
HCP_0044,Nova Scotia,Internal Medicine,0.23965836390105288,176,127,21,0.16535433070866143,0.8346456692913385,-0.011219297638026066,0.2603789328876255,99,14
HCP_0045,Nova Scotia,Internal Medicine,0.23965836390105288,117,73,24,0.3287671232876712,0.6712328767123288,0.06793473075959715,0.2984316496453302,66,97
HCP_0046,Nova Scotia,Cardiology,0.14469108909513737,118,72,16,0.2222222222222222,0.7777777777777778,0.1424900251542545,0.3827072045765784,68,87
HCP_0047,Nova Scotia,Cardiology,0.14469108909513737,129,59,17,0.288135593220339,0.711864406779661,0.3358056238079055,0.13561569591829314,11,96
HCP_0048,Nova Scotia,Cardiology,0.14469108909513737,220,156,63,0.40384615384615385,0.5961538461538461,0.14926833291889077,0.31114584238352483,56,62
HCP_0049,Nova Scotia,Cardiology,0.14469108909513737,172,87,40,0.45977011494252873,0.5402298850574713,0.1891807959666013,0.2322854551504288,43,90
HCP_0050,Nova Scotia,Gastroenterology,0.11601921451498722,74,44,8,0.18181818181818182,0.8181818181818181,-0.010715943878542633,0.1439949992172244,12,20
HCP_0051,Nova Scotia,Gastroenterology,0.11601921451498722,153,79,22,0.27848101265822783,0.7215189873417722,-0.07310417271633715,0.32181239392873673,23,4
HCP_0052,Nova Scotia,Neurology,0.3941612802860897,219,99,20,0.20202020202020202,0.797979797979798,0.05747976195429476,0.24327779806084632,43,34
HCP_0053,Nova Scotia,Neurology,0.3941612802860897,198,129,21,0.16279069767441862,0.8372093023255813,0.06286038983115155,0.28134083722738656,56,84
HCP_0054,Nova Scotia,Psychiatry,0.12488170773683978,175,74,36,0.4864864864864865,0.5135135135135135,-0.07942152896375167,0.16301537400226537,95,67
HCP_0055,Nova Scotia,Psychiatry,0.12488170773683978,203,142,78,0.5492957746478874,0.45070422535211263,0.028964656411518463,0.2184458831396618,15,47
HCP_0056,Nova Scotia,Psychiatry,0.12488170773683978,196,103,26,0.2524271844660194,0.7475728155339806,0.0979181122062957,0.2660739878458235,95,79
HCP_0057,Nova Scotia,Psychiatry,0.12488170773683978,105,42,19,0.4523809523809524,0.5476190476190477,0.09324720740216963,0.1917187849944454,100,94
HCP_0058,Nova Scotia,Psychiatry,0.12488170773683978,127,77,42,0.5454545454545454,0.4545454545454546,0.11051454240611269,0.11943038894669547,99,89
HCP_0059,Nova Scotia,Psychiatry,0.12488170773683978,159,67,35,0.5223880597014925,0.4776119402985075,0.08491576761649317,0.3865741723103564,20,61
HCP_0060,Nova Scotia,Psychiatry,0.12488170773683978,199,102,15,0.14705882352941177,0.8529411764705882,-0.010841039112406692,0.22901363901491611,75,34
HCP_0061,Nova Scotia,Psychiatry,0.12488170773683978,120,82,47,0.573170731707317,0.426829268292683,-0.011668075197861179,0.3068721296006952,50,69
HCP_0062,Nova Scotia,Psychiatry,0.12488170773683978,132,56,14,0.25,0.75,-0.09387416775926512,0.19386651774462038,20,96
HCP_0063,Nova Scotia,Psychiatry,0.12488170773683978,96,71,17,0.23943661971830985,0.7605633802816901,0.2641730047022114,0.17429611740900075,59,20
HCP_0064,Nova Scotia,Psychiatry,0.12488170773683978,93,37,3,0.08108108108108109,0.9189189189189189,0.051614043754315164,0.19250750446349374,50,79
HCP_0065,Nova Scotia,Psychiatry,0.12488170773683978,188,94,30,0.3191489361702128,0.6808510638297872,0.02301763330461777,0.19321882532497742,20,38
HCP_0066,Nova Scotia,Psychiatry,0.12488170773683978,227,158,17,0.10759493670886076,0.8924050632911392,-0.06145504977429504,0.24046304057968376,5,33
HCP_0067,Nova Scotia,Psychiatry,0.12488170773683978,138,73,14,0.1917808219178082,0.8082191780821918,0.40227894827933336,0.24021445449347711,72,14
HCP_0068,Nova Scotia,Psychiatry,0.12488170773683978,201,89,20,0.2247191011235955,0.7752808988764045,-0.07879936386674745,0.2240038355590051,64,5
HCP_0069,Nova Scotia,Pediatrics,0.2648249486139601,234,127,63,0.49606299212598426,0.5039370078740157,-0.0014617510727287994,0.09717502472110334,75,65
HCP_0070,Nova Scotia,Pediatrics,0.2648249486139601,164,83,44,0.5301204819277109,0.4698795180722891,0.09990042035432725,0.2236264174751859,57,87
HCP_0071,Nova Scotia,Pediatrics,0.2648249486139601,234,172,37,0.21511627906976744,0.7848837209302326,0.12202555588931333,0.10918636514722803,77,55
HCP_0072,Nova Scotia,Pediatrics,0.2648249486139601,353,185,97,0.5243243243243243,0.4756756756756757,0.16495184662588208,0.09414752520351782,5,48
HCP_0073,Nova Scotia,Pediatrics,0.2648249486139601,203,145,76,0.5241379310344828,0.4758620689655172,0.26691302093231156,0.3764260010694087,64,91
HCP_0074,Nova Scotia,Pediatrics,0.2648249486139601,356,269,127,0.4721189591078067,0.5278810408921932,0.11073891865528548,0.2617325046016965,85,0
HCP_0075,Nova Scotia,Pediatrics,0.2648249486139601,82,47,6,0.1276595744680851,0.8723404255319149,-0.07672369599600011,0.2808215203436045,33,64
HCP_0076,Nova Scotia,Dermatology,0.5363103623163641,391,299,128,0.4280936454849498,0.5719063545150502,0.01916658498538622,0.19062778461667734,55,27
HCP_0077,Nova Scotia,Dermatology,0.5363103623163641,302,166,95,0.572289156626506,0.42771084337349397,0.08693988470166619,0.36814331217020246,74,99
HCP_0078,Nova Scotia,General Surgery,0.7172241063190541,305,240,102,0.425,0.575,0.2981871249806988,0.27327567135288294,2,19
HCP_0079,Nova Scotia,General Surgery,0.7172241063190541,350,153,36,0.23529411764705882,0.7647058823529411,-0.11773665741091564,0.31920945433325565,41,47
HCP_0080,Nova Scotia,General Surgery,0.7172241063190541,169,114,37,0.32456140350877194,0.6754385964912281,0.1943091806270273,0.17899686415969984,61,71
HCP_0081,Nova Scotia,General Surgery,0.7172241063190541,314,188,76,0.40425531914893614,0.5957446808510638,0.07158972434557001,0.38600415828669393,5,64
HCP_0082,Nova Scotia,General Surgery,0.7172241063190541,384,213,70,0.3286384976525822,0.6713615023474178,0.15053966422753767,0.3371614515554103,5,89
HCP_0083,Nova Scotia,Urology,0.7412390624513446,578,377,44,0.11671087533156499,0.883289124668435,0.03776063400368816,0.3488819620550903,62,50
HCP_0084,Nova Scotia,Urology,0.7412390624513446,287,196,43,0.2193877551020408,0.7806122448979592,-0.05109191561515916,0.11026799359901401,19,42
HCP_0085,Nova Scotia,Orthopedic Surgery,0.637043603328462,241,97,48,0.4948453608247423,0.5051546391752577,0.14010473352815983,0.14483712275492683,20,48
HCP_0086,Nova Scotia,Orthopedic Surgery,0.637043603328462,268,125,65,0.52,0.48,0.12853172325267453,0.149969309889252,1,24
HCP_0087,Nova Scotia,Orthopedic Surgery,0.637043603328462,440,301,38,0.12624584717607973,0.8737541528239203,0.1666468358887666,0.14481822813640494,89,73
HCP_0088,Nova Scotia,Orthopedic Surgery,0.637043603328462,358,239,137,0.5732217573221757,0.42677824267782427,0.04840344375456376,0.3493928567365008,94,75
HCP_0089,Nova Scotia,Ophthalmology,0.8151921117585501,300,236,54,0.2288135593220339,0.771186440677966,-0.021978642798381923,0.06115967832300724,89,40
HCP_0090,Nova Scotia,Ophthalmology,0.8151921117585501,432,304,126,0.4144736842105263,0.5855263157894737,-0.137054439402861,0.07663499614327102,55,70
HCP_0091,Nova Scotia,Ophthalmology,0.8151921117585501,374,292,135,0.4623287671232877,0.5376712328767124,0.14832479217672878,0.1458702047204663,95,63
HCP_0092,Nova Scotia,Ophthalmology,0.8151921117585501,507,345,171,0.4956521739130435,0.5043478260869565,0.10086673789327832,0.11995554112730529,9,60
HCP_0093,Nova Scotia,Obstetrics/Gynecology,0.27728442406743964,165,86,49,0.5697674418604651,0.43023255813953487,-0.06589391594367511,0.13115086485899694,86,11
HCP_0094,Nova Scotia,Obstetrics/Gynecology,0.27728442406743964,188,83,18,0.21686746987951808,0.7831325301204819,-0.0146288407955949,0.329280116238655,69,80
HCP_0095,Nova Scotia,Obstetrics/Gynecology,0.27728442406743964,184,131,68,0.5190839694656488,0.48091603053435117,-0.006011057434172858,0.24709430786221642,22,68
HCP_0096,Nova Scotia,Obstetrics/Gynecology,0.27728442406743964,126,83,10,0.12048192771084337,0.8795180722891567,-0.12795813183789018,0.0520197314525388,91,13
HCP_0097,Nova Scotia,Obstetrics/Gynecology,0.27728442406743964,234,98,43,0.4387755102040816,0.5612244897959184,-0.04812188759261604,0.20026296799646837,29,33
HCP_0098,Nova Scotia,Obstetrics/Gynecology,0.27728442406743964,231,126,58,0.4603174603174603,0.5396825396825398,-0.0860596428167625,0.19275972439762562,77,47
HCP_0099,New Brunswick,Internal Medicine,0.46573192626934257,273,214,90,0.4205607476635514,0.5794392523364487,0.0005025185734476023,0.08988084430559024,36,60
HCP_0100,New Brunswick,Internal Medicine,0.46573192626934257,251,151,29,0.19205298013245034,0.8079470198675497,-0.03864369979954753,0.28664962601051003,54,80
HCP_0101,New Brunswick,Internal Medicine,0.46573192626934257,166,95,50,0.5263157894736842,0.4736842105263158,-0.14524059050400984,0.2957340159328219,95,34
HCP_0102,New Brunswick,Internal Medicine,0.46573192626934257,236,138,20,0.14492753623188406,0.855072463768116,0.2927108276683378,0.3023126266682342,48,64
HCP_0103,New Brunswick,Internal Medicine,0.46573192626934257,242,117,9,0.07692307692307693,0.9230769230769231,0.20030488772350769,0.30496483094550725,33,58
HCP_0104,New Brunswick,Cardiology,0.6490718001942408,243,133,59,0.44360902255639095,0.5563909774436091,-0.04348233058239827,0.05001848942630388,43,35
HCP_0105,New Brunswick,Cardiology,0.6490718001942408,305,167,52,0.31137724550898205,0.688622754491018,0.08269056759843318,0.38387228134635276,21,78
HCP_0106,New Brunswick,Cardiology,0.6490718001942408,371,156,81,0.5192307692307693,0.4807692307692307,0.1000958107785554,0.3349730684691321,30,18
HCP_0107,New Brunswick,Gastroenterology,0.9882464288542133,769,544,142,0.2610294117647059,0.7389705882352942,0.19293030257281724,0.36639359380624986,6,41
HCP_0108,New Brunswick,Neurology,0.5084010438098067,303,172,25,0.14534883720930233,0.8546511627906976,-0.048232603199209426,0.05547515335760195,20,68
HCP_0109,New Brunswick,Neurology,0.5084010438098067,312,227,116,0.5110132158590308,0.4889867841409692,0.18105281407789114,0.3768505785250088,15,18
HCP_0110,New Brunswick,Psychiatry,0.36367654367980756,235,174,61,0.3505747126436782,0.6494252873563218,-0.0157486365048322,0.33342598504083665,19,38
HCP_0111,New Brunswick,Psychiatry,0.36367654367980756,123,60,9,0.15,0.85,-0.1103034885002336,0.34302670003554453,42,68
HCP_0112,New Brunswick,Psychiatry,0.36367654367980756,239,158,71,0.44936708860759494,0.5506329113924051,0.13689638711773966,0.08265058465268899,43,51
HCP_0113,New Brunswick,Psychiatry,0.36367654367980756,246,145,48,0.3310344827586207,0.6689655172413793,0.20489101089469136,0.3085723101215092,46,11
HCP_0114,New Brunswick,Psychiatry,0.36367654367980756,571,429,164,0.3822843822843823,0.6177156177156178,0.36054907682368215,0.38597084137473187,18,82
HCP_0115,New Brunswick,Psychiatry,0.36367654367980756,226,110,33,0.3,0.7,-0.09396703181082562,0.28749156949635624,47,46
HCP_0116,New Brunswick,Psychiatry,0.36367654367980756,268,180,91,0.5055555555555555,0.49444444444444446,0.13387036220969467,0.2496964916186123,95,75
HCP_0117,New Brunswick,Pediatrics,0.569938076838692,298,192,97,0.5052083333333334,0.49479166666666663,0.0008238507447760404,0.380970387212149,78,35
HCP_0118,New Brunswick,Pediatrics,0.569938076838692,201,104,46,0.4423076923076923,0.5576923076923077,0.14400304526288377,0.20502799260705262,68,62
HCP_0119,New Brunswick,Pediatrics,0.569938076838692,450,205,22,0.1073170731707317,0.8926829268292683,-0.12645874614775005,0.25975274820866756,10,75
HCP_0120,New Brunswick,Pediatrics,0.569938076838692,393,260,133,0.5115384615384615,0.4884615384615385,-0.10153237308382769,0.21671840272302817,78,81
HCP_0121,New Brunswick,Pediatrics,0.569938076838692,398,277,116,0.4187725631768953,0.5812274368231047,-0.043104978779978056,0.3764961774761047,28,50
HCP_0122,New Brunswick,Dermatology,0.8280815046853209,265,139,60,0.4316546762589928,0.5683453237410072,0.05947568548017014,0.07662965436792754,44,42
HCP_0123,New Brunswick,General Surgery,0.7636248983815582,571,376,94,0.25,0.75,-0.026929751984602637,0.22539189528887188,67,33
HCP_0124,New Brunswick,General Surgery,0.7636248983815582,214,119,63,0.5294117647058824,0.47058823529411764,0.12908652126961034,0.2904333544849034,35,96
HCP_0125,New Brunswick,General Surgery,0.7636248983815582,429,294,132,0.4489795918367347,0.5510204081632653,0.17322735419094973,0.3271672884477829,47,48
HCP_0126,New Brunswick,General Surgery,0.7636248983815582,752,361,40,0.11080332409972299,0.889196675900277,0.1219493049494427,0.25405652660544775,86,17
HCP_0127,New Brunswick,Urology,0.5408313817759403,208,157,43,0.27388535031847133,0.7261146496815287,0.24425451675930415,0.3681212104425089,14,60
HCP_0128,New Brunswick,Urology,0.5408313817759403,241,124,67,0.5403225806451613,0.45967741935483875,0.09989919553464116,0.3796970064093551,43,56
HCP_0129,New Brunswick,Orthopedic Surgery,1.012103355149148,417,228,17,0.07456140350877193,0.9254385964912281,-0.09602760524082003,0.07251172811775423,66,92
HCP_0130,New Brunswick,Orthopedic Surgery,1.012103355149148,337,143,83,0.5804195804195804,0.4195804195804196,0.2136051816246008,0.19082968883948104,95,4
HCP_0131,New Brunswick,Orthopedic Surgery,1.012103355149148,234,104,44,0.4230769230769231,0.5769230769230769,-0.022618748272719688,0.058210657602404056,73,88
HCP_0132,New Brunswick,Ophthalmology,0.7363157741451272,352,213,85,0.39906103286384975,0.6009389671361502,0.1592502199622684,0.16529583008105503,39,23
HCP_0133,New Brunswick,Ophthalmology,0.7363157741451272,237,120,24,0.2,0.8,0.23884810598661277,0.23790387628971077,85,92
HCP_0134,New Brunswick,Ophthalmology,0.7363157741451272,405,297,55,0.18518518518518517,0.8148148148148149,0.1048025612876479,0.3687782256784821,13,63
HCP_0135,New Brunswick,Obstetrics/Gynecology,0.692421826300984,241,98,56,0.5714285714285714,0.4285714285714286,-0.12953905757975798,0.346294012862891,62,58
HCP_0136,New Brunswick,Obstetrics/Gynecology,0.692421826300984,573,316,68,0.21518987341772153,0.7848101265822784,-0.06018545998117497,0.09462490433519502,80,37
HCP_0137,New Brunswick,Obstetrics/Gynecology,0.692421826300984,253,135,64,0.4740740740740741,0.5259259259259259,0.2087293360262163,0.0825606311593135,84,32
HCP_0138,New Brunswick,Obstetrics/Gynecology,0.692421826300984,297,121,32,0.2644628099173554,0.7355371900826446,0.02970527772286204,0.2562435685648335,50,9
HCP_0139,New Brunswick,Obstetrics/Gynecology,0.692421826300984,442,199,25,0.12562814070351758,0.8743718592964824,0.0595488241930599,0.23624129036057395,78,36
HCP_0140,Quebec,Internal Medicine,3.2946590478052054,472,267,15,0.056179775280898875,0.9438202247191011,0.14105892993963312,0.14323217450050835,57,96
HCP_0141,Quebec,Internal Medicine,3.2946590478052054,786,469,164,0.34968017057569295,0.6503198294243071,0.1335587434496388,0.36480857959384233,14,86
HCP_0142,Quebec,Internal Medicine,3.2946590478052054,1147,644,378,0.5869565217391305,0.4130434782608695,0.08345597748625529,0.3745782433115437,64,10
HCP_0143,Quebec,Internal Medicine,3.2946590478052054,414,254,64,0.25196850393700787,0.7480314960629921,0.024959795453544105,0.19091400341905695,87,23
HCP_0144,Quebec,Internal Medicine,3.2946590478052054,775,494,122,0.24696356275303644,0.7530364372469636,0.012479786512117126,0.3616058949897321,54,87
HCP_0145,Quebec,Internal Medicine,3.2946590478052054,795,321,77,0.2398753894080997,0.7601246105919003,0.15294785903496116,0.18438211299204044,75,70
HCP_0146,Quebec,Internal Medicine,3.2946590478052054,955,559,188,0.3363148479427549,0.6636851520572451,0.1164283437281352,0.30788589114039505,9,20
HCP_0147,Quebec,Internal Medicine,3.2946590478052054,471,370,108,0.2918918918918919,0.7081081081081081,0.019123999925865248,0.21657977614170348,41,19
HCP_0148,Quebec,Internal Medicine,3.2946590478052054,457,278,148,0.5323741007194245,0.4676258992805755,0.17985347755917686,0.09290410477751405,94,9
HCP_0149,Quebec,Internal Medicine,3.2946590478052054,872,585,192,0.3282051282051282,0.6717948717948719,0.03451590618442595,0.37477697043295755,10,88
HCP_0150,Quebec,Internal Medicine,3.2946590478052054,806,423,139,0.32860520094562645,0.6713947990543736,-0.052199460920127186,0.20893380768213782,15,46
HCP_0151,Quebec,Internal Medicine,3.2946590478052054,793,563,71,0.1261101243339254,0.8738898756660746,-0.04107648386840136,0.3070704641128413,72,99
HCP_0152,Quebec,Internal Medicine,3.2946590478052054,820,582,344,0.5910652920962199,0.40893470790378006,-0.06744890035717192,0.17851083505095228,77,46
HCP_0153,Quebec,Internal Medicine,3.2946590478052054,572,348,65,0.1867816091954023,0.8132183908045977,0.01731079800755754,0.05660830750168214,18,14
HCP_0154,Quebec,Internal Medicine,3.2946590478052054,788,623,56,0.0898876404494382,0.9101123595505618,0.19804691340034314,0.08518562554214257,30,43
HCP_0155,Quebec,Internal Medicine,3.2946590478052054,804,362,150,0.4143646408839779,0.5856353591160222,-0.04661142172366105,0.22367681782147358,72,61
HCP_0156,Quebec,Internal Medicine,3.2946590478052054,565,230,87,0.3782608695652174,0.6217391304347826,0.07261709132217235,0.29148752499422687,99,5
HCP_0157,Quebec,Internal Medicine,3.2946590478052054,1395,988,275,0.2783400809716599,0.7216599190283401,-0.028802721475289575,0.1671573643027477,52,100
HCP_0158,Quebec,Internal Medicine,3.2946590478052054,857,619,175,0.2827140549273021,0.7172859450726978,0.018762915047427497,0.29342096071217766,89,65
HCP_0159,Quebec,Internal Medicine,3.2946590478052054,479,215,104,0.48372093023255813,0.5162790697674419,-0.13120494543823025,0.2945224563011846,7,75
HCP_0160,Quebec,Internal Medicine,3.2946590478052054,914,463,73,0.15766738660907129,0.8423326133909287,0.023535412501215516,0.2963775675647408,23,3
HCP_0161,Quebec,Internal Medicine,3.2946590478052054,516,210,105,0.5,0.5,0.026755354423404556,0.22238264890717796,7,22
HCP_0162,Quebec,Internal Medicine,3.2946590478052054,956,495,201,0.40606060606060607,0.593939393939394,0.11483455328428345,0.3702101525425264,82,12
HCP_0163,Quebec,Internal Medicine,3.2946590478052054,1089,772,216,0.27979274611398963,0.7202072538860104,0.07679370959064447,0.22121878129321548,47,80
HCP_0164,Quebec,Internal Medicine,3.2946590478052054,545,331,100,0.3021148036253776,0.6978851963746224,-0.09380705499424542,0.20759281772382338,29,30
HCP_0165,Quebec,Internal Medicine,3.2946590478052054,1017,548,105,0.19160583941605838,0.8083941605839416,0.18010378928522514,0.11978328665371946,57,15
HCP_0166,Quebec,Internal Medicine,3.2946590478052054,839,460,213,0.46304347826086956,0.5369565217391304,0.07523636482663945,0.1576792805747178,85,40
HCP_0167,Quebec,Internal Medicine,3.2946590478052054,968,388,129,0.3324742268041237,0.6675257731958764,0.0738072220612984,0.06481707238140617,54,89
HCP_0168,Quebec,Internal Medicine,3.2946590478052054,1410,733,166,0.22646657571623466,0.7735334242837654,0.04889811759378333,0.2717373527656596,72,91
HCP_0169,Quebec,Internal Medicine,3.2946590478052054,666,439,166,0.37813211845102507,0.6218678815489749,-0.012130893666666365,0.13698751037448254,61,0
HCP_0170,Quebec,Internal Medicine,3.2946590478052054,558,441,264,0.5986394557823129,0.4013605442176871,0.07613628076984713,0.1564543390699128,47,11
HCP_0171,Quebec,Internal Medicine,3.2946590478052054,532,393,114,0.2900763358778626,0.7099236641221374,0.10707061231142989,0.3197850825825124,3,100
HCP_0172,Quebec,Internal Medicine,3.2946590478052054,546,224,125,0.5580357142857143,0.4419642857142857,-0.15962748296146656,0.16452741410650887,36,55
HCP_0173,Quebec,Internal Medicine,3.2946590478052054,707,537,129,0.24022346368715083,0.7597765363128491,-0.014651300481531473,0.13476856220459976,7,49
HCP_0174,Quebec,Internal Medicine,3.2946590478052054,818,583,47,0.08061749571183534,0.9193825042881647,0.019406363551569286,0.10917021219679701,0,19
HCP_0175,Quebec,Internal Medicine,3.2946590478052054,800,570,93,0.1631578947368421,0.8368421052631578,0.08074047268331339,0.3212004407636846,91,65
HCP_0176,Quebec,Internal Medicine,3.2946590478052054,970,566,159,0.28091872791519434,0.7190812720848057,0.19319732071125512,0.09539719029650942,69,35
HCP_0177,Quebec,Internal Medicine,3.2946590478052054,729,408,70,0.1715686274509804,0.8284313725490196,-0.042608897751613875,0.20881381608762373,46,78
HCP_0178,Quebec,Internal Medicine,3.2946590478052054,1208,630,32,0.050793650793650794,0.9492063492063492,-0.009755421618141039,0.22742554062701809,99,37
HCP_0179,Quebec,Internal Medicine,3.2946590478052054,662,282,156,0.5531914893617021,0.44680851063829785,-0.011504093277586003,0.2905864694400001,74,21
HCP_0180,Quebec,Internal Medicine,3.2946590478052054,1881,924,475,0.5140692640692641,0.4859307359307359,-0.04618331081254498,0.27164921881654847,4,60
HCP_0181,Quebec,Internal Medicine,3.2946590478052054,904,451,207,0.458980044345898,0.541019955654102,0.00833762058652851,0.3337522355308112,49,49
HCP_0182,Quebec,Internal Medicine,3.2946590478052054,538,319,45,0.14106583072100312,0.8589341692789969,0.14249626639855656,0.06566300187418336,23,95
HCP_0183,Quebec,Internal Medicine,3.2946590478052054,499,349,41,0.1174785100286533,0.8825214899713467,-0.07646025944372146,0.15375425367278905,46,58
HCP_0184,Quebec,Internal Medicine,3.2946590478052054,860,507,44,0.08678500986193294,0.9132149901380671,0.10133772741834839,0.14804694157138293,17,19
HCP_0185,Quebec,Internal Medicine,3.2946590478052054,671,284,127,0.4471830985915493,0.5528169014084507,-0.15422826760220026,0.10110591695723789,83,35
HCP_0186,Quebec,Internal Medicine,3.2946590478052054,932,730,409,0.5602739726027397,0.4397260273972603,-0.017360559573064704,0.1512123888497551,27,96
HCP_0187,Quebec,Internal Medicine,3.2946590478052054,857,666,191,0.28678678678678676,0.7132132132132132,0.010461283973841676,0.15841785995001623,76,14
HCP_0188,Quebec,Internal Medicine,3.2946590478052054,708,506,58,0.11462450592885376,0.8853754940711462,0.2509831607496878,0.23265956167461743,4,61
HCP_0189,Quebec,Internal Medicine,3.2946590478052054,540,430,143,0.3325581395348837,0.6674418604651162,0.017023723429677444,0.28229656762418964,29,2
HCP_0190,Quebec,Internal Medicine,3.2946590478052054,427,264,64,0.24242424242424243,0.7575757575757576,-0.2141492168141102,0.18338517976413493,0,92
HCP_0191,Quebec,Internal Medicine,3.2946590478052054,621,488,125,0.25614754098360654,0.7438524590163935,-0.18986666882334996,0.30181458095968344,85,90
HCP_0192,Quebec,Internal Medicine,3.2946590478052054,980,422,165,0.3909952606635071,0.6090047393364929,0.05408355036160172,0.16765786850285302,81,4
HCP_0193,Quebec,Internal Medicine,3.2946590478052054,783,428,191,0.4462616822429907,0.5537383177570093,0.12365250269478904,0.15159928706016612,45,55
HCP_0194,Quebec,Internal Medicine,3.2946590478052054,469,230,25,0.10869565217391304,0.8913043478260869,0.09505470291527034,0.23941581954995855,68,30
HCP_0195,Quebec,Internal Medicine,3.2946590478052054,771,369,26,0.07046070460704607,0.929539295392954,0.07010841269611884,0.05830072610702672,30,85
HCP_0196,Quebec,Internal Medicine,3.2946590478052054,831,379,226,0.5963060686015831,0.4036939313984169,0.18947115170068002,0.07792619327190013,69,34
HCP_0197,Quebec,Internal Medicine,3.2946590478052054,533,346,62,0.1791907514450867,0.8208092485549133,-0.01475094648845579,0.1962893402552845,90,70
HCP_0198,Quebec,Internal Medicine,3.2946590478052054,766,546,43,0.07875457875457875,0.9212454212454213,0.157389266723219,0.38001944898711476,55,69
HCP_0199,Quebec,Internal Medicine,3.2946590478052054,741,468,72,0.15384615384615385,0.8461538461538461,-0.14584178620317007,0.3025291229451983,88,25
HCP_0200,Quebec,Internal Medicine,3.2946590478052054,487,223,16,0.07174887892376682,0.9282511210762332,-0.05859373995256795,0.08084429932519521,92,0
HCP_0201,Quebec,Internal Medicine,3.2946590478052054,823,596,158,0.2651006711409396,0.7348993288590604,-0.16684496739181792,0.34621130447330584,27,82
HCP_0202,Quebec,Internal Medicine,3.2946590478052054,883,578,284,0.4913494809688581,0.5086505190311419,0.017018563919624932,0.30630526971286337,15,6
HCP_0203,Quebec,Internal Medicine,3.2946590478052054,1061,589,140,0.23769100169779286,0.7623089983022071,0.0444486539280389,0.26383128399592864,53,35
HCP_0204,Quebec,Internal Medicine,3.2946590478052054,1050,703,207,0.29445234708392604,0.705547652916074,0.06369217906718239,0.33710253621321207,52,75
HCP_0205,Quebec,Internal Medicine,3.2946590478052054,448,226,95,0.42035398230088494,0.5796460176991151,0.05742600234645623,0.19143844671003502,11,83
HCP_0206,Quebec,Internal Medicine,3.2946590478052054,523,281,93,0.3309608540925267,0.6690391459074734,-0.06130639969740735,0.1275253677988485,19,86
HCP_0207,Quebec,Internal Medicine,3.2946590478052054,869,667,349,0.5232383808095952,0.47676161919040483,0.02717109867041412,0.22920818618806577,81,24
HCP_0208,Quebec,Internal Medicine,3.2946590478052054,869,449,236,0.5256124721603563,0.47438752783964366,-0.12969360023268983,0.24209461445771585,33,93
HCP_0209,Quebec,Cardiology,3.48654843928091,894,526,29,0.055133079847908745,0.9448669201520913,0.21358747701587005,0.23841423020346925,52,58
HCP_0210,Quebec,Cardiology,3.48654843928091,2877,2175,1039,0.47770114942528735,0.5222988505747126,0.013564871252239888,0.24777582701803685,63,60
HCP_0211,Quebec,Cardiology,3.48654843928091,912,623,189,0.30337078651685395,0.696629213483146,-0.008666334285242945,0.3820467213837133,22,28
HCP_0212,Quebec,Cardiology,3.48654843928091,1111,472,280,0.5932203389830508,0.4067796610169492,0.24067283941328993,0.36578596808368097,26,94
HCP_0213,Quebec,Cardiology,3.48654843928091,1043,479,151,0.31524008350730687,0.6847599164926932,-0.0990695840259075,0.3565009627956288,16,17
HCP_0214,Quebec,Cardiology,3.48654843928091,938,378,224,0.5925925925925926,0.40740740740740744,-0.08507045368383627,0.33049588381801953,47,40
HCP_0215,Quebec,Cardiology,3.48654843928091,669,436,203,0.46559633027522934,0.5344036697247707,-0.0815464389842278,0.3801998375428499,20,18
HCP_0216,Quebec,Cardiology,3.48654843928091,974,564,105,0.18617021276595744,0.8138297872340425,0.04185543419606218,0.08447312458779115,49,3
HCP_0217,Quebec,Cardiology,3.48654843928091,570,259,90,0.3474903474903475,0.6525096525096525,0.10179579555651168,0.14279314150600883,39,64
HCP_0218,Quebec,Cardiology,3.48654843928091,687,538,320,0.5947955390334573,0.4052044609665427,0.13876105617414003,0.2232695809791047,94,40
HCP_0219,Quebec,Cardiology,3.48654843928091,630,385,201,0.522077922077922,0.47792207792207797,0.35863943809939625,0.34628707259319186,2,14
HCP_0220,Quebec,Cardiology,3.48654843928091,769,382,40,0.10471204188481675,0.8952879581151832,-0.21993189450409167,0.2268079990329564,16,53
HCP_0221,Quebec,Cardiology,3.48654843928091,1679,1008,442,0.4384920634920635,0.5615079365079365,0.12304827069493003,0.31181215876955604,60,63
HCP_0222,Quebec,Cardiology,3.48654843928091,389,261,63,0.2413793103448276,0.7586206896551724,-0.01685566870866774,0.09863596683712068,49,71
HCP_0223,Quebec,Cardiology,3.48654843928091,950,409,22,0.05378973105134474,0.9462102689486552,-0.020369817866652803,0.13834483454179608,89,14
HCP_0224,Quebec,Cardiology,3.48654843928091,425,217,59,0.271889400921659,0.728110599078341,-0.024372655390465306,0.30612163326318537,86,78
HCP_0225,Quebec,Cardiology,3.48654843928091,633,458,82,0.17903930131004367,0.8209606986899564,-0.05905236049695679,0.10765690311070342,5,49
HCP_0226,Quebec,Cardiology,3.48654843928091,1093,638,319,0.5,0.5,0.2521429801524142,0.17297457712922437,27,21
HCP_0227,Quebec,Cardiology,3.48654843928091,764,473,111,0.2346723044397463,0.7653276955602537,0.15107567924166831,0.14270319023475,71,17
HCP_0228,Quebec,Cardiology,3.48654843928091,512,293,148,0.5051194539249146,0.49488054607508536,0.05278351742688498,0.1724515929778675,54,79
HCP_0229,Quebec,Cardiology,3.48654843928091,581,243,12,0.04938271604938271,0.9506172839506173,0.21212189029844003,0.29791341717728964,57,1
HCP_0230,Quebec,Cardiology,3.48654843928091,947,442,97,0.21945701357466063,0.7805429864253394,-0.13150347583586508,0.17874651339998038,44,35
HCP_0231,Quebec,Cardiology,3.48654843928091,578,334,61,0.18263473053892215,0.8173652694610778,-0.10968461575971113,0.2443421629127791,71,19
HCP_0232,Quebec,Cardiology,3.48654843928091,806,390,70,0.1794871794871795,0.8205128205128205,-0.21135612786336255,0.08497615696904338,18,15
HCP_0233,Quebec,Cardiology,3.48654843928091,759,319,28,0.0877742946708464,0.9122257053291536,-0.033929744814794494,0.33175619263211975,28,66
HCP_0234,Quebec,Cardiology,3.48654843928091,595,439,67,0.15261958997722094,0.8473804100227791,0.06940382320457035,0.1794610189768437,22,29
HCP_0235,Quebec,Cardiology,3.48654843928091,1582,1254,446,0.35566188197767146,0.6443381180223285,0.06234302935188009,0.27698695566166986,31,54
HCP_0236,Quebec,Cardiology,3.48654843928091,932,668,140,0.20958083832335328,0.7904191616766467,0.06792102932718566,0.3038863605816414,9,65
HCP_0237,Quebec,Cardiology,3.48654843928091,368,273,76,0.2783882783882784,0.7216117216117216,-0.11932681972792981,0.12338132273909515,90,98
HCP_0238,Quebec,Cardiology,3.48654843928091,797,396,102,0.25757575757575757,0.7424242424242424,0.14637856911368263,0.3596362447336725,48,25
HCP_0239,Quebec,Cardiology,3.48654843928091,592,464,247,0.5323275862068966,0.4676724137931034,0.07875530218867975,0.26567848806243355,64,56
HCP_0240,Quebec,Cardiology,3.48654843928091,1007,482,264,0.5477178423236515,0.4522821576763485,0.1379665137759198,0.20005379961301856,28,68
HCP_0241,Quebec,Cardiology,3.48654843928091,566,442,142,0.3212669683257919,0.6787330316742082,-0.1771314613108062,0.11381731425237684,58,1
HCP_0242,Quebec,Cardiology,3.48654843928091,717,572,132,0.23076923076923078,0.7692307692307692,0.08737890305573479,0.37980532826542235,44,55
HCP_0243,Quebec,Gastroenterology,3.613799779947457,907,621,68,0.10950080515297907,0.8904991948470209,-0.09253182879010323,0.31427387144606883,66,83
HCP_0244,Quebec,Gastroenterology,3.613799779947457,1030,816,469,0.5747549019607843,0.42524509803921573,0.002321209693836583,0.12280859695663711,50,61
HCP_0245,Quebec,Gastroenterology,3.613799779947457,500,314,26,0.08280254777070063,0.9171974522292994,0.11412378783636601,0.1681987711534786,100,33
HCP_0246,Quebec,Gastroenterology,3.613799779947457,676,341,73,0.21407624633431085,0.7859237536656891,0.06093123275070958,0.33338599033082567,94,97
HCP_0247,Quebec,Gastroenterology,3.613799779947457,644,370,79,0.21351351351351353,0.7864864864864864,-0.05218479757351825,0.2934871821253687,10,55
HCP_0248,Quebec,Gastroenterology,3.613799779947457,605,386,87,0.22538860103626943,0.7746113989637305,0.050752778742130196,0.3180245024505035,85,54
HCP_0249,Quebec,Gastroenterology,3.613799779947457,1411,606,85,0.14026402640264027,0.8597359735973598,-0.13378423782923715,0.20442038577452637,81,19
HCP_0250,Quebec,Gastroenterology,3.613799779947457,876,568,273,0.48063380281690143,0.5193661971830985,0.18803208750779554,0.3007666919247584,98,49
HCP_0251,Quebec,Gastroenterology,3.613799779947457,489,388,46,0.11855670103092783,0.8814432989690721,0.025365917660449853,0.1852728030023698,5,24
HCP_0252,Quebec,Gastroenterology,3.613799779947457,1048,499,199,0.39879759519038077,0.6012024048096192,0.1842259933106391,0.12394202092836876,66,83
HCP_0253,Quebec,Gastroenterology,3.613799779947457,1598,1146,135,0.11780104712041885,0.8821989528795812,-0.013183802451525159,0.271436962194476,61,24
HCP_0254,Quebec,Gastroenterology,3.613799779947457,1091,833,74,0.08883553421368548,0.9111644657863145,-0.01282911860878995,0.391604873959578,4,52
HCP_0255,Quebec,Gastroenterology,3.613799779947457,447,348,191,0.5488505747126436,0.45114942528735635,-0.04170241439654157,0.15871033998836537,8,13
HCP_0256,Quebec,Gastroenterology,3.613799779947457,642,503,78,0.1550695825049702,0.8449304174950298,0.15514087180316904,0.2113393572743889,27,59
HCP_0257,Quebec,Gastroenterology,3.613799779947457,1185,721,362,0.5020804438280166,0.49791955617198336,-0.03513173887941709,0.2859004798744488,82,42
HCP_0258,Quebec,Gastroenterology,3.613799779947457,594,470,164,0.34893617021276596,0.651063829787234,0.12735145188982117,0.23952719874287076,91,61
HCP_0259,Quebec,Gastroenterology,3.613799779947457,888,624,58,0.09294871794871795,0.907051282051282,0.004105712279685175,0.34519972849816727,90,75
HCP_0260,Quebec,Gastroenterology,3.613799779947457,997,463,266,0.5745140388768899,0.4254859611231101,-0.18711559598699434,0.31660994726433056,76,68
HCP_0261,Quebec,Neurology,5.709377405478776,691,408,76,0.18627450980392157,0.8137254901960784,-0.01843768813437592,0.07040402135182497,37,62
HCP_0262,Quebec,Neurology,5.709377405478776,936,643,336,0.5225505443234837,0.4774494556765163,-0.09149298572354177,0.39944743187332094,42,1
HCP_0263,Quebec,Neurology,5.709377405478776,307,153,22,0.1437908496732026,0.8562091503267975,0.0540683268418805,0.31334085880181356,20,53
HCP_0264,Quebec,Neurology,5.709377405478776,668,438,228,0.5205479452054794,0.4794520547945206,-0.09284892828093881,0.35236616070293963,90,15
HCP_0265,Quebec,Neurology,5.709377405478776,875,583,33,0.05660377358490566,0.9433962264150944,0.16111701208575402,0.2779191992333713,61,54
HCP_0266,Quebec,Neurology,5.709377405478776,618,287,95,0.3310104529616725,0.6689895470383276,0.03907089675763674,0.3496997948163668,45,93
HCP_0267,Quebec,Neurology,5.709377405478776,1692,1059,501,0.4730878186968839,0.5269121813031161,0.028688480628951327,0.0893340412250483,69,42
HCP_0268,Quebec,Neurology,5.709377405478776,579,410,231,0.5634146341463414,0.4365853658536586,0.12870705653450992,0.17170824244576047,37,60
HCP_0269,Quebec,Neurology,5.709377405478776,819,491,270,0.5498981670061099,0.45010183299389006,0.1656688320891035,0.35674733026157246,48,37
HCP_0270,Quebec,Neurology,5.709377405478776,1001,405,203,0.5012345679012346,0.49876543209876545,0.0475881497876418,0.1205793239434123,74,44
HCP_0271,Quebec,Neurology,5.709377405478776,1583,639,344,0.5383411580594679,0.4616588419405321,-0.04254403594591487,0.07738473450300797,80,50
HCP_0272,Quebec,Neurology,5.709377405478776,578,314,50,0.1592356687898089,0.8407643312101911,-0.1628763539334555,0.32584162898082664,38,41
HCP_0273,Quebec,Neurology,5.709377405478776,1436,1106,228,0.20614828209764918,0.7938517179023508,-0.03232597084422159,0.34242015447515367,70,23
HCP_0274,Quebec,Neurology,5.709377405478776,959,471,98,0.208067940552017,0.7919320594479831,-0.02406546959775538,0.10692827636646522,29,29
HCP_0275,Quebec,Neurology,5.709377405478776,678,443,114,0.25733634311512416,0.7426636568848759,0.06284689435907562,0.3490210939739504,20,36
HCP_0276,Quebec,Neurology,5.709377405478776,1124,549,146,0.2659380692167577,0.7340619307832423,0.008582374263436748,0.2903687284590094,0,52
HCP_0277,Quebec,Neurology,5.709377405478776,1025,542,189,0.34870848708487084,0.6512915129151291,0.13255195664617136,0.2320289391258044,88,62
HCP_0278,Quebec,Neurology,5.709377405478776,775,573,79,0.13787085514834205,0.8621291448516579,-0.02355799255248274,0.3405875674734848,31,10
HCP_0279,Quebec,Neurology,5.709377405478776,979,677,291,0.4298375184638109,0.5701624815361891,0.043155059977646994,0.19673723726163805,7,77
HCP_0280,Quebec,Neurology,5.709377405478776,835,366,52,0.14207650273224043,0.8579234972677596,0.19207849318362674,0.11789788467818903,68,22
HCP_0281,Quebec,Neurology,5.709377405478776,995,569,126,0.22144112478031636,0.7785588752196837,0.09101902567459598,0.14969843681371478,29,79
HCP_0282,Quebec,Psychiatry,2.4043065000559802,782,322,105,0.32608695652173914,0.6739130434782609,0.042795494997372265,0.22680740640266023,7,49
HCP_0283,Quebec,Psychiatry,2.4043065000559802,1081,640,312,0.4875,0.5125,-0.022233333032221234,0.23596577743561153,18,84
HCP_0284,Quebec,Psychiatry,2.4043065000559802,402,267,122,0.45692883895131087,0.5430711610486891,-0.02598776760579724,0.3319532892544318,58,54
HCP_0285,Quebec,Psychiatry,2.4043065000559802,1309,586,237,0.4044368600682594,0.5955631399317406,-0.05207359035423373,0.32697345327831706,54,54
HCP_0286,Quebec,Psychiatry,2.4043065000559802,313,161,22,0.13664596273291926,0.8633540372670807,-0.014920823893947915,0.25347829502160124,29,3
HCP_0287,Quebec,Psychiatry,2.4043065000559802,588,329,115,0.3495440729483283,0.6504559270516717,0.14067990064931774,0.32327491917791673,78,96
HCP_0288,Quebec,Psychiatry,2.4043065000559802,762,585,57,0.09743589743589744,0.9025641025641026,0.02337340744492776,0.11712071040278485,35,53
HCP_0289,Quebec,Psychiatry,2.4043065000559802,684,545,140,0.25688073394495414,0.7431192660550459,-0.11197276832574772,0.06752258448265303,54,60
HCP_0290,Quebec,Psychiatry,2.4043065000559802,499,209,58,0.27751196172248804,0.722488038277512,0.262180315167174,0.35577183792214506,43,77
HCP_0291,Quebec,Psychiatry,2.4043065000559802,577,406,29,0.07142857142857142,0.9285714285714286,0.08839582293741957,0.07644407281696936,26,82
HCP_0292,Quebec,Psychiatry,2.4043065000559802,522,286,57,0.1993006993006993,0.8006993006993007,-0.1188332080615803,0.13634095041039906,76,4
HCP_0293,Quebec,Psychiatry,2.4043065000559802,505,281,162,0.5765124555160143,0.42348754448398573,-0.003021871268898857,0.29336163236853463,77,99
HCP_0294,Quebec,Psychiatry,2.4043065000559802,835,586,337,0.5750853242320819,0.4249146757679181,0.06330636593941015,0.1933067781695582,100,94
HCP_0295,Quebec,Psychiatry,2.4043065000559802,703,539,131,0.24304267161410018,0.7569573283858998,0.2545510511956852,0.3567098894704281,53,17
HCP_0296,Quebec,Psychiatry,2.4043065000559802,487,380,28,0.07368421052631578,0.9263157894736842,-0.08297349499106431,0.15429292813179435,47,43
HCP_0297,Quebec,Psychiatry,2.4043065000559802,850,536,80,0.14925373134328357,0.8507462686567164,0.1671248863227136,0.054154971334275756,29,30
HCP_0298,Quebec,Psychiatry,2.4043065000559802,691,375,100,0.26666666666666666,0.7333333333333334,0.21793837123668114,0.15522947419626046,38,93
HCP_0299,Quebec,Psychiatry,2.4043065000559802,824,589,336,0.5704584040747029,0.42954159592529706,-0.025438516608948414,0.2523262672146911,12,20
HCP_0300,Quebec,Psychiatry,2.4043065000559802,773,387,49,0.12661498708010335,0.8733850129198967,0.01669836573677199,0.1815784313911527,15,46
HCP_0301,Quebec,Psychiatry,2.4043065000559802,464,290,136,0.4689655172413793,0.5310344827586206,-0.07435710968485243,0.23720546451556435,43,29
HCP_0302,Quebec,Psychiatry,2.4043065000559802,510,277,30,0.10830324909747292,0.8916967509025271,0.025584663070363417,0.3568093415922566,70,54
HCP_0303,Quebec,Psychiatry,2.4043065000559802,806,534,315,0.5898876404494382,0.4101123595505618,0.04560920307884826,0.369369768980629,26,67
HCP_0304,Quebec,Psychiatry,2.4043065000559802,768,381,99,0.25984251968503935,0.7401574803149606,0.12915799976988446,0.14309092262893924,44,68
HCP_0305,Quebec,Psychiatry,2.4043065000559802,616,294,140,0.47619047619047616,0.5238095238095238,0.1808220165224536,0.21174916564446528,34,40
HCP_0306,Quebec,Psychiatry,2.4043065000559802,646,496,118,0.23790322580645162,0.7620967741935484,-0.03977152775459765,0.24220040533450793,78,44
HCP_0307,Quebec,Psychiatry,2.4043065000559802,970,427,169,0.3957845433255269,0.6042154566744731,-0.18607900770711933,0.3821893599108865,27,73
HCP_0308,Quebec,Psychiatry,2.4043065000559802,504,304,47,0.15460526315789475,0.8453947368421053,0.047450626486850944,0.3995160617075347,98,90
HCP_0309,Quebec,Psychiatry,2.4043065000559802,751,367,48,0.1307901907356948,0.8692098092643052,0.08522450359623687,0.13239253709453433,6,79
HCP_0310,Quebec,Psychiatry,2.4043065000559802,578,240,136,0.5666666666666667,0.43333333333333335,0.079930122522205,0.3044429549710354,61,29
HCP_0311,Quebec,Psychiatry,2.4043065000559802,575,238,132,0.5546218487394958,0.4453781512605042,0.01079921029891473,0.1823108717816183,50,76
HCP_0312,Quebec,Psychiatry,2.4043065000559802,911,428,230,0.5373831775700935,0.46261682242990654,0.06497025195967214,0.05283786891017463,45,99
HCP_0313,Quebec,Psychiatry,2.4043065000559802,828,618,243,0.3932038834951456,0.6067961165048543,0.2318533770022697,0.053238382852565824,19,84
HCP_0314,Quebec,Psychiatry,2.4043065000559802,825,423,209,0.4940898345153664,0.5059101654846336,0.09580810027550112,0.2111981026467895,95,44
HCP_0315,Quebec,Psychiatry,2.4043065000559802,979,764,67,0.08769633507853403,0.912303664921466,0.005195788999629872,0.22091721955151716,37,44
HCP_0316,Quebec,Psychiatry,2.4043065000559802,625,395,92,0.23291139240506328,0.7670886075949367,-0.010023738051519487,0.05789939380070493,60,78
HCP_0317,Quebec,Psychiatry,2.4043065000559802,787,452,101,0.2234513274336283,0.7765486725663717,0.029617717078672324,0.2904245958710059,31,83
HCP_0318,Quebec,Psychiatry,2.4043065000559802,556,351,140,0.39886039886039887,0.6011396011396011,0.24640879541967675,0.1529011860082336,25,83
HCP_0319,Quebec,Psychiatry,2.4043065000559802,695,422,104,0.24644549763033174,0.7535545023696683,0.02800391485685633,0.24596258553758232,57,44
HCP_0320,Quebec,Psychiatry,2.4043065000559802,593,417,55,0.13189448441247004,0.8681055155875299,0.047624678657515046,0.1553216756078966,38,54
HCP_0321,Quebec,Psychiatry,2.4043065000559802,642,329,124,0.3768996960486322,0.6231003039513678,-0.00787762851235635,0.10849701020425753,19,58
HCP_0322,Quebec,Psychiatry,2.4043065000559802,764,413,206,0.49878934624697335,0.5012106537530266,0.18187800289303574,0.1925108085096064,81,4
HCP_0323,Quebec,Psychiatry,2.4043065000559802,466,353,92,0.26062322946175637,0.7393767705382437,0.28518047056936097,0.13129567767667527,49,31
HCP_0324,Quebec,Psychiatry,2.4043065000559802,1290,1004,123,0.12250996015936255,0.8774900398406374,0.10407356593176659,0.23718034192170884,78,5
HCP_0325,Quebec,Psychiatry,2.4043065000559802,436,330,52,0.15757575757575756,0.8424242424242424,0.05993274845425109,0.119589985600268,51,93
HCP_0326,Quebec,Psychiatry,2.4043065000559802,406,231,42,0.18181818181818182,0.8181818181818181,0.054413939980908176,0.22794209182561948,85,25
HCP_0327,Quebec,Psychiatry,2.4043065000559802,930,662,142,0.21450151057401812,0.7854984894259819,-0.23611681465428946,0.10508248020410366,21,36
HCP_0328,Quebec,Psychiatry,2.4043065000559802,818,483,195,0.40372670807453415,0.5962732919254659,0.13941810371417807,0.2848411483200248,52,12
HCP_0329,Quebec,Psychiatry,2.4043065000559802,772,462,176,0.38095238095238093,0.6190476190476191,0.06609996991950123,0.3138781895544984,84,92
HCP_0330,Quebec,Psychiatry,2.4043065000559802,773,372,161,0.4327956989247312,0.5672043010752688,0.10140104607928699,0.08863798198747683,65,68
HCP_0331,Quebec,Psychiatry,2.4043065000559802,618,393,98,0.24936386768447838,0.7506361323155216,-0.03537546329004457,0.21373084421306876,42,24
HCP_0332,Quebec,Psychiatry,2.4043065000559802,453,215,108,0.5023255813953489,0.4976744186046511,0.0038651745227490097,0.07480509522920575,81,12
HCP_0333,Quebec,Psychiatry,2.4043065000559802,637,339,55,0.16224188790560473,0.8377581120943953,0.0006770076196192451,0.25936385593970085,22,87
HCP_0334,Quebec,Psychiatry,2.4043065000559802,489,363,112,0.3085399449035813,0.6914600550964187,0.17259475808876468,0.14254150427537587,76,94
HCP_0335,Quebec,Psychiatry,2.4043065000559802,873,422,207,0.490521327014218,0.509478672985782,0.004548819607628804,0.2346685598935478,63,19
HCP_0336,Quebec,Psychiatry,2.4043065000559802,589,252,38,0.15079365079365079,0.8492063492063492,0.2999192386531757,0.23111135328450194,8,71
HCP_0337,Quebec,Psychiatry,2.4043065000559802,465,199,22,0.11055276381909548,0.8894472361809045,0.10170349028180449,0.3735240211678302,6,59
HCP_0338,Quebec,Psychiatry,2.4043065000559802,554,430,230,0.5348837209302325,0.4651162790697675,-0.1030819191994878,0.24217912789905305,40,72
HCP_0339,Quebec,Psychiatry,2.4043065000559802,717,432,103,0.23842592592592593,0.7615740740740741,0.03457444480976518,0.2540494679014105,53,20
HCP_0340,Quebec,Psychiatry,2.4043065000559802,509,287,122,0.4250871080139373,0.5749128919860627,-0.02820101465876987,0.19057859401753313,64,60
HCP_0341,Quebec,Psychiatry,2.4043065000559802,465,337,22,0.06528189910979229,0.9347181008902077,-0.21332589637840293,0.3821778611139859,1,83
HCP_0342,Quebec,Psychiatry,2.4043065000559802,675,496,213,0.42943548387096775,0.5705645161290323,0.24193651281365475,0.3220150683038634,3,78
HCP_0343,Quebec,Psychiatry,2.4043065000559802,676,360,81,0.225,0.775,0.1343771050664005,0.14989185160599455,77,25
HCP_0344,Quebec,Psychiatry,2.4043065000559802,519,352,28,0.07954545454545454,0.9204545454545454,0.11398487814791751,0.34547335502168125,31,53
HCP_0345,Quebec,Psychiatry,2.4043065000559802,526,373,144,0.38605898123324395,0.613941018766756,0.06984843923596451,0.20133872606478154,99,41
HCP_0346,Quebec,Psychiatry,2.4043065000559802,673,445,81,0.18202247191011237,0.8179775280898877,-0.1158421082430925,0.3400335002367579,1,10
HCP_0347,Quebec,Psychiatry,2.4043065000559802,374,172,45,0.2616279069767442,0.7383720930232558,-0.008034056746652404,0.33801082390272574,63,36
HCP_0348,Quebec,Psychiatry,2.4043065000559802,379,284,27,0.09507042253521127,0.9049295774647887,0.15101369297408151,0.11610456536699905,13,10
HCP_0349,Quebec,Psychiatry,2.4043065000559802,482,297,39,0.13131313131313133,0.8686868686868687,-0.07614640357390033,0.29539939598425197,19,26
HCP_0350,Quebec,Psychiatry,2.4043065000559802,576,295,63,0.2135593220338983,0.7864406779661017,-0.2538123179500976,0.1517250392572859,88,93
HCP_0351,Quebec,Psychiatry,2.4043065000559802,692,395,39,0.09873417721518987,0.9012658227848102,0.022747279066288883,0.1541224344974339,48,82
HCP_0352,Quebec,Psychiatry,2.4043065000559802,1039,431,237,0.5498839907192575,0.45011600928074247,0.03298909351669537,0.15372182690820327,7,33
HCP_0353,Quebec,Psychiatry,2.4043065000559802,837,378,20,0.05291005291005291,0.9470899470899471,0.0662676099697651,0.3039488866459819,91,37
HCP_0354,Quebec,Psychiatry,2.4043065000559802,586,414,131,0.3164251207729469,0.6835748792270531,0.13742223722174435,0.13043911462738764,62,60
HCP_0355,Quebec,Psychiatry,2.4043065000559802,616,246,29,0.11788617886178862,0.8821138211382114,0.12651269746774502,0.05031704233613158,45,86
HCP_0356,Quebec,Psychiatry,2.4043065000559802,437,248,54,0.21774193548387097,0.782258064516129,0.08105237662927059,0.3003328987189216,20,52
HCP_0357,Quebec,Psychiatry,2.4043065000559802,616,375,210,0.56,0.43999999999999995,0.1934637665704051,0.10991466034229386,86,64
HCP_0358,Quebec,Psychiatry,2.4043065000559802,561,237,33,0.13924050632911392,0.8607594936708861,-0.13227637369759776,0.08656883835774214,31,2
HCP_0359,Quebec,Psychiatry,2.4043065000559802,694,548,319,0.5821167883211679,0.41788321167883213,0.11054981773728684,0.13313064220792106,7,66
HCP_0360,Quebec,Psychiatry,2.4043065000559802,464,228,37,0.16228070175438597,0.8377192982456141,0.1251846036004331,0.18296518281294644,94,27
HCP_0361,Quebec,Psychiatry,2.4043065000559802,744,388,178,0.4587628865979381,0.5412371134020619,-0.09874747432962873,0.21656721461562028,100,13
HCP_0362,Quebec,Psychiatry,2.4043065000559802,1061,553,194,0.3508137432188065,0.6491862567811935,-0.13034447304188673,0.06559951424942079,15,51
HCP_0363,Quebec,Psychiatry,2.4043065000559802,597,294,158,0.5374149659863946,0.4625850340136054,-0.039513055177072154,0.3897006664195762,39,29
HCP_0364,Quebec,Psychiatry,2.4043065000559802,714,286,101,0.3531468531468531,0.6468531468531469,-0.02938497310183502,0.3006220686968454,26,57
HCP_0365,Quebec,Psychiatry,2.4043065000559802,790,546,188,0.3443223443223443,0.6556776556776557,0.1404103356202917,0.16311792286351767,17,53
HCP_0366,Quebec,Psychiatry,2.4043065000559802,539,424,67,0.1580188679245283,0.8419811320754718,-0.023744654042931385,0.1615440400498891,34,68
HCP_0367,Quebec,Psychiatry,2.4043065000559802,671,329,47,0.14285714285714285,0.8571428571428572,-0.052761822193744465,0.2069898922789608,51,14
HCP_0368,Quebec,Psychiatry,2.4043065000559802,623,414,229,0.5531400966183575,0.4468599033816425,-0.023396048403347094,0.26918568796706155,14,37
HCP_0369,Quebec,Psychiatry,2.4043065000559802,642,447,103,0.23042505592841164,0.7695749440715883,0.1842358800985054,0.10123057330613872,62,77
HCP_0370,Quebec,Psychiatry,2.4043065000559802,473,350,89,0.2542857142857143,0.7457142857142858,0.05156520492523426,0.11612543481773333,52,13
HCP_0371,Quebec,Psychiatry,2.4043065000559802,626,356,167,0.4691011235955056,0.5308988764044944,0.02848987695717059,0.35080210399174283,90,56
HCP_0372,Quebec,Psychiatry,2.4043065000559802,738,385,91,0.23636363636363636,0.7636363636363637,0.03679934015587383,0.1396892233611754,80,58
HCP_0373,Quebec,Psychiatry,2.4043065000559802,1031,547,314,0.5740402193784278,0.42595978062157225,0.20504724011918274,0.18306824929131216,65,7
HCP_0374,Quebec,Psychiatry,2.4043065000559802,868,595,271,0.45546218487394957,0.5445378151260505,-0.03990060719238901,0.354945147832541,30,71
HCP_0375,Quebec,Psychiatry,2.4043065000559802,1318,958,363,0.37891440501043844,0.6210855949895615,0.20786099491281246,0.2821017402899379,60,18
HCP_0376,Quebec,Psychiatry,2.4043065000559802,474,224,120,0.5357142857142857,0.4642857142857143,0.07525955587058043,0.16959915776959095,63,31
HCP_0377,Quebec,Psychiatry,2.4043065000559802,842,462,36,0.07792207792207792,0.922077922077922,0.030749674162958276,0.2892948410036173,100,94
HCP_0378,Quebec,Psychiatry,2.4043065000559802,661,503,96,0.1908548707753479,0.8091451292246521,0.35010805975211373,0.056889125383494804,97,28
HCP_0379,Quebec,Psychiatry,2.4043065000559802,1335,965,295,0.30569948186528495,0.694300518134715,-0.07667673877583155,0.3074749310039778,33,40
HCP_0380,Quebec,Pediatrics,8.307188696235798,869,690,121,0.1753623188405797,0.8246376811594203,0.007557708851959277,0.22045561418068382,54,74
HCP_0381,Quebec,Pediatrics,8.307188696235798,859,603,277,0.4593698175787728,0.5406301824212272,-0.09789174869968002,0.33461375154956147,58,44
HCP_0382,Quebec,Pediatrics,8.307188696235798,935,521,289,0.5547024952015355,0.4452975047984645,0.16429543646434033,0.38412317820226394,2,12
HCP_0383,Quebec,Pediatrics,8.307188696235798,548,349,99,0.2836676217765043,0.7163323782234957,0.25270267203820146,0.37402599232309897,16,26
HCP_0384,Quebec,Pediatrics,8.307188696235798,959,637,152,0.23861852433281006,0.7613814756671899,0.25039073376855664,0.36824276520936927,77,18
HCP_0385,Quebec,Pediatrics,8.307188696235798,884,381,221,0.5800524934383202,0.4199475065616798,0.1968738503775206,0.22925948457686052,77,25
HCP_0386,Quebec,Pediatrics,8.307188696235798,1215,751,221,0.29427430093209056,0.7057256990679095,0.026285543864484128,0.17604973994862833,45,52
HCP_0387,Quebec,Pediatrics,8.307188696235798,1299,888,283,0.3186936936936937,0.6813063063063063,0.006171082701218425,0.21276236365573548,37,50
HCP_0388,Quebec,Pediatrics,8.307188696235798,2223,1038,253,0.24373795761078998,0.75626204238921,-0.15054037269928777,0.2914636011596763,34,36
HCP_0389,Quebec,Pediatrics,8.307188696235798,1608,1145,630,0.5502183406113537,0.44978165938864634,0.29430482422181514,0.35939922190491536,0,8
HCP_0390,Quebec,Pediatrics,8.307188696235798,942,597,217,0.36348408710217756,0.6365159128978224,0.10627736937781612,0.12244520605004185,28,91
HCP_0391,Quebec,Pediatrics,8.307188696235798,842,658,309,0.4696048632218845,0.5303951367781155,-0.009034828584337962,0.3713676054615961,3,95
HCP_0392,Quebec,Pediatrics,8.307188696235798,1369,571,283,0.4956217162872154,0.5043782837127846,0.2093668266784361,0.3353130811894612,60,51
HCP_0393,Quebec,Pediatrics,8.307188696235798,726,367,87,0.23705722070844687,0.7629427792915531,-0.0667317420112001,0.39259960531238214,96,53
HCP_0394,Quebec,Pediatrics,8.307188696235798,2189,1402,405,0.2888730385164051,0.7111269614835949,0.0987946441067209,0.3580881206485905,16,2
HCP_0395,Quebec,Pediatrics,8.307188696235798,1742,903,467,0.5171650055370985,0.48283499446290146,0.02928450388509984,0.14797806539216735,27,95
HCP_0396,Quebec,Pediatrics,8.307188696235798,978,671,168,0.2503725782414307,0.7496274217585692,0.12664125678563612,0.08708456897041669,49,68
HCP_0397,Quebec,Pediatrics,8.307188696235798,633,445,217,0.48764044943820223,0.5123595505617977,0.04237117529766543,0.08928437519705602,89,7
HCP_0398,Quebec,Pediatrics,8.307188696235798,1852,817,464,0.5679314565483476,0.43206854345165235,-0.1241113469333469,0.15192816150239663,7,13
HCP_0399,Quebec,Pediatrics,8.307188696235798,1108,671,264,0.39344262295081966,0.6065573770491803,0.05906916472040454,0.26496430339458876,33,2
HCP_0400,Quebec,Pediatrics,8.307188696235798,1778,1073,491,0.4575955265610438,0.5424044734389561,0.17586369702504345,0.3315121141340104,58,23
HCP_0401,Quebec,Pediatrics,8.307188696235798,660,361,178,0.4930747922437673,0.5069252077562327,0.046494031297521776,0.36473760744354766,17,12
HCP_0402,Quebec,Pediatrics,8.307188696235798,935,723,372,0.5145228215767634,0.48547717842323657,0.14301381459069032,0.2683136845292315,94,42
HCP_0403,Quebec,Pediatrics,8.307188696235798,1155,844,226,0.2677725118483412,0.7322274881516588,-0.07546353828088638,0.05197095946181881,58,28
HCP_0404,Quebec,Pediatrics,8.307188696235798,1172,796,62,0.07788944723618091,0.9221105527638191,0.04684870480761775,0.11521087178148674,26,71
HCP_0405,Quebec,Pediatrics,8.307188696235798,985,675,183,0.27111111111111114,0.7288888888888889,-0.02494125461062928,0.08490417134867878,15,50
HCP_0406,Quebec,Pediatrics,8.307188696235798,1434,838,352,0.4200477326968974,0.5799522673031026,0.13963770081256516,0.17716356644915354,9,41
HCP_0407,Quebec,Pediatrics,8.307188696235798,793,609,181,0.29720853858784896,0.7027914614121511,0.0537789874714395,0.2254728477718111,75,30
HCP_0408,Quebec,Pediatrics,8.307188696235798,1097,744,344,0.46236559139784944,0.5376344086021505,0.1328088411603935,0.0651890125024963,21,62
HCP_0409,Quebec,Pediatrics,8.307188696235798,1202,831,205,0.246690734055355,0.753309265944645,0.1805252511389439,0.1719672915284794,15,25
HCP_0410,Quebec,Pediatrics,8.307188696235798,1380,1028,410,0.39883268482490275,0.6011673151750972,0.1329942290145666,0.11271288611886292,11,17
HCP_0411,Quebec,Pediatrics,8.307188696235798,1479,754,115,0.15251989389920426,0.8474801061007957,0.0827742121152373,0.2764745581906059,74,81
HCP_0412,Quebec,Pediatrics,8.307188696235798,778,562,260,0.4626334519572954,0.5373665480427046,-0.06978547102136863,0.21249532926351905,83,56
HCP_0413,Quebec,Pediatrics,8.307188696235798,674,322,113,0.35093167701863354,0.6490683229813665,0.04966566671997186,0.2233611764268681,50,6
HCP_0414,Quebec,Pediatrics,8.307188696235798,1803,970,157,0.1618556701030928,0.8381443298969072,-0.013970848241899966,0.19969212581171142,0,47
HCP_0415,Quebec,Pediatrics,8.307188696235798,1295,692,146,0.21098265895953758,0.7890173410404624,0.008712325195492816,0.38460689867029846,26,79
HCP_0416,Quebec,Pediatrics,8.307188696235798,887,702,324,0.46153846153846156,0.5384615384615384,0.0050559019099699,0.12515729379254714,66,59
HCP_0417,Quebec,Pediatrics,8.307188696235798,1984,1473,465,0.31568228105906315,0.6843177189409368,-0.06759106897386934,0.23083249094535602,11,32
HCP_0418,Quebec,Pediatrics,8.307188696235798,1201,817,138,0.1689106487148103,0.8310893512851897,-0.1848806306960788,0.30760607892786757,29,2
HCP_0419,Quebec,Pediatrics,8.307188696235798,1742,1203,700,0.5818786367414797,0.41812136325852034,-0.03017716579933201,0.2448955445970969,8,3
HCP_0420,Quebec,Pediatrics,8.307188696235798,1180,737,327,0.44369063772048845,0.5563093622795116,0.0732055342308991,0.3751573100008804,52,99
HCP_0421,Quebec,Pediatrics,8.307188696235798,2372,1847,1065,0.576610720086627,0.42338927991337305,-0.11178124545129882,0.1822889244744495,60,3
HCP_0422,Quebec,Pediatrics,8.307188696235798,2131,1275,363,0.2847058823529412,0.7152941176470589,0.051881868376594927,0.21228653202061232,53,41
HCP_0423,Quebec,Pediatrics,8.307188696235798,1057,584,182,0.3116438356164384,0.6883561643835616,0.2780322109173157,0.08098281032515495,36,8
HCP_0424,Quebec,Pediatrics,8.307188696235798,1620,754,410,0.5437665782493368,0.45623342175066317,0.1727667866302687,0.263149688868175,64,50
HCP_0425,Quebec,Pediatrics,8.307188696235798,1445,1032,350,0.3391472868217054,0.6608527131782946,0.2472249810944635,0.15087418895683713,41,16
HCP_0426,Quebec,Pediatrics,8.307188696235798,1861,1291,567,0.43919442292796285,0.5608055770720372,0.09693534523192715,0.1061081638304491,48,16
HCP_0427,Quebec,Pediatrics,8.307188696235798,822,455,86,0.189010989010989,0.810989010989011,0.1901011787583735,0.24058595251657783,3,96
HCP_0428,Quebec,Pediatrics,8.307188696235798,1466,601,178,0.2961730449251248,0.7038269550748752,-0.036875767656134484,0.23630859218296874,63,19
HCP_0429,Quebec,Pediatrics,8.307188696235798,1670,1228,145,0.11807817589576547,0.8819218241042346,-0.027320832042638105,0.07655507442841665,78,13
HCP_0430,Quebec,Pediatrics,8.307188696235798,623,252,41,0.1626984126984127,0.8373015873015873,-0.2786968247364967,0.2943754087230655,50,21
HCP_0431,Quebec,Dermatology,2.415674087258362,411,280,14,0.05,0.95,0.19233745688507586,0.2683202667277985,90,51
HCP_0432,Quebec,Dermatology,2.415674087258362,305,240,17,0.07083333333333333,0.9291666666666667,0.23483887757838634,0.11615604896127403,71,26
HCP_0433,Quebec,Dermatology,2.415674087258362,566,325,191,0.5876923076923077,0.41230769230769226,-0.016381269441672397,0.21430220175391534,59,42
HCP_0434,Quebec,Dermatology,2.415674087258362,799,395,72,0.18227848101265823,0.8177215189873418,0.019525795232331795,0.302113020767496,86,2
HCP_0435,Quebec,Dermatology,2.415674087258362,1052,717,297,0.41422594142259417,0.5857740585774058,-0.04046345364291537,0.23530250918944678,78,87
HCP_0436,Quebec,Dermatology,2.415674087258362,638,464,237,0.5107758620689655,0.4892241379310345,0.09591842617729898,0.18842117666424957,90,93
HCP_0437,Quebec,Dermatology,2.415674087258362,1099,680,240,0.35294117647058826,0.6470588235294117,0.18499190543638888,0.1628184603283303,30,7
HCP_0438,Quebec,Dermatology,2.415674087258362,384,302,41,0.1357615894039735,0.8642384105960265,-0.15913263686572493,0.2636378533254188,71,85
HCP_0439,Quebec,Dermatology,2.415674087258362,342,144,65,0.4513888888888889,0.5486111111111112,0.09913262367707026,0.3786880444085842,93,88
HCP_0440,Quebec,Dermatology,2.415674087258362,610,367,140,0.3814713896457766,0.6185286103542234,0.016799387393702556,0.2851106941671192,57,9
HCP_0441,Quebec,Dermatology,2.415674087258362,711,489,221,0.45194274028629855,0.5480572597137015,0.06360732703600272,0.07616106627271044,81,28
HCP_0442,Quebec,Dermatology,2.415674087258362,615,458,217,0.4737991266375546,0.5262008733624455,0.10507928020091492,0.21123974071874685,3,39
HCP_0443,Quebec,Dermatology,2.415674087258362,302,142,83,0.5845070422535211,0.4154929577464789,0.027415707347261467,0.3617884460287197,21,64
HCP_0444,Quebec,Dermatology,2.415674087258362,603,434,159,0.3663594470046083,0.6336405529953917,0.03756957759130633,0.08306184903038041,2,20
HCP_0445,Quebec,Dermatology,2.415674087258362,394,245,58,0.23673469387755103,0.763265306122449,0.024334979893443336,0.3961064992481402,78,23
HCP_0446,Quebec,Dermatology,2.415674087258362,786,439,179,0.40774487471526194,0.5922551252847381,0.16643794421459376,0.38217428777589746,98,72
HCP_0447,Quebec,Dermatology,2.415674087258362,707,320,28,0.0875,0.9125,0.10025119521529958,0.07739606825545656,46,59
HCP_0448,Quebec,Dermatology,2.415674087258362,447,334,182,0.5449101796407185,0.45508982035928147,0.0764700245284833,0.37669466215734426,37,25
HCP_0449,Quebec,General Surgery,3.7107842719909927,644,298,34,0.11409395973154363,0.8859060402684564,-0.10251420653107392,0.17709640659081177,32,8
HCP_0450,Quebec,General Surgery,3.7107842719909927,532,279,64,0.22939068100358423,0.7706093189964158,0.004570430814421503,0.3456482084765519,77,19
HCP_0451,Quebec,General Surgery,3.7107842719909927,754,389,194,0.4987146529562982,0.5012853470437018,0.15784029924070092,0.19643416819964504,47,55
HCP_0452,Quebec,General Surgery,3.7107842719909927,1076,805,305,0.37888198757763975,0.6211180124223603,0.05452358877487075,0.20429928944588055,64,98
HCP_0453,Quebec,General Surgery,3.7107842719909927,546,365,97,0.26575342465753427,0.7342465753424657,0.1291437763506966,0.27198508184213993,25,35
HCP_0454,Quebec,General Surgery,3.7107842719909927,919,660,205,0.3106060606060606,0.6893939393939394,0.261981416039316,0.32106709674659417,7,35
HCP_0455,Quebec,General Surgery,3.7107842719909927,640,320,166,0.51875,0.48124999999999996,0.174632728305058,0.06182620283188703,49,72
HCP_0456,Quebec,General Surgery,3.7107842719909927,584,380,90,0.23684210526315788,0.7631578947368421,0.06117900052396909,0.257604598434497,79,21
HCP_0457,Quebec,General Surgery,3.7107842719909927,742,466,246,0.5278969957081545,0.4721030042918455,-0.011318700423487246,0.11535654793407986,37,0
HCP_0458,Quebec,General Surgery,3.7107842719909927,536,393,39,0.09923664122137404,0.9007633587786259,-0.2564259515267078,0.17108233125212102,9,68
HCP_0459,Quebec,General Surgery,3.7107842719909927,635,484,231,0.4772727272727273,0.5227272727272727,0.0297938093032577,0.17178903315432578,41,72
HCP_0460,Quebec,General Surgery,3.7107842719909927,507,205,106,0.5170731707317073,0.48292682926829267,0.010878500501978104,0.21417111907740377,36,36
HCP_0461,Quebec,General Surgery,3.7107842719909927,1533,1027,154,0.14995131450827653,0.8500486854917235,0.09684394332744509,0.1669477441566607,25,82
HCP_0462,Quebec,General Surgery,3.7107842719909927,780,328,94,0.2865853658536585,0.7134146341463414,0.031531372763037496,0.08757639145773372,91,71
HCP_0463,Quebec,General Surgery,3.7107842719909927,603,374,53,0.14171122994652408,0.8582887700534759,0.011553792867584685,0.10097005848390801,11,95
HCP_0464,Quebec,General Surgery,3.7107842719909927,830,427,187,0.4379391100702576,0.5620608899297423,-0.16352787166086646,0.061703294946384185,83,12
HCP_0465,Quebec,General Surgery,3.7107842719909927,741,387,133,0.34366925064599485,0.6563307493540051,-0.06279613949800797,0.21458717986506404,48,83
HCP_0466,Quebec,General Surgery,3.7107842719909927,713,386,154,0.39896373056994816,0.6010362694300518,0.1071981248960669,0.384056693198546,13,99
HCP_0467,Quebec,General Surgery,3.7107842719909927,955,619,98,0.1583198707592892,0.8416801292407108,0.25590891573592334,0.0904863282768408,45,42
HCP_0468,Quebec,General Surgery,3.7107842719909927,1004,536,89,0.166044776119403,0.833955223880597,0.038296953950525195,0.38119257255107875,34,36
HCP_0469,Quebec,General Surgery,3.7107842719909927,640,444,32,0.07207207207207207,0.9279279279279279,0.08933732882889481,0.30667653015623275,28,93
HCP_0470,Quebec,General Surgery,3.7107842719909927,630,354,80,0.22598870056497175,0.7740112994350282,0.16429737883433665,0.27312458102695714,11,73
HCP_0471,Quebec,General Surgery,3.7107842719909927,700,299,107,0.35785953177257523,0.6421404682274248,-0.04730727234402997,0.27584721436324705,81,94
HCP_0472,Quebec,General Surgery,3.7107842719909927,344,245,128,0.5224489795918368,0.4775510204081632,0.09401768519425308,0.33935467693869875,43,24
HCP_0473,Quebec,General Surgery,3.7107842719909927,453,233,97,0.41630901287553645,0.5836909871244635,-0.038858812759859016,0.0874219525329375,65,92
HCP_0474,Quebec,General Surgery,3.7107842719909927,1243,712,206,0.2893258426966292,0.7106741573033708,0.15377893261892134,0.2266640132479396,1,87
HCP_0475,Quebec,General Surgery,3.7107842719909927,1370,924,531,0.5746753246753247,0.4253246753246753,0.06816836575420791,0.2939818983912655,58,20
HCP_0476,Quebec,General Surgery,3.7107842719909927,706,376,168,0.44680851063829785,0.5531914893617021,0.08581421767777278,0.25538715577574733,16,40
HCP_0477,Quebec,General Surgery,3.7107842719909927,943,399,224,0.5614035087719298,0.4385964912280702,-0.04391183169023068,0.34147267485815314,9,72
HCP_0478,Quebec,General Surgery,3.7107842719909927,859,472,161,0.3411016949152542,0.6588983050847458,0.1348438831532942,0.07529509815397303,17,41
HCP_0479,Quebec,General Surgery,3.7107842719909927,2264,1761,339,0.19250425894378195,0.807495741056218,0.3001655505477219,0.2917453638247081,21,41
HCP_0480,Quebec,General Surgery,3.7107842719909927,1140,749,59,0.0787716955941255,0.9212283044058744,-0.07094940345138473,0.23690970563465125,82,1
HCP_0481,Quebec,General Surgery,3.7107842719909927,737,493,222,0.45030425963488846,0.5496957403651115,0.009228919082297143,0.1827063023929802,57,67
HCP_0482,Quebec,General Surgery,3.7107842719909927,552,360,42,0.11666666666666667,0.8833333333333333,0.07779289690017102,0.1690962437819108,52,7
HCP_0483,Quebec,General Surgery,3.7107842719909927,439,211,46,0.21800947867298578,0.7819905213270142,0.144368745439498,0.2672914214709675,0,95
HCP_0484,Quebec,General Surgery,3.7107842719909927,827,469,161,0.34328358208955223,0.6567164179104478,-0.017145554234736265,0.3618483811254927,87,60
HCP_0485,Quebec,General Surgery,3.7107842719909927,591,414,149,0.35990338164251207,0.6400966183574879,-0.2899636348171288,0.22366157413539034,60,13
HCP_0486,Quebec,General Surgery,3.7107842719909927,468,206,78,0.3786407766990291,0.6213592233009708,0.21310273929968299,0.33865310742692206,99,76
HCP_0487,Quebec,General Surgery,3.7107842719909927,614,314,44,0.14012738853503184,0.8598726114649682,0.14126073435009712,0.19075473364538864,88,20
HCP_0488,Quebec,General Surgery,3.7107842719909927,528,270,70,0.25925925925925924,0.7407407407407407,-0.15915370365839981,0.08583806197761179,99,23
HCP_0489,Quebec,General Surgery,3.7107842719909927,1391,797,310,0.3889585947302384,0.6110414052697616,-0.022908255013546708,0.0715270077605235,30,49
HCP_0490,Quebec,Urology,3.0888672729945728,957,758,442,0.58311345646438,0.41688654353562005,0.23818189154327912,0.06796702996328716,30,81
HCP_0491,Quebec,Urology,3.0888672729945728,701,299,135,0.451505016722408,0.548494983277592,0.2237355702149439,0.18305254968518447,65,44
HCP_0492,Quebec,Urology,3.0888672729945728,1180,717,400,0.5578800557880056,0.4421199442119944,0.16263680272147335,0.16803321279254474,18,63
HCP_0493,Quebec,Urology,3.0888672729945728,722,341,160,0.46920821114369504,0.530791788856305,0.028866507924816487,0.3012779582678993,52,63
HCP_0494,Quebec,Urology,3.0888672729945728,520,410,154,0.375609756097561,0.624390243902439,0.0599584902575012,0.30998752555470305,75,25
HCP_0495,Quebec,Urology,3.0888672729945728,1198,533,83,0.15572232645403378,0.8442776735459663,0.03428890338486482,0.06779888909180895,73,31
HCP_0496,Quebec,Urology,3.0888672729945728,849,477,199,0.4171907756813417,0.5828092243186582,0.1853887739922605,0.12739314201115526,94,56
HCP_0497,Quebec,Urology,3.0888672729945728,489,340,134,0.3941176470588235,0.6058823529411765,-0.05510108877941321,0.1459916475556149,21,52
HCP_0498,Quebec,Urology,3.0888672729945728,658,449,171,0.38084632516703787,0.6191536748329621,-0.04669595858610455,0.24166419444998333,22,32
HCP_0499,Quebec,Urology,3.0888672729945728,517,294,94,0.3197278911564626,0.6802721088435374,0.17123295042032188,0.10058032836743261,86,51
HCP_0500,Quebec,Urology,3.0888672729945728,433,233,79,0.33905579399141633,0.6609442060085837,0.04467662533861261,0.09687942679000014,14,94
HCP_0501,Quebec,Urology,3.0888672729945728,972,543,127,0.23388581952117865,0.7661141804788214,0.21541608265445694,0.3803261112227853,25,17
HCP_0502,Quebec,Urology,3.0888672729945728,1372,694,233,0.3357348703170029,0.6642651296829971,-0.03058146483766548,0.33147101755422337,2,34
HCP_0503,Quebec,Urology,3.0888672729945728,431,208,33,0.15865384615384615,0.8413461538461539,0.04342659675934099,0.11322921573190961,86,11
HCP_0504,Quebec,Urology,3.0888672729945728,856,508,250,0.4921259842519685,0.5078740157480315,-0.06068955818127439,0.19229873276692183,19,50
HCP_0505,Quebec,Orthopedic Surgery,2.008531050434043,451,229,35,0.15283842794759825,0.8471615720524017,0.05088352177082806,0.17446769974014797,39,88
HCP_0506,Quebec,Orthopedic Surgery,2.008531050434043,478,246,24,0.0975609756097561,0.9024390243902439,-0.12742563243985588,0.32685142592289257,38,94
HCP_0507,Quebec,Orthopedic Surgery,2.008531050434043,461,306,89,0.2908496732026144,0.7091503267973855,-0.00851601051459553,0.22857452076734275,71,9
HCP_0508,Quebec,Orthopedic Surgery,2.008531050434043,419,330,136,0.4121212121212121,0.5878787878787879,-0.12235046379137414,0.09474740794771347,17,51
HCP_0509,Quebec,Orthopedic Surgery,2.008531050434043,577,370,108,0.2918918918918919,0.7081081081081081,0.13327078798295097,0.30864722210468537,40,33
HCP_0510,Quebec,Orthopedic Surgery,2.008531050434043,424,183,37,0.20218579234972678,0.7978142076502732,0.1359907207711582,0.18891079237872166,69,66
HCP_0511,Quebec,Orthopedic Surgery,2.008531050434043,623,268,96,0.3582089552238806,0.6417910447761195,-0.15763152765812138,0.14202348667125148,26,38
HCP_0512,Quebec,Orthopedic Surgery,2.008531050434043,557,435,105,0.2413793103448276,0.7586206896551724,0.21006628946006872,0.18142451770725204,99,7
HCP_0513,Quebec,Orthopedic Surgery,2.008531050434043,521,270,152,0.562962962962963,0.437037037037037,0.34968981517038245,0.22421479726241372,14,95
HCP_0514,Quebec,Orthopedic Surgery,2.008531050434043,413,180,100,0.5555555555555556,0.4444444444444444,0.055520766408360914,0.1700904307459533,36,28
HCP_0515,Quebec,Orthopedic Surgery,2.008531050434043,463,296,97,0.3277027027027027,0.6722972972972974,-0.02693371122695737,0.13466702040711526,57,21
HCP_0516,Quebec,Orthopedic Surgery,2.008531050434043,738,479,110,0.22964509394572025,0.7703549060542798,0.38891967092036556,0.18947571008139313,4,83
HCP_0517,Quebec,Orthopedic Surgery,2.008531050434043,676,446,203,0.4551569506726457,0.5448430493273543,-0.10827621979630127,0.056710518762464385,72,69
HCP_0518,Quebec,Orthopedic Surgery,2.008531050434043,403,204,14,0.06862745098039216,0.9313725490196079,0.052412776024291806,0.32037424613370985,6,60
HCP_0519,Quebec,Orthopedic Surgery,2.008531050434043,587,238,74,0.31092436974789917,0.6890756302521008,0.07155467271583081,0.10983071274865504,40,42
HCP_0520,Quebec,Orthopedic Surgery,2.008531050434043,737,579,136,0.23488773747841105,0.7651122625215889,0.21141771445428975,0.06536661477072304,83,48
HCP_0521,Quebec,Orthopedic Surgery,2.008531050434043,316,158,88,0.5569620253164557,0.44303797468354433,0.09316867701521461,0.27879454251677777,9,28
HCP_0522,Quebec,Orthopedic Surgery,2.008531050434043,686,460,26,0.05652173913043478,0.9434782608695652,-0.009836067494614166,0.3208776450882853,61,80
HCP_0523,Quebec,Orthopedic Surgery,2.008531050434043,450,307,109,0.3550488599348534,0.6449511400651466,-0.06414212444655473,0.33484019605749515,25,30
HCP_0524,Quebec,Orthopedic Surgery,2.008531050434043,692,446,204,0.45739910313901344,0.5426008968609866,0.008981381570463735,0.22272821393121,67,52
HCP_0525,Quebec,Orthopedic Surgery,2.008531050434043,434,228,72,0.3157894736842105,0.6842105263157895,-0.07083128331341729,0.12187886464149486,23,33
HCP_0526,Quebec,Orthopedic Surgery,2.008531050434043,301,153,15,0.09803921568627451,0.9019607843137255,0.055739038374161956,0.3080296870374394,77,37
HCP_0527,Quebec,Orthopedic Surgery,2.008531050434043,321,205,120,0.5853658536585366,0.41463414634146345,-0.017703541583258375,0.29489957700401803,40,56
HCP_0528,Quebec,Orthopedic Surgery,2.008531050434043,577,431,144,0.33410672853828305,0.665893271461717,-0.12928453519477007,0.13619475693611066,64,100
HCP_0529,Quebec,Orthopedic Surgery,2.008531050434043,621,484,188,0.3884297520661157,0.6115702479338843,0.20061749460498846,0.36619271455197755,16,3
HCP_0530,Quebec,Orthopedic Surgery,2.008531050434043,413,183,33,0.18032786885245902,0.819672131147541,-0.009720702811484724,0.08653001032899016,23,1
HCP_0531,Quebec,Orthopedic Surgery,2.008531050434043,709,328,104,0.3170731707317073,0.6829268292682926,-0.10217641659703751,0.393940883856964,26,11
HCP_0532,Quebec,Orthopedic Surgery,2.008531050434043,317,247,71,0.2874493927125506,0.7125506072874495,0.02980890386149502,0.35108673384211264,6,34
HCP_0533,Quebec,Orthopedic Surgery,2.008531050434043,554,385,35,0.09090909090909091,0.9090909090909091,0.05820458791611905,0.2907645259176763,72,69
HCP_0534,Quebec,Orthopedic Surgery,2.008531050434043,371,279,30,0.10752688172043011,0.8924731182795699,-0.159576007069484,0.37856246089794154,98,71
HCP_0535,Quebec,Orthopedic Surgery,2.008531050434043,451,217,111,0.511520737327189,0.48847926267281105,0.08979772005509154,0.30280890891329776,11,20
HCP_0536,Quebec,Ophthalmology,3.1815644880008933,725,460,84,0.1826086956521739,0.817391304347826,-0.07565890824283174,0.11665994896051608,84,60
HCP_0537,Quebec,Ophthalmology,3.1815644880008933,528,359,56,0.15598885793871867,0.8440111420612814,0.2553234571028945,0.20475464833948415,2,34
HCP_0538,Quebec,Ophthalmology,3.1815644880008933,624,419,137,0.3269689737470167,0.6730310262529833,0.11287526144920818,0.07502605851607239,78,47
HCP_0539,Quebec,Ophthalmology,3.1815644880008933,1015,572,270,0.47202797202797203,0.5279720279720279,0.002012001186882023,0.18638009780084042,84,14
HCP_0540,Quebec,Ophthalmology,3.1815644880008933,583,237,20,0.08438818565400844,0.9156118143459916,-0.03942013243808205,0.30956105690802305,9,70
HCP_0541,Quebec,Ophthalmology,3.1815644880008933,956,605,222,0.3669421487603306,0.6330578512396694,0.03740387509236513,0.18525517282578607,32,14
HCP_0542,Quebec,Ophthalmology,3.1815644880008933,480,241,28,0.11618257261410789,0.8838174273858921,0.12353488898999476,0.16560296141384695,45,5
HCP_0543,Quebec,Ophthalmology,3.1815644880008933,859,498,35,0.07028112449799197,0.929718875502008,0.046940704569776046,0.2583745028786092,58,80
HCP_0544,Quebec,Ophthalmology,3.1815644880008933,1182,926,73,0.07883369330453564,0.9211663066954644,0.02394094314357721,0.35527158514961327,51,67
HCP_0545,Quebec,Ophthalmology,3.1815644880008933,300,168,85,0.5059523809523809,0.49404761904761907,0.05700443489814748,0.06665411739113936,5,21
HCP_0546,Quebec,Ophthalmology,3.1815644880008933,540,397,46,0.11586901763224182,0.8841309823677582,-0.02246307174843455,0.18491465214490743,1,31
HCP_0547,Quebec,Ophthalmology,3.1815644880008933,873,415,31,0.0746987951807229,0.9253012048192771,0.00881528877883548,0.10538425963534195,28,21
HCP_0548,Quebec,Ophthalmology,3.1815644880008933,665,445,129,0.2898876404494382,0.7101123595505618,-0.20029509266860046,0.2933739877561544,39,26
HCP_0549,Quebec,Ophthalmology,3.1815644880008933,812,642,330,0.514018691588785,0.485981308411215,0.16684714770228415,0.08700359615089721,96,14
HCP_0550,Quebec,Ophthalmology,3.1815644880008933,578,255,50,0.19607843137254902,0.803921568627451,0.08585573363861143,0.2826827155030856,60,43
HCP_0551,Quebec,Ophthalmology,3.1815644880008933,735,296,83,0.28040540540540543,0.7195945945945945,-0.042814701284011616,0.1501633047792676,67,85
HCP_0552,Quebec,Ophthalmology,3.1815644880008933,676,388,28,0.07216494845360824,0.9278350515463918,0.27784819776262865,0.11962088480802865,67,91
HCP_0553,Quebec,Ophthalmology,3.1815644880008933,1074,469,139,0.29637526652452023,0.7036247334754797,0.06044197764708639,0.37772339523874493,28,8
HCP_0554,Quebec,Ophthalmology,3.1815644880008933,780,545,200,0.3669724770642202,0.6330275229357798,-0.0743372286370236,0.05648360186108456,100,33
HCP_0555,Quebec,Ophthalmology,3.1815644880008933,803,615,224,0.3642276422764228,0.6357723577235772,0.152808490576455,0.20322204516134917,61,99
HCP_0556,Quebec,Ophthalmology,3.1815644880008933,618,354,82,0.23163841807909605,0.768361581920904,0.09776578598111149,0.05756944736162783,59,72
HCP_0557,Quebec,Ophthalmology,3.1815644880008933,602,303,68,0.22442244224422442,0.7755775577557755,0.09734959825810632,0.21925756683651515,83,14
HCP_0558,Quebec,Ophthalmology,3.1815644880008933,613,352,38,0.10795454545454546,0.8920454545454546,-0.0010906725581908555,0.2253665822280464,40,61
HCP_0559,Quebec,Ophthalmology,3.1815644880008933,819,565,142,0.2513274336283186,0.7486725663716813,0.10405948685336416,0.16258186498816146,86,44
HCP_0560,Quebec,Ophthalmology,3.1815644880008933,616,249,26,0.10441767068273092,0.8955823293172691,0.018589005173468662,0.0962566221337583,81,83
HCP_0561,Quebec,Ophthalmology,3.1815644880008933,790,502,237,0.4721115537848606,0.5278884462151394,0.11671297419750107,0.1817356382070664,88,71
HCP_0562,Quebec,Ophthalmology,3.1815644880008933,1475,952,554,0.5819327731092437,0.41806722689075626,-0.17859333448127662,0.28529202897639816,64,57
HCP_0563,Quebec,Obstetrics/Gynecology,3.487286910114414,1013,664,387,0.5828313253012049,0.41716867469879515,-0.0020648155575026875,0.3238385330255607,63,91
HCP_0564,Quebec,Obstetrics/Gynecology,3.487286910114414,666,331,174,0.525679758308157,0.47432024169184295,0.25665861173698334,0.23576271083584982,78,18
HCP_0565,Quebec,Obstetrics/Gynecology,3.487286910114414,1137,780,297,0.38076923076923075,0.6192307692307693,-0.04204809464803606,0.25644203805391447,62,15
HCP_0566,Quebec,Obstetrics/Gynecology,3.487286910114414,648,283,123,0.43462897526501765,0.5653710247349824,-0.022460595699182392,0.12021572989362846,97,74
HCP_0567,Quebec,Obstetrics/Gynecology,3.487286910114414,366,176,36,0.20454545454545456,0.7954545454545454,-0.0037553606139970053,0.15056561662967732,47,7
HCP_0568,Quebec,Obstetrics/Gynecology,3.487286910114414,525,394,156,0.39593908629441626,0.6040609137055837,-0.09577673630663718,0.10666346351832545,19,32
HCP_0569,Quebec,Obstetrics/Gynecology,3.487286910114414,388,270,81,0.3,0.7,-0.21499369314739025,0.13725337250161398,36,73
HCP_0570,Quebec,Obstetrics/Gynecology,3.487286910114414,660,268,84,0.31343283582089554,0.6865671641791045,0.02232963217716646,0.12871037307893612,63,17
HCP_0571,Quebec,Obstetrics/Gynecology,3.487286910114414,752,376,176,0.46808510638297873,0.5319148936170213,0.06630313088979883,0.23180707523693317,90,34
HCP_0572,Quebec,Obstetrics/Gynecology,3.487286910114414,1343,652,134,0.20552147239263804,0.7944785276073619,0.043699391775361744,0.2469410645267553,85,42
HCP_0573,Quebec,Obstetrics/Gynecology,3.487286910114414,838,426,96,0.22535211267605634,0.7746478873239436,0.03261457256625358,0.3807315972875266,4,49
HCP_0574,Quebec,Obstetrics/Gynecology,3.487286910114414,692,345,193,0.5594202898550724,0.4405797101449276,0.055164904502046516,0.11844972648553308,33,2
HCP_0575,Quebec,Obstetrics/Gynecology,3.487286910114414,999,425,34,0.08,0.92,0.1727409765860917,0.2745864985565236,38,90
HCP_0576,Quebec,Obstetrics/Gynecology,3.487286910114414,345,201,64,0.31840796019900497,0.681592039800995,0.02714645768849399,0.336040744145633,66,58
HCP_0577,Quebec,Obstetrics/Gynecology,3.487286910114414,811,562,310,0.5516014234875445,0.4483985765124555,-0.018889909250472348,0.24608451232406842,80,27
HCP_0578,Quebec,Obstetrics/Gynecology,3.487286910114414,978,629,243,0.3863275039745628,0.6136724960254372,0.016264941813429648,0.1392512783753765,61,45
HCP_0579,Quebec,Obstetrics/Gynecology,3.487286910114414,445,298,104,0.348993288590604,0.651006711409396,0.11952161117081309,0.1418925805070001,87,63
HCP_0580,Quebec,Obstetrics/Gynecology,3.487286910114414,1115,482,90,0.18672199170124482,0.8132780082987552,0.21944322542518996,0.06373856857484997,23,69
HCP_0581,Quebec,Obstetrics/Gynecology,3.487286910114414,841,656,157,0.23932926829268292,0.7606707317073171,-0.02537724870030139,0.1569054792919686,2,46
HCP_0582,Quebec,Obstetrics/Gynecology,3.487286910114414,646,475,246,0.5178947368421053,0.4821052631578947,0.06187205444346605,0.31061128765118307,70,13
HCP_0583,Quebec,Obstetrics/Gynecology,3.487286910114414,932,673,241,0.35809806835066865,0.6419019316493313,0.09060289303231515,0.06663121502248864,88,6
HCP_0584,Quebec,Obstetrics/Gynecology,3.487286910114414,1654,1206,402,0.3333333333333333,0.6666666666666667,-0.06910936080745875,0.12675334887669074,66,73
HCP_0585,Quebec,Obstetrics/Gynecology,3.487286910114414,796,615,64,0.1040650406504065,0.8959349593495936,0.052450060065550176,0.2971813744861237,78,78
HCP_0586,Quebec,Obstetrics/Gynecology,3.487286910114414,815,503,30,0.05964214711729622,0.9403578528827038,-0.12588086288105138,0.3239280469880068,92,30
HCP_0587,Quebec,Obstetrics/Gynecology,3.487286910114414,636,305,177,0.580327868852459,0.419672131147541,-0.16228603644872786,0.20936144352167496,49,92
HCP_0588,Quebec,Obstetrics/Gynecology,3.487286910114414,555,359,92,0.2562674094707521,0.7437325905292479,0.09400956894707084,0.29432601846752715,28,80
HCP_0589,Quebec,Obstetrics/Gynecology,3.487286910114414,999,696,266,0.382183908045977,0.617816091954023,0.0039350310403060695,0.18578325902921222,73,50
HCP_0590,Quebec,Obstetrics/Gynecology,3.487286910114414,554,385,36,0.09350649350649351,0.9064935064935065,0.0742736489145463,0.10596963575844465,31,28
HCP_0591,Quebec,Obstetrics/Gynecology,3.487286910114414,766,466,198,0.4248927038626609,0.5751072961373391,0.047852602758998,0.18935232273301728,86,14
HCP_0592,Quebec,Obstetrics/Gynecology,3.487286910114414,632,270,152,0.562962962962963,0.437037037037037,-0.06716800583965568,0.25298873707110003,38,89
HCP_0593,Quebec,Obstetrics/Gynecology,3.487286910114414,883,484,177,0.365702479338843,0.634297520661157,0.044569483764279626,0.3818186486485116,8,75
HCP_0594,Quebec,Obstetrics/Gynecology,3.487286910114414,840,645,77,0.11937984496124031,0.8806201550387597,-0.09797215660178261,0.07406283323103707,100,24
HCP_0595,Quebec,Obstetrics/Gynecology,3.487286910114414,1074,681,252,0.3700440528634361,0.6299559471365639,0.21691668296016808,0.22758793284573625,13,60
HCP_0596,Quebec,Obstetrics/Gynecology,3.487286910114414,625,385,182,0.4727272727272727,0.5272727272727273,-0.11271644138319566,0.16512192237375356,67,40
HCP_0597,Quebec,Obstetrics/Gynecology,3.487286910114414,680,345,94,0.27246376811594203,0.7275362318840579,0.026505767483770242,0.2279090929968431,63,68
HCP_0598,Quebec,Obstetrics/Gynecology,3.487286910114414,530,290,155,0.5344827586206896,0.4655172413793104,-0.0750725905656698,0.05839140658178609,19,3
HCP_0599,Quebec,Obstetrics/Gynecology,3.487286910114414,639,484,197,0.40702479338842973,0.5929752066115703,0.11845054080329546,0.15955887414555348,27,56
HCP_0600,Quebec,Obstetrics/Gynecology,3.487286910114414,852,568,309,0.5440140845070423,0.45598591549295775,0.01022823544621966,0.33695385163445174,13,30
HCP_0601,Quebec,Obstetrics/Gynecology,3.487286910114414,974,696,273,0.3922413793103448,0.6077586206896552,-0.01224000635454521,0.24387960684912313,43,2
HCP_0602,Quebec,Obstetrics/Gynecology,3.487286910114414,541,315,38,0.12063492063492064,0.8793650793650793,0.15238418540618653,0.2077038724856411,97,66
HCP_0603,Quebec,Obstetrics/Gynecology,3.487286910114414,1013,661,146,0.22087745839636913,0.7791225416036309,0.053531671001306264,0.14993377510036887,76,89
HCP_0604,Ontario,Internal Medicine,4.589472940874459,1377,688,111,0.1613372093023256,0.8386627906976745,0.11199733351231607,0.1543148829769746,94,49
HCP_0605,Ontario,Internal Medicine,4.589472940874459,990,675,371,0.5496296296296296,0.4503703703703704,-0.06775911238209577,0.18408550175670457,96,16
HCP_0606,Ontario,Internal Medicine,4.589472940874459,1653,944,442,0.4682203389830508,0.5317796610169492,-0.11857803327130083,0.3424497484875962,38,59
HCP_0607,Ontario,Internal Medicine,4.589472940874459,654,377,159,0.4217506631299735,0.5782493368700266,0.06286495544481605,0.388524622382894,27,73
HCP_0608,Ontario,Internal Medicine,4.589472940874459,554,365,79,0.21643835616438356,0.7835616438356164,0.011738437340632256,0.2035293834726311,63,65
HCP_0609,Ontario,Internal Medicine,4.589472940874459,460,356,54,0.15168539325842698,0.848314606741573,0.1251721606944733,0.18767349356171664,88,87
HCP_0610,Ontario,Internal Medicine,4.589472940874459,1447,616,287,0.4659090909090909,0.5340909090909092,0.04041098568049404,0.346292771536952,31,74
HCP_0611,Ontario,Internal Medicine,4.589472940874459,1077,786,244,0.3104325699745547,0.6895674300254453,0.07460904070815559,0.19941686222270627,8,23
HCP_0612,Ontario,Internal Medicine,4.589472940874459,840,434,76,0.17511520737327188,0.8248847926267281,-0.1448059035929492,0.24320636030347792,27,98
HCP_0613,Ontario,Internal Medicine,4.589472940874459,945,546,212,0.3882783882783883,0.6117216117216118,0.2766124327537108,0.13082958260956057,94,86
HCP_0614,Ontario,Internal Medicine,4.589472940874459,578,236,17,0.07203389830508475,0.9279661016949152,0.030290961796156177,0.3102258875226763,16,31
HCP_0615,Ontario,Internal Medicine,4.589472940874459,2017,1050,241,0.22952380952380952,0.7704761904761905,0.13371043644070388,0.2361959113947737,86,86
HCP_0616,Ontario,Internal Medicine,4.589472940874459,897,539,166,0.3079777365491651,0.6920222634508348,-0.050331000426355174,0.3331620925841196,76,97
HCP_0617,Ontario,Internal Medicine,4.589472940874459,890,376,49,0.13031914893617022,0.8696808510638298,0.0869611882660809,0.3232564555100344,54,18
HCP_0618,Ontario,Internal Medicine,4.589472940874459,1105,659,390,0.5918057663125948,0.40819423368740515,-0.10634137162296943,0.12525166889451,9,65
HCP_0619,Ontario,Internal Medicine,4.589472940874459,1014,782,129,0.1649616368286445,0.8350383631713555,0.10424814059116053,0.30047244269521683,79,59
HCP_0620,Ontario,Internal Medicine,4.589472940874459,927,410,50,0.12195121951219512,0.8780487804878049,0.0072831098737000735,0.33001904278298,5,65
HCP_0621,Ontario,Internal Medicine,4.589472940874459,650,459,74,0.16122004357298475,0.8387799564270153,0.0535028604722681,0.1711375342738383,47,14
HCP_0622,Ontario,Internal Medicine,4.589472940874459,1011,570,270,0.47368421052631576,0.5263157894736843,0.13375688361561172,0.1104131895157961,74,84
HCP_0623,Ontario,Internal Medicine,4.589472940874459,1656,1096,311,0.28375912408759124,0.7162408759124088,-0.09790483734643361,0.05092125445285586,66,34
HCP_0624,Ontario,Internal Medicine,4.589472940874459,1372,692,250,0.36127167630057805,0.6387283236994219,-0.03213900767353564,0.20781627858260188,91,68
HCP_0625,Ontario,Internal Medicine,4.589472940874459,1497,694,43,0.06195965417867435,0.9380403458213257,0.10487891373041186,0.1733514560385946,40,26
HCP_0626,Ontario,Internal Medicine,4.589472940874459,717,333,23,0.06906906906906907,0.9309309309309309,0.3017865769456096,0.24421844183889313,78,87
HCP_0627,Ontario,Internal Medicine,4.589472940874459,606,259,76,0.29343629343629346,0.7065637065637065,0.03343011984062219,0.11581438240607503,59,6
HCP_0628,Ontario,Internal Medicine,4.589472940874459,820,389,194,0.4987146529562982,0.5012853470437018,0.1209363341508719,0.35088294168326634,76,5
HCP_0629,Ontario,Internal Medicine,4.589472940874459,874,582,312,0.5360824742268041,0.4639175257731959,0.0371634236169824,0.1402143254698384,41,32
HCP_0630,Ontario,Internal Medicine,4.589472940874459,1257,946,92,0.09725158562367865,0.9027484143763214,0.28306947137075594,0.1292503617806775,80,57
HCP_0631,Ontario,Internal Medicine,4.589472940874459,474,344,119,0.34593023255813954,0.6540697674418605,-0.15966660003583066,0.21824991976952463,70,48
HCP_0632,Ontario,Internal Medicine,4.589472940874459,1464,987,545,0.5521783181357649,0.4478216818642351,0.06135452536032296,0.224597858310496,27,16
HCP_0633,Ontario,Internal Medicine,4.589472940874459,811,360,95,0.2638888888888889,0.7361111111111112,-0.14506528402744728,0.1252798300747825,12,41
HCP_0634,Ontario,Internal Medicine,4.589472940874459,738,381,193,0.5065616797900262,0.4934383202099738,-0.250788588464406,0.14515125435407053,80,93
HCP_0635,Ontario,Internal Medicine,4.589472940874459,601,315,39,0.12380952380952381,0.8761904761904762,0.08569544637413798,0.10939683370433573,14,71
HCP_0636,Ontario,Internal Medicine,4.589472940874459,480,240,135,0.5625,0.4375,0.06673973553769506,0.3014610624131084,35,39
HCP_0637,Ontario,Internal Medicine,4.589472940874459,1143,693,321,0.46320346320346323,0.5367965367965368,0.01581956747093584,0.3195311609389287,91,45
HCP_0638,Ontario,Internal Medicine,4.589472940874459,879,540,307,0.5685185185185185,0.43148148148148147,0.03725670919522962,0.21181497411074895,14,70
HCP_0639,Ontario,Internal Medicine,4.589472940874459,546,296,125,0.4222972972972973,0.5777027027027026,0.4217959320885509,0.29993045793975615,74,69
HCP_0640,Ontario,Internal Medicine,4.589472940874459,545,295,74,0.25084745762711863,0.7491525423728813,0.019018983436227876,0.30757738717810595,55,67
HCP_0641,Ontario,Internal Medicine,4.589472940874459,762,557,315,0.5655296229802513,0.43447037701974867,0.11121492335000899,0.09839643468723303,94,0
HCP_0642,Ontario,Internal Medicine,4.589472940874459,1537,1100,222,0.2018181818181818,0.7981818181818182,-0.027923778353665704,0.3881623086920879,3,78
HCP_0643,Ontario,Internal Medicine,4.589472940874459,782,409,95,0.23227383863080683,0.7677261613691931,0.08542790900487238,0.3373611814837509,98,94
HCP_0644,Ontario,Internal Medicine,4.589472940874459,506,387,169,0.43669250645994834,0.5633074935400517,0.021411958993325902,0.12156921141853823,97,88
HCP_0645,Ontario,Internal Medicine,4.589472940874459,786,614,289,0.47068403908794787,0.5293159609120521,0.0007377820724323997,0.1151577625111246,51,96
HCP_0646,Ontario,Internal Medicine,4.589472940874459,779,413,232,0.5617433414043583,0.43825665859564167,0.26826782386403897,0.09398140095285397,90,51
HCP_0647,Ontario,Internal Medicine,4.589472940874459,333,180,29,0.16111111111111112,0.8388888888888889,0.19126219558212065,0.09843249688967144,9,34
HCP_0648,Ontario,Internal Medicine,4.589472940874459,841,506,247,0.4881422924901186,0.5118577075098814,0.06640959768790769,0.3118566296600437,93,68
HCP_0649,Ontario,Internal Medicine,4.589472940874459,790,613,280,0.4567699836867863,0.5432300163132138,-0.22650543231327602,0.21437898993306825,44,4
HCP_0650,Ontario,Internal Medicine,4.589472940874459,1093,820,70,0.08536585365853659,0.9146341463414634,0.006678893209691644,0.3240269604589535,83,99
HCP_0651,Ontario,Internal Medicine,4.589472940874459,1637,722,190,0.2631578947368421,0.736842105263158,0.37436330772861004,0.3111892130225719,28,16
HCP_0652,Ontario,Internal Medicine,4.589472940874459,1271,708,146,0.2062146892655367,0.7937853107344632,0.022320600003235026,0.26161444972682757,52,52
HCP_0653,Ontario,Internal Medicine,4.589472940874459,780,485,105,0.21649484536082475,0.7835051546391752,0.18238610864643895,0.29022831230253787,28,51
HCP_0654,Ontario,Internal Medicine,4.589472940874459,582,350,207,0.5914285714285714,0.4085714285714286,0.22303308823431212,0.05642450353269963,22,13
HCP_0655,Ontario,Internal Medicine,4.589472940874459,2109,1007,406,0.4031777557100298,0.5968222442899702,0.076275669902717,0.15912217638175769,56,28
HCP_0656,Ontario,Internal Medicine,4.589472940874459,875,651,290,0.445468509984639,0.5545314900153611,-0.05101859582417827,0.2732377627407936,49,7
HCP_0657,Ontario,Internal Medicine,4.589472940874459,861,578,339,0.5865051903114187,0.4134948096885813,-0.2422374798139466,0.053270733720185474,20,97
HCP_0658,Ontario,Internal Medicine,4.589472940874459,850,625,161,0.2576,0.7424,0.13209958503307456,0.0615419302889077,42,0
HCP_0659,Ontario,Internal Medicine,4.589472940874459,918,683,335,0.4904831625183016,0.5095168374816984,-0.04777072033882576,0.34816079386463417,9,28
HCP_0660,Ontario,Internal Medicine,4.589472940874459,815,570,165,0.2894736842105263,0.7105263157894737,0.07113805422652306,0.28940870159222515,75,35
HCP_0661,Ontario,Internal Medicine,4.589472940874459,701,404,213,0.5272277227722773,0.47277227722772275,-0.0999784407507237,0.1428794065921204,29,50
HCP_0662,Ontario,Internal Medicine,4.589472940874459,708,456,68,0.14912280701754385,0.8508771929824561,0.018171495143575737,0.2907869940415482,50,36
HCP_0663,Ontario,Internal Medicine,4.589472940874459,847,393,224,0.5699745547073791,0.4300254452926209,0.054046286588126394,0.32735983419874215,32,92
HCP_0664,Ontario,Internal Medicine,4.589472940874459,708,474,81,0.17088607594936708,0.8291139240506329,0.08223122972531574,0.15737799908853545,17,68
HCP_0665,Ontario,Internal Medicine,4.589472940874459,668,315,72,0.22857142857142856,0.7714285714285715,-0.0837786624822897,0.06261308212471561,77,52
HCP_0666,Ontario,Internal Medicine,4.589472940874459,889,602,280,0.46511627906976744,0.5348837209302326,0.19362931385136228,0.37647269364070707,21,95
HCP_0667,Ontario,Internal Medicine,4.589472940874459,784,386,103,0.266839378238342,0.733160621761658,-0.021627374167836555,0.1708129434034707,63,51
HCP_0668,Ontario,Internal Medicine,4.589472940874459,1451,649,250,0.3852080123266564,0.6147919876733436,-0.15093633525438943,0.08726861714964723,20,87
HCP_0669,Ontario,Internal Medicine,4.589472940874459,339,158,47,0.2974683544303797,0.7025316455696202,0.036917189604384344,0.22214990498760162,0,82
HCP_0670,Ontario,Internal Medicine,4.589472940874459,1256,503,231,0.4592445328031809,0.5407554671968191,0.05412503708317521,0.31896372848244686,14,11
HCP_0671,Ontario,Internal Medicine,4.589472940874459,1325,911,160,0.1756311745334797,0.8243688254665202,0.06927073198061118,0.1275765601161457,35,51
HCP_0672,Ontario,Internal Medicine,4.589472940874459,415,288,24,0.08333333333333333,0.9166666666666666,0.21345588844220953,0.14432151754667719,46,0
HCP_0673,Ontario,Internal Medicine,4.589472940874459,760,461,99,0.21475054229934923,0.7852494577006508,0.021626139591696878,0.13495024537950412,53,6
HCP_0674,Ontario,Internal Medicine,4.589472940874459,752,349,108,0.30945558739255014,0.6905444126074498,0.03564564507574744,0.3970855684910874,85,16
HCP_0675,Ontario,Internal Medicine,4.589472940874459,524,227,32,0.14096916299559473,0.8590308370044053,-0.0823821257479712,0.1190913068056899,31,97
HCP_0676,Ontario,Internal Medicine,4.589472940874459,653,266,65,0.24436090225563908,0.7556390977443609,0.14846642034654764,0.25143207593814343,57,42
HCP_0677,Ontario,Internal Medicine,4.589472940874459,581,271,73,0.2693726937269373,0.7306273062730627,0.07211708768937242,0.37384262457993755,45,70
HCP_0678,Ontario,Internal Medicine,4.589472940874459,1582,1197,98,0.08187134502923976,0.9181286549707602,-0.0004033272752995004,0.10141379910722274,53,16
HCP_0679,Ontario,Internal Medicine,4.589472940874459,1189,590,219,0.3711864406779661,0.6288135593220339,-0.17856096321585563,0.3897989692536951,32,58
HCP_0680,Ontario,Internal Medicine,4.589472940874459,1337,724,388,0.5359116022099447,0.4640883977900553,0.22332946340661047,0.38161703203846864,38,2
HCP_0681,Ontario,Internal Medicine,4.589472940874459,1103,488,65,0.13319672131147542,0.8668032786885246,-0.09732159573472686,0.3596001954703919,22,28
HCP_0682,Ontario,Internal Medicine,4.589472940874459,577,282,107,0.37943262411347517,0.6205673758865249,-0.020953361124364675,0.1250947824655008,42,21
HCP_0683,Ontario,Internal Medicine,4.589472940874459,713,433,180,0.41570438799076215,0.5842956120092379,0.09300134132912038,0.2719192696038442,54,37
HCP_0684,Ontario,Internal Medicine,4.589472940874459,1017,654,184,0.28134556574923547,0.7186544342507646,-0.09358695143400238,0.31631201553643407,1,53
HCP_0685,Ontario,Internal Medicine,4.589472940874459,559,278,121,0.4352517985611511,0.564748201438849,-0.1292211733903772,0.39510977486875043,65,92
HCP_0686,Ontario,Internal Medicine,4.589472940874459,1100,465,128,0.2752688172043011,0.7247311827956989,-0.20487370992407977,0.11314833772847965,37,49
HCP_0687,Ontario,Internal Medicine,4.589472940874459,788,438,143,0.3264840182648402,0.6735159817351598,0.1365196343486763,0.3181090648317538,28,68
HCP_0688,Ontario,Internal Medicine,4.589472940874459,752,371,20,0.05390835579514825,0.9460916442048517,-0.015422349367158625,0.16858040947448955,66,29
HCP_0689,Ontario,Internal Medicine,4.589472940874459,1099,536,231,0.43097014925373134,0.5690298507462687,0.40127241109679956,0.11146926294880083,70,22
HCP_0690,Ontario,Internal Medicine,4.589472940874459,1001,785,325,0.4140127388535032,0.5859872611464968,-0.0693226078757048,0.19748192942484927,35,84
HCP_0691,Ontario,Internal Medicine,4.589472940874459,755,488,35,0.07172131147540983,0.9282786885245902,-0.06057412281147055,0.32784256925201577,28,89
HCP_0692,Ontario,Internal Medicine,4.589472940874459,1286,801,202,0.25218476903870163,0.7478152309612984,-0.017847156434248168,0.21269743129641827,36,46
HCP_0693,Ontario,Internal Medicine,4.589472940874459,587,332,195,0.5873493975903614,0.4126506024096386,0.0791761586166187,0.238133085071067,99,20
HCP_0694,Ontario,Internal Medicine,4.589472940874459,1063,608,171,0.28125,0.71875,-0.0064244006542373555,0.3983057935700424,86,19
HCP_0695,Ontario,Internal Medicine,4.589472940874459,1055,650,212,0.3261538461538461,0.6738461538461539,0.12347986568030145,0.1896882548450991,44,22
HCP_0696,Ontario,Internal Medicine,4.589472940874459,769,522,287,0.5498084291187739,0.4501915708812261,-0.06743060679863852,0.26539026414823397,15,67
HCP_0697,Ontario,Internal Medicine,4.589472940874459,961,654,291,0.44495412844036697,0.555045871559633,-0.11579100621562972,0.17783547056538018,30,20
HCP_0698,Ontario,Internal Medicine,4.589472940874459,553,259,96,0.37065637065637064,0.6293436293436294,-0.1657857687290929,0.18747497621504672,33,20
HCP_0699,Ontario,Internal Medicine,4.589472940874459,1184,710,347,0.4887323943661972,0.5112676056338028,-0.2168289001524636,0.29347426370589286,49,0
HCP_0700,Ontario,Internal Medicine,4.589472940874459,803,454,239,0.526431718061674,0.473568281938326,-0.012168282337006807,0.3782604416332092,64,14
HCP_0701,Ontario,Internal Medicine,4.589472940874459,714,534,161,0.301498127340824,0.6985018726591761,0.01388236251281337,0.2398256326723125,81,16
HCP_0702,Ontario,Internal Medicine,4.589472940874459,1237,807,251,0.3110285006195787,0.6889714993804212,-0.025772443297981992,0.31893997513207295,61,50
HCP_0703,Ontario,Internal Medicine,4.589472940874459,670,411,108,0.26277372262773724,0.7372262773722628,0.1992086956624594,0.08122229558593734,42,62
HCP_0704,Ontario,Internal Medicine,4.589472940874459,523,233,136,0.5836909871244635,0.41630901287553645,0.19736362515297617,0.12390531310117445,55,13
HCP_0705,Ontario,Internal Medicine,4.589472940874459,497,319,138,0.43260188087774293,0.567398119122257,0.009823641506659778,0.22574607432183635,14,58
HCP_0706,Ontario,Internal Medicine,4.589472940874459,1059,473,45,0.09513742071881606,0.904862579281184,-0.16527053358303556,0.05700410327007118,47,82
HCP_0707,Ontario,Internal Medicine,4.589472940874459,547,293,154,0.5255972696245734,0.4744027303754266,-0.018004612966606326,0.1384992425668956,48,49
HCP_0708,Ontario,Internal Medicine,4.589472940874459,1584,724,228,0.3149171270718232,0.6850828729281768,-0.021978567270047364,0.2310904514387382,80,33
HCP_0709,Ontario,Internal Medicine,4.589472940874459,414,280,25,0.08928571428571429,0.9107142857142857,-0.028856195473366958,0.05523641938970525,43,5
HCP_0710,Ontario,Internal Medicine,4.589472940874459,1552,749,264,0.35246995994659547,0.6475300400534045,-0.03372626846778938,0.1425912001791146,9,48
HCP_0711,Ontario,Internal Medicine,4.589472940874459,923,514,144,0.2801556420233463,0.7198443579766537,-0.02841554748697686,0.22991078681655436,19,5
HCP_0712,Ontario,Internal Medicine,4.589472940874459,828,628,335,0.5334394904458599,0.4665605095541401,0.0036150060922688354,0.250602236793436,69,68
HCP_0713,Ontario,Internal Medicine,4.589472940874459,708,341,55,0.16129032258064516,0.8387096774193549,-0.026264931857866797,0.37401309256935694,7,6
HCP_0714,Ontario,Internal Medicine,4.589472940874459,985,594,300,0.5050505050505051,0.4949494949494949,0.07499870103507106,0.2758709681377128,44,96
HCP_0715,Ontario,Internal Medicine,4.589472940874459,846,480,171,0.35625,0.64375,0.09324424590858332,0.1951575308854978,33,76
HCP_0716,Ontario,Internal Medicine,4.589472940874459,1261,514,41,0.07976653696498054,0.9202334630350195,-0.05927741046189877,0.37562291199657377,95,50
HCP_0717,Ontario,Internal Medicine,4.589472940874459,892,640,374,0.584375,0.415625,0.202527839120844,0.324709044185728,50,0
HCP_0718,Ontario,Internal Medicine,4.589472940874459,903,386,128,0.3316062176165803,0.6683937823834196,-0.0676074762208737,0.12000312238946166,3,12
HCP_0719,Ontario,Internal Medicine,4.589472940874459,755,445,93,0.20898876404494382,0.7910112359550562,-0.14413607365784042,0.09579482647208692,38,42
HCP_0720,Ontario,Internal Medicine,4.589472940874459,840,524,161,0.30725190839694655,0.6927480916030535,0.0956933685638062,0.28653407250995655,83,26
HCP_0721,Ontario,Internal Medicine,4.589472940874459,954,621,324,0.5217391304347826,0.4782608695652174,-0.04808897612972077,0.24595910795194437,23,70
HCP_0722,Ontario,Internal Medicine,4.589472940874459,471,318,69,0.2169811320754717,0.7830188679245282,0.08855497649088656,0.3263857648274645,87,2
HCP_0723,Ontario,Internal Medicine,4.589472940874459,535,268,42,0.15671641791044777,0.8432835820895522,-0.23844023213206367,0.3085817675275403,54,57
HCP_0724,Ontario,Internal Medicine,4.589472940874459,1112,449,54,0.12026726057906459,0.8797327394209354,0.21709471297796812,0.2688240368501303,25,88
HCP_0725,Ontario,Internal Medicine,4.589472940874459,910,627,134,0.21371610845295055,0.7862838915470495,0.13067520896484824,0.3952337600701123,24,96
HCP_0726,Ontario,Internal Medicine,4.589472940874459,803,493,236,0.4787018255578093,0.5212981744421907,-0.13005718589956017,0.23675640553864308,35,16
HCP_0727,Ontario,Internal Medicine,4.589472940874459,862,633,196,0.30963665086887837,0.6903633491311216,-0.1274532548615543,0.08958701477560195,70,44
HCP_0728,Ontario,Internal Medicine,4.589472940874459,968,705,123,0.17446808510638298,0.825531914893617,0.2506719084917033,0.33989574768559594,73,77
HCP_0729,Ontario,Internal Medicine,4.589472940874459,709,523,74,0.14149139579349904,0.858508604206501,-0.038485588419755024,0.13814867682099816,57,100
HCP_0730,Ontario,Cardiology,4.098744662672619,617,367,86,0.23433242506811988,0.7656675749318801,-0.050102181847914845,0.32205575185037144,11,57
HCP_0731,Ontario,Cardiology,4.098744662672619,867,463,263,0.5680345572354212,0.4319654427645788,-0.22192625129791393,0.384987483600018,0,55
HCP_0732,Ontario,Cardiology,4.098744662672619,575,412,98,0.23786407766990292,0.7621359223300971,0.007906615327813504,0.29387842988751944,49,53
HCP_0733,Ontario,Cardiology,4.098744662672619,934,542,322,0.5940959409594095,0.40590405904059046,0.022673646219709662,0.2586105563324304,24,86
HCP_0734,Ontario,Cardiology,4.098744662672619,446,211,67,0.3175355450236967,0.6824644549763033,0.13585917161233824,0.2111351614862642,79,87
HCP_0735,Ontario,Cardiology,4.098744662672619,1161,861,128,0.148664343786295,0.851335656213705,-0.11788941138213706,0.17754345309839115,4,28
HCP_0736,Ontario,Cardiology,4.098744662672619,955,719,388,0.5396383866481224,0.46036161335187764,-0.13243441506887316,0.1735516628401427,82,53
HCP_0737,Ontario,Cardiology,4.098744662672619,886,520,158,0.3038461538461538,0.6961538461538461,0.10411551617317721,0.27273044699835675,67,26
HCP_0738,Ontario,Cardiology,4.098744662672619,1142,491,216,0.439918533604888,0.560081466395112,0.17080760854724777,0.31294559092821106,5,44
HCP_0739,Ontario,Cardiology,4.098744662672619,1451,805,476,0.591304347826087,0.408695652173913,-0.13853828213414598,0.28748097431954506,25,86
HCP_0740,Ontario,Cardiology,4.098744662672619,1155,833,65,0.07803121248499399,0.921968787515006,0.17978169035596897,0.11944353541774697,54,30
HCP_0741,Ontario,Cardiology,4.098744662672619,425,323,33,0.1021671826625387,0.8978328173374613,0.05450502097841858,0.22289551305022193,38,35
HCP_0742,Ontario,Cardiology,4.098744662672619,517,249,111,0.4457831325301205,0.5542168674698795,0.18101664068895745,0.32707402526407203,8,80
HCP_0743,Ontario,Cardiology,4.098744662672619,651,278,57,0.20503597122302158,0.7949640287769784,0.04157355661788602,0.2164964273661697,44,60
HCP_0744,Ontario,Cardiology,4.098744662672619,817,614,93,0.15146579804560262,0.8485342019543973,-0.2526733500985541,0.23781814790742284,13,36
HCP_0745,Ontario,Cardiology,4.098744662672619,971,540,39,0.07222222222222222,0.9277777777777778,0.03176391412207534,0.3198976168597878,54,66
HCP_0746,Ontario,Cardiology,4.098744662672619,628,387,24,0.06201550387596899,0.937984496124031,0.1772172582405524,0.28144285719278206,8,35
HCP_0747,Ontario,Cardiology,4.098744662672619,865,681,324,0.47577092511013214,0.5242290748898679,-0.05724952229004571,0.1932707223088374,14,4
HCP_0748,Ontario,Cardiology,4.098744662672619,622,265,33,0.12452830188679245,0.8754716981132076,0.0034442037311057383,0.3633944489179767,36,45
HCP_0749,Ontario,Cardiology,4.098744662672619,654,431,132,0.3062645011600928,0.6937354988399071,0.02886397957388261,0.10689847403221751,49,78
HCP_0750,Ontario,Cardiology,4.098744662672619,495,213,82,0.38497652582159625,0.6150234741784038,-0.2979416655842178,0.3984307570066137,83,51
HCP_0751,Ontario,Cardiology,4.098744662672619,586,322,92,0.2857142857142857,0.7142857142857143,0.25056170905249714,0.09159840246668302,71,48
HCP_0752,Ontario,Cardiology,4.098744662672619,505,364,24,0.06593406593406594,0.9340659340659341,-0.05816508158766093,0.05523248988648362,95,5
HCP_0753,Ontario,Cardiology,4.098744662672619,576,330,159,0.4818181818181818,0.5181818181818182,0.11068825189673587,0.3615066154020677,20,9
HCP_0754,Ontario,Cardiology,4.098744662672619,1171,935,52,0.05561497326203209,0.9443850267379679,0.03959586366221496,0.13573372792808464,56,95
HCP_0755,Ontario,Cardiology,4.098744662672619,581,362,170,0.4696132596685083,0.5303867403314917,0.20091428676312323,0.3053948696063523,18,22
HCP_0756,Ontario,Cardiology,4.098744662672619,2035,1075,582,0.5413953488372093,0.4586046511627907,0.09872673469136972,0.33385538122622427,92,16
HCP_0757,Ontario,Cardiology,4.098744662672619,962,469,135,0.2878464818763326,0.7121535181236673,0.02180908741748305,0.3506452368612409,57,83
HCP_0758,Ontario,Cardiology,4.098744662672619,864,467,161,0.34475374732334046,0.6552462526766596,-0.05722181110231361,0.3970579824824584,94,43
HCP_0759,Ontario,Cardiology,4.098744662672619,600,329,103,0.3130699088145897,0.6869300911854104,0.14574208416585666,0.15291389851399967,5,40
HCP_0760,Ontario,Cardiology,4.098744662672619,1035,442,117,0.2647058823529412,0.7352941176470589,-0.17481295647455397,0.29858516967454074,3,14
HCP_0761,Ontario,Cardiology,4.098744662672619,662,363,195,0.5371900826446281,0.4628099173553719,0.1275068504331071,0.09038995039828988,42,43
HCP_0762,Ontario,Cardiology,4.098744662672619,845,495,268,0.5414141414141415,0.45858585858585854,-0.08188537018658472,0.1923832519748973,92,57
HCP_0763,Ontario,Cardiology,4.098744662672619,1984,1367,321,0.23482077542062912,0.7651792245793709,0.20027403943479677,0.34679009265940663,41,85
HCP_0764,Ontario,Cardiology,4.098744662672619,783,519,202,0.3892100192678227,0.6107899807321773,0.06935594511952342,0.1786803161206879,2,49
HCP_0765,Ontario,Cardiology,4.098744662672619,1211,828,464,0.5603864734299517,0.43961352657004826,0.12729485214201303,0.25688338318746495,0,51
HCP_0766,Ontario,Cardiology,4.098744662672619,633,255,148,0.5803921568627451,0.41960784313725485,0.05983865765896633,0.22632070530362192,54,69
HCP_0767,Ontario,Cardiology,4.098744662672619,800,390,129,0.33076923076923076,0.6692307692307693,-0.16028525141691957,0.2760830358892158,14,67
HCP_0768,Ontario,Cardiology,4.098744662672619,1505,1000,299,0.299,0.7010000000000001,-0.053287499607440614,0.3905130362856932,46,62
HCP_0769,Ontario,Cardiology,4.098744662672619,650,386,78,0.20207253886010362,0.7979274611398963,0.13068672051336588,0.06950743427549075,84,57
HCP_0770,Ontario,Cardiology,4.098744662672619,1527,614,355,0.5781758957654723,0.42182410423452765,0.06999869808318128,0.2508865311255704,45,22
HCP_0771,Ontario,Cardiology,4.098744662672619,1037,749,96,0.12817089452603472,0.8718291054739653,0.19171878863668063,0.3520600727375997,57,43
HCP_0772,Ontario,Cardiology,4.098744662672619,665,472,174,0.3686440677966102,0.6313559322033898,0.09839294756446061,0.21848394911194963,94,82
HCP_0773,Ontario,Cardiology,4.098744662672619,1010,626,129,0.20607028753993611,0.7939297124600639,-0.06600422688431916,0.0774845150795505,70,94
HCP_0774,Ontario,Cardiology,4.098744662672619,1138,485,99,0.20412371134020618,0.7958762886597939,-0.04552769652647608,0.2461887733458698,80,43
HCP_0775,Ontario,Cardiology,4.098744662672619,1007,712,194,0.27247191011235955,0.7275280898876404,0.062350086862788465,0.16622586178833715,82,51
HCP_0776,Ontario,Cardiology,4.098744662672619,467,296,177,0.597972972972973,0.402027027027027,-0.22768528792001264,0.10422962486827758,38,66
HCP_0777,Ontario,Cardiology,4.098744662672619,628,448,36,0.08035714285714286,0.9196428571428571,0.2508130262747582,0.3471620796492156,2,27
HCP_0778,Ontario,Cardiology,4.098744662672619,743,521,192,0.3685220729366603,0.6314779270633397,0.10300960836530687,0.23255982954689258,29,66
HCP_0779,Ontario,Gastroenterology,4.3514780994329785,813,586,56,0.09556313993174062,0.9044368600682594,0.19724415164586467,0.37664674433267337,34,77
HCP_0780,Ontario,Gastroenterology,4.3514780994329785,1037,630,85,0.1349206349206349,0.8650793650793651,-0.13967247289710027,0.3321057766110742,56,17
HCP_0781,Ontario,Gastroenterology,4.3514780994329785,888,405,118,0.291358024691358,0.7086419753086419,0.19934781924263067,0.2925401278207836,28,26
HCP_0782,Ontario,Gastroenterology,4.3514780994329785,523,350,116,0.3314285714285714,0.6685714285714286,0.3177798693233298,0.05175892617785918,49,50
HCP_0783,Ontario,Gastroenterology,4.3514780994329785,953,618,119,0.1925566343042071,0.8074433656957929,-0.1085054026452781,0.19973820982338752,61,59
HCP_0784,Ontario,Gastroenterology,4.3514780994329785,1033,720,161,0.22361111111111112,0.7763888888888889,0.142568215388452,0.11912019857821131,51,73
HCP_0785,Ontario,Gastroenterology,4.3514780994329785,1015,475,46,0.0968421052631579,0.9031578947368422,0.05013319336247518,0.3687792688671037,13,48
HCP_0786,Ontario,Gastroenterology,4.3514780994329785,1218,582,126,0.21649484536082475,0.7835051546391752,-0.1353320617897893,0.11110439463672611,34,14
HCP_0787,Ontario,Gastroenterology,4.3514780994329785,1117,845,491,0.5810650887573965,0.4189349112426035,0.10914607662222436,0.15012101808074993,27,82
HCP_0788,Ontario,Gastroenterology,4.3514780994329785,980,686,391,0.5699708454810496,0.4300291545189504,0.1500323845804818,0.2308928687070747,57,72
HCP_0789,Ontario,Gastroenterology,4.3514780994329785,814,621,145,0.23349436392914655,0.7665056360708534,-0.02213518632026161,0.14217726664932775,29,67
HCP_0790,Ontario,Gastroenterology,4.3514780994329785,467,329,120,0.364741641337386,0.6352583586626139,0.18990998243062673,0.12345263704769242,89,14
HCP_0791,Ontario,Gastroenterology,4.3514780994329785,970,620,341,0.55,0.44999999999999996,-0.1500116088147037,0.2596847637859634,6,50
HCP_0792,Ontario,Gastroenterology,4.3514780994329785,897,594,32,0.05387205387205387,0.9461279461279462,-0.12937073757395728,0.08112533296425836,38,47
HCP_0793,Ontario,Gastroenterology,4.3514780994329785,918,694,344,0.4956772334293948,0.5043227665706052,0.06639168747065029,0.07035871555232366,94,71
HCP_0794,Ontario,Gastroenterology,4.3514780994329785,534,337,193,0.5727002967359051,0.42729970326409494,0.053046233356672606,0.18028585331512503,68,0
HCP_0795,Ontario,Gastroenterology,4.3514780994329785,572,373,37,0.09919571045576407,0.900804289544236,-0.03598881861089262,0.3022325590777518,34,6
HCP_0796,Ontario,Gastroenterology,4.3514780994329785,1206,558,77,0.13799283154121864,0.8620071684587813,0.1471513323166263,0.24418236539588184,51,52
HCP_0797,Ontario,Gastroenterology,4.3514780994329785,823,485,281,0.5793814432989691,0.4206185567010309,0.11370731770591393,0.19800676396337263,13,30
HCP_0798,Ontario,Gastroenterology,4.3514780994329785,1059,727,251,0.3452544704264099,0.6547455295735901,0.1529766885120819,0.24801304747860387,62,17
HCP_0799,Ontario,Gastroenterology,4.3514780994329785,843,429,25,0.05827505827505827,0.9417249417249417,0.03522362775772789,0.17790801962864577,35,11
HCP_0800,Ontario,Gastroenterology,4.3514780994329785,843,405,78,0.1925925925925926,0.8074074074074074,0.1223096321574009,0.3776512174012395,90,47
HCP_0801,Ontario,Gastroenterology,4.3514780994329785,1159,609,181,0.29720853858784896,0.7027914614121511,-0.003478036363599342,0.06921671181877102,23,29
HCP_0802,Ontario,Gastroenterology,4.3514780994329785,697,346,149,0.430635838150289,0.569364161849711,0.29645824281039146,0.28568701766044236,39,96
HCP_0803,Ontario,Gastroenterology,4.3514780994329785,863,419,190,0.45346062052505964,0.5465393794749404,-0.04750549241463829,0.36194893268971273,28,6
HCP_0804,Ontario,Neurology,7.194335700141704,913,520,311,0.5980769230769231,0.40192307692307694,0.3026356915349974,0.3313596480573387,52,91
HCP_0805,Ontario,Neurology,7.194335700141704,922,704,147,0.20880681818181818,0.7911931818181819,0.05418655365072903,0.11441436218750636,21,2
HCP_0806,Ontario,Neurology,7.194335700141704,963,581,201,0.3459552495697074,0.6540447504302926,-0.11506130674824912,0.15357422214310096,71,62
HCP_0807,Ontario,Neurology,7.194335700141704,1160,551,189,0.3430127041742287,0.6569872958257713,0.2141695220586321,0.30096677854748666,14,5
HCP_0808,Ontario,Neurology,7.194335700141704,907,391,107,0.27365728900255754,0.7263427109974425,0.06510816660739509,0.07949469571326795,68,94
HCP_0809,Ontario,Neurology,7.194335700141704,1665,1130,162,0.1433628318584071,0.856637168141593,0.15213489180562856,0.33415159494140445,63,14
HCP_0810,Ontario,Neurology,7.194335700141704,784,434,255,0.5875576036866359,0.4124423963133641,0.1968627102251112,0.3016174306116766,3,70
HCP_0811,Ontario,Neurology,7.194335700141704,1005,732,380,0.5191256830601093,0.4808743169398907,0.09055466649740304,0.3053623272323699,74,42
HCP_0812,Ontario,Neurology,7.194335700141704,920,611,198,0.32405891980360063,0.6759410801963994,-0.021068901377537738,0.08508447959365699,17,93
HCP_0813,Ontario,Neurology,7.194335700141704,1780,1279,488,0.3815480844409695,0.6184519155590305,0.16708560532031003,0.30121619068568084,41,90
HCP_0814,Ontario,Neurology,7.194335700141704,1149,585,102,0.17435897435897435,0.8256410256410256,0.05009066089455147,0.2879363438269895,29,80
HCP_0815,Ontario,Neurology,7.194335700141704,1540,1042,364,0.3493282149712092,0.6506717850287909,0.13230293823301026,0.3408228717876477,14,17
HCP_0816,Ontario,Neurology,7.194335700141704,638,323,140,0.43343653250773995,0.56656346749226,-0.20844766885497534,0.06455858468976433,69,21
HCP_0817,Ontario,Neurology,7.194335700141704,1178,914,305,0.3336980306345733,0.6663019693654266,0.10363780604118222,0.05808873396372727,54,60
HCP_0818,Ontario,Neurology,7.194335700141704,1465,959,570,0.59436913451512,0.40563086548488003,-0.026630299017403616,0.18055248495749626,52,60
HCP_0819,Ontario,Neurology,7.194335700141704,1104,585,226,0.38632478632478634,0.6136752136752137,0.24839715646142368,0.10207589934720351,15,52
HCP_0820,Ontario,Neurology,7.194335700141704,1558,791,201,0.25410872313527183,0.7458912768647281,0.12477048174669142,0.24543456714957768,72,25
HCP_0821,Ontario,Neurology,7.194335700141704,895,426,202,0.47417840375586856,0.5258215962441315,0.0787829295019156,0.37107211552736213,33,90
HCP_0822,Ontario,Neurology,7.194335700141704,1757,1191,171,0.14357682619647355,0.8564231738035264,0.10835719920202659,0.1870179056169055,26,39
HCP_0823,Ontario,Neurology,7.194335700141704,2399,1169,306,0.2617621899059025,0.7382378100940975,-0.06981290234520618,0.3457326320454115,12,87
HCP_0824,Ontario,Neurology,7.194335700141704,945,603,145,0.24046434494195687,0.7595356550580431,0.24479080286336646,0.05008430608125327,99,7
HCP_0825,Ontario,Neurology,7.194335700141704,918,464,133,0.28663793103448276,0.7133620689655172,0.28896445021002853,0.10898012521071448,26,20
HCP_0826,Ontario,Neurology,7.194335700141704,1784,1186,569,0.4797639123102867,0.5202360876897133,0.09714962126578597,0.06064823887892997,72,92
HCP_0827,Ontario,Neurology,7.194335700141704,1865,1354,428,0.31610044313146235,0.6838995568685377,0.24084842822883662,0.16485151318027402,68,42
HCP_0828,Ontario,Neurology,7.194335700141704,893,635,309,0.48661417322834644,0.5133858267716536,-0.01829778384070406,0.367866358493776,85,20
HCP_0829,Ontario,Neurology,7.194335700141704,926,652,239,0.3665644171779141,0.6334355828220859,-0.04565362794699769,0.08393324325964571,30,2
HCP_0830,Ontario,Neurology,7.194335700141704,972,462,110,0.23809523809523808,0.7619047619047619,0.05491096984747074,0.2622434218603302,2,30
HCP_0831,Ontario,Neurology,7.194335700141704,670,292,145,0.4965753424657534,0.5034246575342466,0.10219292460414783,0.2080235786918055,29,26
HCP_0832,Ontario,Neurology,7.194335700141704,778,529,96,0.18147448015122875,0.8185255198487713,0.0027215982508255535,0.37846387432803436,20,26
HCP_0833,Ontario,Neurology,7.194335700141704,755,413,72,0.17433414043583534,0.8256658595641646,0.11453218284421805,0.09288169988798285,98,72
HCP_0834,Ontario,Neurology,7.194335700141704,820,470,154,0.3276595744680851,0.672340425531915,0.08676673784880969,0.12420974767578014,5,56
HCP_0835,Ontario,Neurology,7.194335700141704,1060,437,85,0.1945080091533181,0.8054919908466819,-0.06979681303492659,0.060339689014022646,91,96
HCP_0836,Ontario,Neurology,7.194335700141704,1165,587,32,0.054514480408858604,0.9454855195911414,0.11225516209420655,0.20187733737098085,31,32
HCP_0837,Ontario,Neurology,7.194335700141704,1846,763,310,0.40629095674967236,0.5937090432503276,0.15362338910258255,0.147241514847629,41,89
HCP_0838,Ontario,Neurology,7.194335700141704,756,568,188,0.33098591549295775,0.6690140845070423,0.07057631811084691,0.35446707686161233,100,91
HCP_0839,Ontario,Neurology,7.194335700141704,1514,753,222,0.2948207171314741,0.7051792828685259,0.18831777239140307,0.2617292846192143,61,43
HCP_0840,Ontario,Psychiatry,3.7233316035428285,716,446,259,0.5807174887892377,0.4192825112107623,-0.09608845521963423,0.2649317582914956,88,42
HCP_0841,Ontario,Psychiatry,3.7233316035428285,759,315,115,0.36507936507936506,0.6349206349206349,0.1061540506558222,0.23616874390845588,31,30
HCP_0842,Ontario,Psychiatry,3.7233316035428285,977,651,342,0.5253456221198156,0.4746543778801844,-0.09043368476761297,0.08214761803022036,98,64
HCP_0843,Ontario,Psychiatry,3.7233316035428285,521,276,35,0.12681159420289856,0.8731884057971014,-0.0836897629879705,0.20575653930387433,85,83
HCP_0844,Ontario,Psychiatry,3.7233316035428285,882,670,243,0.36268656716417913,0.6373134328358209,-0.02571170004853479,0.3998268163979808,87,75
HCP_0845,Ontario,Psychiatry,3.7233316035428285,818,618,326,0.5275080906148867,0.4724919093851133,-0.06304722202890939,0.3423302517961052,38,16
HCP_0846,Ontario,Psychiatry,3.7233316035428285,917,486,180,0.37037037037037035,0.6296296296296297,-0.015759498248936535,0.3627106689584906,63,14
HCP_0847,Ontario,Psychiatry,3.7233316035428285,854,649,289,0.4453004622496148,0.5546995377503852,0.024301962714657354,0.3381292257362748,29,33
HCP_0848,Ontario,Psychiatry,3.7233316035428285,1823,1456,371,0.2548076923076923,0.7451923076923077,0.15045853835976614,0.08606459270084395,62,79
HCP_0849,Ontario,Psychiatry,3.7233316035428285,617,451,45,0.09977827050997783,0.9002217294900222,0.01146091535531571,0.12960688892267988,95,3
HCP_0850,Ontario,Psychiatry,3.7233316035428285,641,473,143,0.3023255813953488,0.6976744186046512,-0.14027508481235113,0.05109257797474337,30,71
HCP_0851,Ontario,Psychiatry,3.7233316035428285,621,310,83,0.267741935483871,0.732258064516129,0.18680814157941922,0.15622854370733902,86,97
HCP_0852,Ontario,Psychiatry,3.7233316035428285,635,400,211,0.5275,0.47250000000000003,-0.050450816033804746,0.08801259082127241,39,88
HCP_0853,Ontario,Psychiatry,3.7233316035428285,618,264,49,0.1856060606060606,0.8143939393939394,0.04295354874744456,0.21547767085555408,32,78
HCP_0854,Ontario,Psychiatry,3.7233316035428285,1170,512,298,0.58203125,0.41796875,0.10358438083288538,0.2869946210008657,62,27
HCP_0855,Ontario,Psychiatry,3.7233316035428285,1269,1015,586,0.5773399014778325,0.42266009852216746,0.07395325020833393,0.356076853263327,24,72
HCP_0856,Ontario,Psychiatry,3.7233316035428285,632,335,62,0.18507462686567164,0.8149253731343283,0.18130154570257706,0.31222600778181436,35,1
HCP_0857,Ontario,Psychiatry,3.7233316035428285,577,403,97,0.24069478908188585,0.7593052109181142,0.10748037720713108,0.37850495852247684,23,16
HCP_0858,Ontario,Psychiatry,3.7233316035428285,910,658,357,0.5425531914893617,0.45744680851063835,-0.05335714956365295,0.06886440163782609,94,57
HCP_0859,Ontario,Psychiatry,3.7233316035428285,636,473,275,0.5813953488372093,0.41860465116279066,0.3114274608789994,0.05426294239578951,57,73
HCP_0860,Ontario,Psychiatry,3.7233316035428285,963,769,226,0.293888166449935,0.706111833550065,0.07332001560058798,0.28146833984267444,38,8
HCP_0861,Ontario,Psychiatry,3.7233316035428285,829,412,93,0.22572815533980584,0.7742718446601942,0.03231917280541925,0.15127334357778618,45,30
HCP_0862,Ontario,Psychiatry,3.7233316035428285,454,189,64,0.3386243386243386,0.6613756613756614,0.1656710507666685,0.1387253556370206,76,65
HCP_0863,Ontario,Psychiatry,3.7233316035428285,1327,749,321,0.42857142857142855,0.5714285714285714,0.07993411351160867,0.165810480692828,9,87
HCP_0864,Ontario,Psychiatry,3.7233316035428285,1447,654,131,0.20030581039755352,0.7996941896024465,0.09790738315271925,0.14442862026232747,86,61
HCP_0865,Ontario,Psychiatry,3.7233316035428285,623,255,116,0.4549019607843137,0.5450980392156863,0.3490620798320824,0.22900274220555555,81,18
HCP_0866,Ontario,Psychiatry,3.7233316035428285,674,367,29,0.07901907356948229,0.9209809264305178,0.016985428609394407,0.20405195652844638,31,80
HCP_0867,Ontario,Psychiatry,3.7233316035428285,853,609,47,0.07717569786535304,0.922824302134647,0.011868692717912507,0.22934999298182973,96,73
HCP_0868,Ontario,Psychiatry,3.7233316035428285,868,544,143,0.26286764705882354,0.7371323529411764,0.06398942144149566,0.2854497640251527,35,54
HCP_0869,Ontario,Psychiatry,3.7233316035428285,972,510,125,0.24509803921568626,0.7549019607843137,0.17858191226972464,0.18549567813990192,27,27
HCP_0870,Ontario,Psychiatry,3.7233316035428285,1560,1032,231,0.2238372093023256,0.7761627906976745,-0.13078408362284788,0.13795769049975487,15,91
HCP_0871,Ontario,Psychiatry,3.7233316035428285,725,357,114,0.31932773109243695,0.680672268907563,-0.1858667069771806,0.10817018788306093,15,49
HCP_0872,Ontario,Psychiatry,3.7233316035428285,584,237,54,0.22784810126582278,0.7721518987341772,-0.020453832474417705,0.17231594183641896,17,64
HCP_0873,Ontario,Psychiatry,3.7233316035428285,476,336,52,0.15476190476190477,0.8452380952380952,-0.14607075508711448,0.30963226633616026,7,2
HCP_0874,Ontario,Psychiatry,3.7233316035428285,598,388,85,0.2190721649484536,0.7809278350515464,-0.0009797617030766065,0.31484671853901436,79,78
HCP_0875,Ontario,Psychiatry,3.7233316035428285,763,538,315,0.5855018587360595,0.41449814126394047,0.11029996353551483,0.2834168853394736,74,51
HCP_0876,Ontario,Psychiatry,3.7233316035428285,1446,601,166,0.2762063227953411,0.7237936772046589,-0.05688986362627162,0.13190986135740612,69,9
HCP_0877,Ontario,Psychiatry,3.7233316035428285,644,473,139,0.2938689217758985,0.7061310782241015,-0.12121918921376108,0.2558301860491442,0,20
HCP_0878,Ontario,Psychiatry,3.7233316035428285,835,541,199,0.3678373382624769,0.6321626617375231,0.05832045940584176,0.2497413815518968,61,36
HCP_0879,Ontario,Psychiatry,3.7233316035428285,767,480,284,0.5916666666666667,0.4083333333333333,0.15350521815382043,0.21949316933840396,75,14
HCP_0880,Ontario,Psychiatry,3.7233316035428285,1170,760,139,0.18289473684210528,0.8171052631578948,-0.1533968126219935,0.2424926452343525,37,86
HCP_0881,Ontario,Psychiatry,3.7233316035428285,1869,1394,592,0.4246771879483501,0.5753228120516499,0.14842788779671812,0.22212672141828382,91,77
HCP_0882,Ontario,Psychiatry,3.7233316035428285,641,407,181,0.44471744471744473,0.5552825552825553,0.14807674444859914,0.24790972812593787,44,78
HCP_0883,Ontario,Psychiatry,3.7233316035428285,650,411,158,0.3844282238442822,0.6155717761557178,0.16449021225879534,0.3004270841173951,57,73
HCP_0884,Ontario,Psychiatry,3.7233316035428285,1112,885,87,0.09830508474576272,0.9016949152542373,0.1962176257846024,0.08836986804120392,80,8
HCP_0885,Ontario,Psychiatry,3.7233316035428285,980,689,291,0.4223512336719884,0.5776487663280117,0.3142416709591539,0.3123690132521583,0,43
HCP_0886,Ontario,Psychiatry,3.7233316035428285,1473,850,72,0.08470588235294117,0.9152941176470588,0.007268954165713382,0.09756015254465797,31,38
HCP_0887,Ontario,Psychiatry,3.7233316035428285,947,647,244,0.37712519319938176,0.6228748068006182,0.06314858960934297,0.07331979944363115,7,4
HCP_0888,Ontario,Psychiatry,3.7233316035428285,681,378,173,0.4576719576719577,0.5423280423280423,2.7388010236939486e-05,0.39162789017751365,39,24
HCP_0889,Ontario,Psychiatry,3.7233316035428285,949,466,77,0.16523605150214593,0.8347639484978541,0.0502372213706973,0.3849471191046545,55,55
HCP_0890,Ontario,Psychiatry,3.7233316035428285,1138,727,373,0.5130674002751031,0.4869325997248969,0.23394480267635742,0.07115279072919742,62,89
HCP_0891,Ontario,Psychiatry,3.7233316035428285,1029,794,53,0.06675062972292191,0.9332493702770781,-0.11140173807168026,0.20513870451623678,87,63
HCP_0892,Ontario,Psychiatry,3.7233316035428285,922,711,366,0.5147679324894515,0.4852320675105485,-0.053325960659869054,0.11518572840492117,73,71
HCP_0893,Ontario,Psychiatry,3.7233316035428285,1121,602,183,0.30398671096345514,0.6960132890365449,0.21526171238054737,0.21987071399704633,73,85
HCP_0894,Ontario,Psychiatry,3.7233316035428285,1162,710,120,0.16901408450704225,0.8309859154929577,0.17240438082825077,0.3405620350498556,35,51
HCP_0895,Ontario,Psychiatry,3.7233316035428285,1252,607,75,0.12355848434925865,0.8764415156507414,0.006424202381950649,0.38271412116001163,88,88
HCP_0896,Ontario,Psychiatry,3.7233316035428285,969,774,445,0.5749354005167958,0.4250645994832042,0.15252824013448638,0.2719884287080381,56,75
HCP_0897,Ontario,Psychiatry,3.7233316035428285,728,577,52,0.09012131715771231,0.9098786828422877,0.09094590109904399,0.173866983524136,73,8
HCP_0898,Ontario,Psychiatry,3.7233316035428285,813,536,85,0.15858208955223882,0.8414179104477612,0.23003295308011856,0.26116394797560943,82,9
HCP_0899,Ontario,Psychiatry,3.7233316035428285,1177,850,205,0.2411764705882353,0.7588235294117647,0.05894115125921272,0.15920045713795763,44,9
HCP_0900,Ontario,Psychiatry,3.7233316035428285,580,398,156,0.39195979899497485,0.6080402010050252,0.1730758536647099,0.36843827429122117,78,72
HCP_0901,Ontario,Psychiatry,3.7233316035428285,878,560,196,0.35,0.65,0.36704142925911437,0.35464016208704296,79,61
HCP_0902,Ontario,Psychiatry,3.7233316035428285,673,284,34,0.11971830985915492,0.8802816901408451,0.12177189860569596,0.24538111259788137,1,89
HCP_0903,Ontario,Psychiatry,3.7233316035428285,780,454,95,0.2092511013215859,0.7907488986784141,0.05591937989538124,0.16367962038312622,92,98
HCP_0904,Ontario,Psychiatry,3.7233316035428285,1207,809,147,0.18170580964153277,0.8182941903584673,0.13669363822651753,0.15268638645404242,67,90
HCP_0905,Ontario,Psychiatry,3.7233316035428285,825,554,93,0.16787003610108303,0.832129963898917,0.006166297015533818,0.061696298146770814,49,59
HCP_0906,Ontario,Psychiatry,3.7233316035428285,784,431,119,0.27610208816705334,0.7238979118329467,0.33655612466296786,0.33553729785885333,28,94
HCP_0907,Ontario,Psychiatry,3.7233316035428285,480,373,163,0.43699731903485256,0.5630026809651474,0.07160852452351778,0.20763412456365282,94,18
HCP_0908,Ontario,Psychiatry,3.7233316035428285,1002,468,79,0.16880341880341881,0.8311965811965811,0.01724800157293846,0.16379652494009256,80,37
HCP_0909,Ontario,Psychiatry,3.7233316035428285,967,580,146,0.2517241379310345,0.7482758620689656,-0.05028268060240433,0.2148886242492139,9,5
HCP_0910,Ontario,Psychiatry,3.7233316035428285,1646,1113,295,0.26504941599281223,0.7349505840071877,0.18166642299277258,0.33655829665912823,26,14
HCP_0911,Ontario,Psychiatry,3.7233316035428285,693,470,276,0.5872340425531914,0.41276595744680855,0.15406248953932866,0.09361497269763241,14,92
HCP_0912,Ontario,Psychiatry,3.7233316035428285,833,549,316,0.575591985428051,0.424408014571949,-0.009682524569691181,0.3501795958846396,59,46
HCP_0913,Ontario,Psychiatry,3.7233316035428285,842,430,211,0.4906976744186046,0.5093023255813953,0.11917416141469073,0.3641280922879239,30,44
HCP_0914,Ontario,Psychiatry,3.7233316035428285,1341,620,113,0.18225806451612903,0.817741935483871,-0.13102671618554274,0.3813477702618609,20,4
HCP_0915,Ontario,Psychiatry,3.7233316035428285,747,489,43,0.08793456032719836,0.9120654396728016,0.07219646900877875,0.18912079734791976,59,77
HCP_0916,Ontario,Psychiatry,3.7233316035428285,851,544,122,0.22426470588235295,0.7757352941176471,0.10433076224920335,0.12599914141318516,57,52
HCP_0917,Ontario,Psychiatry,3.7233316035428285,955,451,89,0.1973392461197339,0.8026607538802661,0.25487957714710674,0.18077428646334448,40,65
HCP_0918,Ontario,Psychiatry,3.7233316035428285,824,562,184,0.3274021352313167,0.6725978647686832,-0.042498256327442724,0.16651923368099114,45,61
HCP_0919,Ontario,Psychiatry,3.7233316035428285,660,384,183,0.4765625,0.5234375,-0.10340231545627891,0.11165386937600102,44,22
HCP_0920,Ontario,Psychiatry,3.7233316035428285,826,551,288,0.5226860254083484,0.4773139745916516,-0.057451355311004995,0.2625433345355208,25,43
HCP_0921,Ontario,Psychiatry,3.7233316035428285,1124,826,425,0.5145278450363197,0.48547215496368035,-0.11038822003779038,0.21681845617802015,50,51
HCP_0922,Ontario,Psychiatry,3.7233316035428285,539,252,62,0.24603174603174602,0.753968253968254,0.21039888293107795,0.3529953473134013,35,45
HCP_0923,Ontario,Psychiatry,3.7233316035428285,809,330,141,0.42727272727272725,0.5727272727272728,0.23583671540288437,0.061238353168720394,51,18
HCP_0924,Ontario,Psychiatry,3.7233316035428285,604,430,95,0.22093023255813954,0.7790697674418605,0.08842598935385948,0.2753537746442942,80,87
HCP_0925,Ontario,Psychiatry,3.7233316035428285,1173,755,63,0.08344370860927153,0.9165562913907285,0.1965553934822178,0.3170321074790464,50,83
HCP_0926,Ontario,Psychiatry,3.7233316035428285,453,308,134,0.43506493506493504,0.564935064935065,0.06607500566962823,0.3158202992159075,2,46
HCP_0927,Ontario,Psychiatry,3.7233316035428285,635,467,26,0.055674518201284794,0.9443254817987152,0.038586602275908086,0.3601258884834338,13,90
HCP_0928,Ontario,Psychiatry,3.7233316035428285,881,635,175,0.2755905511811024,0.7244094488188977,0.010035485713548606,0.30516180999032294,48,51
HCP_0929,Ontario,Psychiatry,3.7233316035428285,1335,1047,242,0.23113658070678128,0.7688634192932187,0.012753081034692144,0.3747335215766937,76,23
HCP_0930,Ontario,Psychiatry,3.7233316035428285,754,463,200,0.4319654427645788,0.5680345572354212,-0.13573618675708377,0.16642980993731205,90,16
HCP_0931,Ontario,Psychiatry,3.7233316035428285,636,379,179,0.47229551451187335,0.5277044854881267,0.08171057163288069,0.22612329586304009,0,88
HCP_0932,Ontario,Psychiatry,3.7233316035428285,1491,836,182,0.21770334928229665,0.7822966507177034,0.04515993077431475,0.05492788214901174,56,45
HCP_0933,Ontario,Psychiatry,3.7233316035428285,465,215,107,0.49767441860465117,0.5023255813953489,0.1394432868893451,0.05243515555615193,16,63
HCP_0934,Ontario,Psychiatry,3.7233316035428285,358,225,48,0.21333333333333335,0.7866666666666666,0.06122281957263317,0.13404431715803197,49,94
HCP_0935,Ontario,Psychiatry,3.7233316035428285,900,460,136,0.2956521739130435,0.7043478260869565,0.03047555581170899,0.08528251899867985,97,27
HCP_0936,Ontario,Psychiatry,3.7233316035428285,647,497,224,0.4507042253521127,0.5492957746478873,-0.054543163600915684,0.14107397877751376,13,49
HCP_0937,Ontario,Psychiatry,3.7233316035428285,540,342,147,0.4298245614035088,0.5701754385964912,0.05865838841861136,0.1119651530849391,58,63
HCP_0938,Ontario,Psychiatry,3.7233316035428285,989,630,374,0.5936507936507937,0.40634920634920635,0.13858846769793942,0.059982008693526885,80,27
HCP_0939,Ontario,Psychiatry,3.7233316035428285,841,456,79,0.17324561403508773,0.8267543859649122,-0.08720067893006327,0.3682564512421173,2,85
HCP_0940,Ontario,Psychiatry,3.7233316035428285,634,267,111,0.4157303370786517,0.5842696629213483,0.06049685044168871,0.05287809598611204,97,55
HCP_0941,Ontario,Psychiatry,3.7233316035428285,493,203,78,0.3842364532019704,0.6157635467980296,0.07796515418353807,0.3076287505179799,39,58
HCP_0942,Ontario,Psychiatry,3.7233316035428285,1047,596,330,0.5536912751677853,0.44630872483221473,-0.036167774034191705,0.10325176042183079,88,4
HCP_0943,Ontario,Psychiatry,3.7233316035428285,969,420,57,0.1357142857142857,0.8642857142857143,-0.020542756588960015,0.36928036769986,65,53
HCP_0944,Ontario,Psychiatry,3.7233316035428285,746,479,222,0.46346555323590816,0.5365344467640918,0.07767330185194574,0.36247857885646007,33,43
HCP_0945,Ontario,Psychiatry,3.7233316035428285,1473,1108,402,0.3628158844765343,0.6371841155234657,-0.08601052219511475,0.2788654012292401,89,41
HCP_0946,Ontario,Psychiatry,3.7233316035428285,531,400,80,0.2,0.8,0.09199084582992711,0.2852819524302118,94,71
HCP_0947,Ontario,Psychiatry,3.7233316035428285,453,301,94,0.3122923588039867,0.6877076411960132,-0.05744252483910399,0.05186869968939099,8,91
HCP_0948,Ontario,Psychiatry,3.7233316035428285,606,294,69,0.23469387755102042,0.7653061224489796,0.17754244316398599,0.39470504813976076,93,56
HCP_0949,Ontario,Psychiatry,3.7233316035428285,760,566,209,0.36925795053003535,0.6307420494699647,0.330539329446596,0.3572414112515351,83,46
HCP_0950,Ontario,Psychiatry,3.7233316035428285,840,634,342,0.5394321766561514,0.4605678233438486,-0.053290816204218355,0.3632871790055322,20,75
HCP_0951,Ontario,Psychiatry,3.7233316035428285,709,339,123,0.36283185840707965,0.6371681415929203,0.11410494348496096,0.2807355879678052,92,24
HCP_0952,Ontario,Psychiatry,3.7233316035428285,873,607,241,0.3970345963756178,0.6029654036243822,-0.03720902858584231,0.17067542502908778,24,43
HCP_0953,Ontario,Psychiatry,3.7233316035428285,498,256,86,0.3359375,0.6640625,0.17491450085573473,0.3627770271816683,43,14
HCP_0954,Ontario,Psychiatry,3.7233316035428285,1279,922,72,0.07809110629067245,0.9219088937093276,-0.10183100909022579,0.15203092485291733,24,50
HCP_0955,Ontario,Psychiatry,3.7233316035428285,750,599,107,0.17863105175292154,0.8213689482470785,0.10767041101132552,0.24694904016977104,8,52
HCP_0956,Ontario,Psychiatry,3.7233316035428285,1141,470,151,0.32127659574468087,0.6787234042553192,-0.05475867602672231,0.08490584032035885,61,33
HCP_0957,Ontario,Psychiatry,3.7233316035428285,870,660,146,0.22121212121212122,0.7787878787878788,0.025161849308195754,0.3726844705464626,25,76
HCP_0958,Ontario,Psychiatry,3.7233316035428285,906,588,88,0.14965986394557823,0.8503401360544218,-0.07372303301767684,0.09926966021992467,56,7
HCP_0959,Ontario,Psychiatry,3.7233316035428285,942,744,243,0.32661290322580644,0.6733870967741935,0.14868205650749045,0.12871388200564254,36,76
HCP_0960,Ontario,Psychiatry,3.7233316035428285,903,529,120,0.22684310018903592,0.7731568998109641,-0.05043764253275043,0.24534695534487527,15,99
HCP_0961,Ontario,Psychiatry,3.7233316035428285,967,715,137,0.1916083916083916,0.8083916083916084,0.11623571111981931,0.3174325500745436,36,69
HCP_0962,Ontario,Psychiatry,3.7233316035428285,1229,522,159,0.3045977011494253,0.6954022988505747,0.008708236608520055,0.26677295707770465,75,95
HCP_0963,Ontario,Psychiatry,3.7233316035428285,827,442,55,0.1244343891402715,0.8755656108597285,0.03626331538413645,0.13124686948005465,23,20
HCP_0964,Ontario,Psychiatry,3.7233316035428285,989,422,236,0.5592417061611374,0.44075829383886256,0.06773070888801543,0.05033006488462162,25,6
HCP_0965,Ontario,Psychiatry,3.7233316035428285,748,591,312,0.5279187817258884,0.47208121827411165,-0.04141896059906183,0.31500270310760375,19,89
HCP_0966,Ontario,Psychiatry,3.7233316035428285,1278,929,408,0.43918191603875134,0.5608180839612487,0.07524405362490644,0.39482256406888283,8,78
HCP_0967,Ontario,Psychiatry,3.7233316035428285,609,451,49,0.10864745011086474,0.8913525498891353,0.23364014772252933,0.3334695921071317,86,55
HCP_0968,Ontario,Psychiatry,3.7233316035428285,1450,1124,536,0.47686832740213525,0.5231316725978647,-0.04337137429992571,0.21107231635481538,28,48
HCP_0969,Ontario,Psychiatry,3.7233316035428285,761,330,163,0.49393939393939396,0.5060606060606061,0.1906172171928614,0.36631854148968734,30,41
HCP_0970,Ontario,Psychiatry,3.7233316035428285,468,259,122,0.47104247104247104,0.528957528957529,0.22977171601853408,0.19344668559142253,18,22
HCP_0971,Ontario,Psychiatry,3.7233316035428285,807,346,39,0.11271676300578035,0.8872832369942196,-0.047938598683365266,0.23372692948521367,19,51
HCP_0972,Ontario,Psychiatry,3.7233316035428285,608,294,119,0.40476190476190477,0.5952380952380952,-0.12460655261086621,0.21699541858848914,86,78
HCP_0973,Ontario,Psychiatry,3.7233316035428285,1036,509,259,0.5088408644400786,0.4911591355599214,0.08623530802061177,0.20666835543293377,26,52
HCP_0974,Ontario,Psychiatry,3.7233316035428285,614,361,133,0.3684210526315789,0.631578947368421,-0.01568890273202475,0.321316769252867,93,15
HCP_0975,Ontario,Psychiatry,3.7233316035428285,660,335,136,0.4059701492537313,0.5940298507462687,0.27423238629956026,0.23436911754432221,84,95
HCP_0976,Ontario,Psychiatry,3.7233316035428285,398,175,53,0.3028571428571429,0.6971428571428571,0.05417690485997986,0.16085099270882564,43,36
HCP_0977,Ontario,Psychiatry,3.7233316035428285,659,308,105,0.3409090909090909,0.6590909090909092,-0.046263928964221504,0.14035535868046742,34,17
HCP_0978,Ontario,Psychiatry,3.7233316035428285,330,151,10,0.06622516556291391,0.9337748344370861,-0.08765914132140536,0.0632115609386017,70,19
HCP_0979,Ontario,Psychiatry,3.7233316035428285,443,350,141,0.40285714285714286,0.5971428571428572,0.18078859509089962,0.2541183066590661,21,45
HCP_0980,Ontario,Psychiatry,3.7233316035428285,1007,709,67,0.09449929478138223,0.9055007052186178,-0.01854207689010237,0.130486495390362,73,1
HCP_0981,Ontario,Psychiatry,3.7233316035428285,1016,800,231,0.28875,0.7112499999999999,0.055259455935251396,0.10184687270573409,86,86
HCP_0982,Ontario,Psychiatry,3.7233316035428285,896,516,109,0.21124031007751937,0.7887596899224807,0.1646963294134977,0.2788404873396872,14,93
HCP_0983,Ontario,Psychiatry,3.7233316035428285,550,281,98,0.3487544483985765,0.6512455516014235,-0.008111002231699624,0.2884232402375421,93,62
HCP_0984,Ontario,Psychiatry,3.7233316035428285,759,546,67,0.1227106227106227,0.8772893772893773,0.044488540551180726,0.3132542122901831,97,2
HCP_0985,Ontario,Psychiatry,3.7233316035428285,771,409,176,0.43031784841075793,0.5696821515892421,0.04801179082129759,0.22625191371850706,12,45
HCP_0986,Ontario,Psychiatry,3.7233316035428285,515,268,131,0.48880597014925375,0.5111940298507462,0.13199894138193102,0.36291911182136033,3,48
HCP_0987,Ontario,Psychiatry,3.7233316035428285,1306,644,90,0.13975155279503104,0.860248447204969,0.1208893202612391,0.37771996368937977,81,0
HCP_0988,Ontario,Psychiatry,3.7233316035428285,1049,474,51,0.10759493670886076,0.8924050632911392,0.02358635224942058,0.3325798289273713,55,21
HCP_0989,Ontario,Psychiatry,3.7233316035428285,714,359,47,0.1309192200557103,0.8690807799442897,0.05763788737958213,0.27245771870286556,22,92
HCP_0990,Ontario,Psychiatry,3.7233316035428285,779,422,225,0.533175355450237,0.466824644549763,0.005386518617181396,0.15630233375691605,96,13
HCP_0991,Ontario,Psychiatry,3.7233316035428285,830,556,189,0.33992805755395683,0.6600719424460432,-0.12731348883033333,0.39403072256707744,97,91
HCP_0992,Ontario,Psychiatry,3.7233316035428285,378,161,49,0.30434782608695654,0.6956521739130435,0.08091210288777553,0.14594765851717845,33,84
HCP_0993,Ontario,Psychiatry,3.7233316035428285,708,343,37,0.10787172011661808,0.892128279883382,0.27706301129996813,0.12092992269665089,99,44
HCP_0994,Ontario,Psychiatry,3.7233316035428285,608,440,179,0.4068181818181818,0.5931818181818183,-0.05604629688292753,0.204753939825304,98,95
HCP_0995,Ontario,Psychiatry,3.7233316035428285,544,250,132,0.528,0.472,-0.04276356515232435,0.06989419974933597,16,5
HCP_0996,Ontario,Psychiatry,3.7233316035428285,700,376,190,0.5053191489361702,0.49468085106382975,-0.05448733259724896,0.3924730626351268,27,64
HCP_0997,Ontario,Psychiatry,3.7233316035428285,1448,1080,426,0.39444444444444443,0.6055555555555556,0.13695101344677468,0.2559517447457487,13,20
HCP_0998,Ontario,Psychiatry,3.7233316035428285,966,446,41,0.09192825112107623,0.9080717488789237,0.10381825450357282,0.24493323208246137,33,3
HCP_0999,Ontario,Psychiatry,3.7233316035428285,632,274,31,0.11313868613138686,0.8868613138686131,0.0309754769100252,0.279528697964902,74,2
HCP_1000,Ontario,Psychiatry,3.7233316035428285,943,560,43,0.07678571428571429,0.9232142857142858,-0.060162287396675784,0.22395827672202234,56,29
HCP_1001,Ontario,Pediatrics,10.01126749581245,2065,1076,206,0.19144981412639406,0.8085501858736059,0.06108521499679092,0.06122223098308956,76,30
HCP_1002,Ontario,Pediatrics,10.01126749581245,1749,1094,136,0.12431444241316271,0.8756855575868373,-0.1377546552802965,0.2643089510941389,96,33
HCP_1003,Ontario,Pediatrics,10.01126749581245,1292,932,180,0.19313304721030042,0.8068669527896996,0.06721118802289919,0.30066085693475075,54,82
HCP_1004,Ontario,Pediatrics,10.01126749581245,1009,459,120,0.26143790849673204,0.738562091503268,0.1545829263305521,0.19586217121841865,65,19
HCP_1005,Ontario,Pediatrics,10.01126749581245,1616,1022,581,0.5684931506849316,0.43150684931506844,-0.10014389639604133,0.31505345022491754,97,86
HCP_1006,Ontario,Pediatrics,10.01126749581245,1452,874,337,0.38558352402745993,0.6144164759725401,-0.13390219321955965,0.12945045476844724,92,53
HCP_1007,Ontario,Pediatrics,10.01126749581245,1731,792,403,0.5088383838383839,0.49116161616161613,0.2395325470033831,0.12744680687316443,36,24
HCP_1008,Ontario,Pediatrics,10.01126749581245,1581,1027,453,0.44109055501460565,0.5589094449853944,-0.02341115674055018,0.10649594569065089,67,14
HCP_1009,Ontario,Pediatrics,10.01126749581245,1827,931,104,0.11170784103114931,0.8882921589688507,0.18631374151325863,0.1801981659262067,75,37
HCP_1010,Ontario,Pediatrics,10.01126749581245,1049,624,284,0.4551282051282051,0.5448717948717949,0.0315202801762602,0.34645421238617924,25,22
HCP_1011,Ontario,Pediatrics,10.01126749581245,2007,869,175,0.20138089758342922,0.7986191024165707,0.030565421967040707,0.3397692217521725,60,51
HCP_1012,Ontario,Pediatrics,10.01126749581245,1356,792,318,0.4015151515151515,0.5984848484848485,0.10260952393959744,0.18398847278722635,91,65
HCP_1013,Ontario,Pediatrics,10.01126749581245,2617,1368,325,0.23757309941520469,0.7624269005847953,-0.056079862809572875,0.2561915575930828,66,56
HCP_1014,Ontario,Pediatrics,10.01126749581245,994,725,434,0.5986206896551725,0.40137931034482754,0.06589965721947746,0.30228571076622046,83,56
HCP_1015,Ontario,Pediatrics,10.01126749581245,2324,983,192,0.1953204476093591,0.8046795523906409,0.0042212702211088735,0.13442237111980804,73,78
HCP_1016,Ontario,Pediatrics,10.01126749581245,1356,769,157,0.20416124837451236,0.7958387516254877,-0.10845921320860376,0.10884938006316149,51,51
HCP_1017,Ontario,Pediatrics,10.01126749581245,1008,588,330,0.5612244897959183,0.4387755102040817,0.0904978489671679,0.39023359762430887,17,34
HCP_1018,Ontario,Pediatrics,10.01126749581245,1068,737,47,0.06377204884667571,0.9362279511533242,0.018403063174650063,0.2661450596233665,52,73
HCP_1019,Ontario,Pediatrics,10.01126749581245,1131,712,308,0.43258426966292135,0.5674157303370786,0.031157020586635067,0.3934955026417824,62,13
HCP_1020,Ontario,Pediatrics,10.01126749581245,1468,979,440,0.449438202247191,0.550561797752809,-0.09521931320969894,0.1682145954962802,52,90
HCP_1021,Ontario,Pediatrics,10.01126749581245,1520,1080,551,0.5101851851851852,0.4898148148148148,0.2409680441315365,0.29606109499094607,26,13
HCP_1022,Ontario,Pediatrics,10.01126749581245,1035,771,452,0.5862516212710766,0.41374837872892345,0.15520570236633394,0.1279112727894332,30,98
HCP_1023,Ontario,Pediatrics,10.01126749581245,1255,660,387,0.5863636363636363,0.4136363636363637,0.16569870610063742,0.14142005994586954,90,32
HCP_1024,Ontario,Pediatrics,10.01126749581245,2679,1648,142,0.08616504854368932,0.9138349514563107,0.013346635706998164,0.22916574244436844,0,51
HCP_1025,Ontario,Pediatrics,10.01126749581245,2317,1705,856,0.5020527859237537,0.4979472140762463,-0.1575019467404104,0.16186634392782495,5,0
HCP_1026,Ontario,Pediatrics,10.01126749581245,1474,1173,476,0.4057971014492754,0.5942028985507246,0.2843500858987413,0.10866754734420457,10,33
HCP_1027,Ontario,Pediatrics,10.01126749581245,1283,970,394,0.4061855670103093,0.5938144329896907,0.04266829903929582,0.1420082456962641,33,18
HCP_1028,Ontario,Pediatrics,10.01126749581245,1320,724,87,0.12016574585635359,0.8798342541436464,-0.03985597552240644,0.06251193806305264,83,23
HCP_1029,Ontario,Pediatrics,10.01126749581245,1569,750,306,0.408,0.5920000000000001,0.10001618893797368,0.2965482675171203,62,3
HCP_1030,Ontario,Pediatrics,10.01126749581245,885,527,311,0.5901328273244781,0.40986717267552186,0.1900544945603957,0.22224082998005157,52,35
HCP_1031,Ontario,Pediatrics,10.01126749581245,1157,806,445,0.5521091811414393,0.44789081885856075,0.04723393326974406,0.08298507324158397,84,76
HCP_1032,Ontario,Pediatrics,10.01126749581245,706,422,123,0.2914691943127962,0.7085308056872037,0.2034290201527249,0.11009289759497193,84,57
HCP_1033,Ontario,Pediatrics,10.01126749581245,1455,863,62,0.07184241019698726,0.9281575898030128,0.17995999262202422,0.0858870883394254,17,31
HCP_1034,Ontario,Pediatrics,10.01126749581245,1587,1167,291,0.2493573264781491,0.7506426735218509,-0.079165742488247,0.2644074828965568,20,8
HCP_1035,Ontario,Pediatrics,10.01126749581245,1069,582,294,0.5051546391752577,0.4948453608247423,-0.03085481267913716,0.08297362726437284,18,79
HCP_1036,Ontario,Pediatrics,10.01126749581245,2196,1634,712,0.4357405140758874,0.5642594859241126,0.16490445959357208,0.31399881656232564,3,66
HCP_1037,Ontario,Pediatrics,10.01126749581245,824,464,140,0.3017241379310345,0.6982758620689655,-0.2755135076572526,0.057178821762136914,76,19
HCP_1038,Ontario,Pediatrics,10.01126749581245,758,403,32,0.0794044665012407,0.9205955334987593,0.03206531682020135,0.13728152579856223,81,73
HCP_1039,Ontario,Pediatrics,10.01126749581245,1369,796,227,0.2851758793969849,0.714824120603015,-0.12169974419496062,0.36173333656216755,28,61
HCP_1040,Ontario,Pediatrics,10.01126749581245,1826,1287,396,0.3076923076923077,0.6923076923076923,-0.007186456172022952,0.3014859613427861,24,57
HCP_1041,Ontario,Pediatrics,10.01126749581245,2282,1028,576,0.5603112840466926,0.4396887159533074,0.014141589316495506,0.07553891652399071,55,21
HCP_1042,Ontario,Pediatrics,10.01126749581245,1078,516,208,0.40310077519379844,0.5968992248062015,0.007010674651099051,0.33739413656981293,76,66
HCP_1043,Ontario,Pediatrics,10.01126749581245,1846,1441,319,0.22137404580152673,0.7786259541984732,-0.01627135025351302,0.22256229253907167,62,74
HCP_1044,Ontario,Pediatrics,10.01126749581245,1249,587,199,0.3390119250425894,0.6609880749574106,-0.08165723795545769,0.3463740595090903,26,88
HCP_1045,Ontario,Pediatrics,10.01126749581245,1191,747,64,0.0856760374832664,0.9143239625167336,0.3250293520182423,0.2602589210576377,59,47
HCP_1046,Ontario,Pediatrics,10.01126749581245,1724,1089,637,0.5849403122130394,0.41505968778696056,0.2740954404993621,0.2886415612115006,82,7
HCP_1047,Ontario,Pediatrics,10.01126749581245,1590,947,235,0.2481520591341077,0.7518479408658922,-0.08944789843075394,0.39772554613849787,48,72
HCP_1048,Ontario,Pediatrics,10.01126749581245,729,480,150,0.3125,0.6875,0.23985401015642804,0.13131744107340637,64,14
HCP_1049,Ontario,Pediatrics,10.01126749581245,2122,1044,256,0.24521072796934865,0.7547892720306514,0.0020641411432576542,0.26838095116648597,37,31
HCP_1050,Ontario,Pediatrics,10.01126749581245,2052,1274,542,0.42543171114599687,0.5745682888540031,0.06550249679980526,0.21111248652008946,82,52
HCP_1051,Ontario,Pediatrics,10.01126749581245,1017,558,231,0.41397849462365593,0.586021505376344,0.0424071248123701,0.06380818352294201,51,66
HCP_1052,Ontario,Pediatrics,10.01126749581245,1454,966,428,0.44306418219461696,0.556935817805383,-0.029169836950475897,0.055064724526002765,0,3
HCP_1053,Ontario,Pediatrics,10.01126749581245,1505,687,136,0.19796215429403202,0.802037845705968,0.1680622812327376,0.09173000223625055,39,29
HCP_1054,Ontario,Pediatrics,10.01126749581245,1387,872,195,0.22362385321100917,0.7763761467889908,0.06510638366919894,0.27718210918849184,80,12
HCP_1055,Ontario,Pediatrics,10.01126749581245,1044,495,59,0.1191919191919192,0.8808080808080808,-0.007186170786308961,0.2485070807696873,20,20
HCP_1056,Ontario,Pediatrics,10.01126749581245,1000,511,210,0.410958904109589,0.589041095890411,-0.1065507332560567,0.24370034640730465,85,40
HCP_1057,Ontario,Pediatrics,10.01126749581245,1254,611,44,0.07201309328968904,0.9279869067103109,-0.05723140164629445,0.06114986688489103,14,18
HCP_1058,Ontario,Pediatrics,10.01126749581245,1908,903,342,0.3787375415282392,0.6212624584717608,-0.1469656138722516,0.2142560487260025,49,47
HCP_1059,Ontario,Pediatrics,10.01126749581245,1531,1118,591,0.5286225402504472,0.4713774597495528,0.05146682580982034,0.373617986244885,47,85
HCP_1060,Ontario,Pediatrics,10.01126749581245,1112,572,309,0.5402097902097902,0.4597902097902098,-0.0935998710741275,0.1891571542587263,31,62
HCP_1061,Ontario,Pediatrics,10.01126749581245,1658,1278,380,0.297339593114241,0.7026604068857589,0.018132738497775053,0.2687228644259597,48,19
HCP_1062,Ontario,Pediatrics,10.01126749581245,467,368,111,0.3016304347826087,0.6983695652173914,0.21441222243324448,0.3229365364681003,67,63
HCP_1063,Ontario,Pediatrics,10.01126749581245,1892,1189,110,0.09251471825063078,0.9074852817493693,0.19391594875059026,0.32437384769966066,44,36
HCP_1064,Ontario,Pediatrics,10.01126749581245,688,315,132,0.41904761904761906,0.5809523809523809,0.046126772707685865,0.231748028838345,31,30
HCP_1065,Ontario,Pediatrics,10.01126749581245,1115,613,308,0.5024469820554649,0.4975530179445351,0.039549832862822015,0.3502831808908177,3,73
HCP_1066,Ontario,Pediatrics,10.01126749581245,855,615,114,0.18536585365853658,0.8146341463414635,0.27558494593052096,0.18698233267731146,64,17
HCP_1067,Ontario,Pediatrics,10.01126749581245,804,440,124,0.2818181818181818,0.7181818181818183,0.11249073444304535,0.36104262517467944,96,19
HCP_1068,Ontario,Pediatrics,10.01126749581245,1900,826,422,0.5108958837772397,0.4891041162227603,0.010663224814817254,0.13407950823844086,70,81
HCP_1069,Ontario,Pediatrics,10.01126749581245,1075,669,356,0.5321375186846039,0.4678624813153961,-0.12112217405445423,0.14807574244669988,72,10
HCP_1070,Ontario,Pediatrics,10.01126749581245,1429,1055,194,0.18388625592417063,0.8161137440758294,0.09726478617976919,0.06859221846965038,64,85
HCP_1071,Ontario,Pediatrics,10.01126749581245,1245,894,315,0.3523489932885906,0.6476510067114094,0.14951885270994347,0.328453642789799,79,43
HCP_1072,Ontario,Pediatrics,10.01126749581245,1496,703,110,0.15647226173541964,0.8435277382645804,-0.02579818294163727,0.19596933268144695,17,81
HCP_1073,Ontario,Pediatrics,10.01126749581245,1300,870,92,0.10574712643678161,0.8942528735632184,0.0849443306165639,0.13019081486898967,53,63
HCP_1074,Ontario,Pediatrics,10.01126749581245,808,394,217,0.550761421319797,0.449238578680203,0.00637120461019651,0.13112659716580288,46,33
HCP_1075,Ontario,Pediatrics,10.01126749581245,1794,874,438,0.5011441647597255,0.49885583524027455,0.027916112096119678,0.36548997943023165,5,86
HCP_1076,Ontario,Pediatrics,10.01126749581245,1065,798,373,0.4674185463659148,0.5325814536340852,-0.24853864690747973,0.34187081016136295,65,64
HCP_1077,Ontario,Pediatrics,10.01126749581245,734,367,28,0.07629427792915532,0.9237057220708447,0.023386231554063743,0.2437358098750142,8,54
HCP_1078,Ontario,Pediatrics,10.01126749581245,1090,551,283,0.5136116152450091,0.4863883847549909,0.16632431628896652,0.2656387801455024,67,73
HCP_1079,Ontario,Pediatrics,10.01126749581245,2140,857,249,0.29054842473745623,0.7094515752625438,-0.025768306667986976,0.21601394969260185,22,0
HCP_1080,Ontario,Pediatrics,10.01126749581245,1704,1275,304,0.2384313725490196,0.7615686274509804,0.05630316418583795,0.18708329000758311,42,37
HCP_1081,Ontario,Pediatrics,10.01126749581245,1120,803,282,0.35118306351183065,0.6488169364881693,-0.040714084803030445,0.37041690842641606,50,8
HCP_1082,Ontario,Pediatrics,10.01126749581245,1120,729,73,0.10013717421124829,0.8998628257887518,0.09325300115513274,0.09396444623210573,71,94
HCP_1083,Ontario,Pediatrics,10.01126749581245,1131,792,369,0.4659090909090909,0.5340909090909092,0.02401721629565917,0.1964563764006798,24,70
HCP_1084,Ontario,Pediatrics,10.01126749581245,2618,1206,447,0.3706467661691542,0.6293532338308458,-0.06270898488184082,0.17059666779575638,79,16
HCP_1085,Ontario,Pediatrics,10.01126749581245,1447,844,129,0.1528436018957346,0.8471563981042654,0.20990617611981532,0.22435275208790195,34,98
HCP_1086,Ontario,Pediatrics,10.01126749581245,1471,795,122,0.15345911949685534,0.8465408805031447,0.1614718416238658,0.21017115609081127,16,100
HCP_1087,Ontario,Pediatrics,10.01126749581245,1815,794,120,0.15113350125944586,0.8488664987405541,-0.022588811671380965,0.23161133607787854,17,51
HCP_1088,Ontario,Pediatrics,10.01126749581245,1376,818,67,0.08190709046454768,0.9180929095354523,0.10973459713013328,0.09897164202944794,26,17
HCP_1089,Ontario,Pediatrics,10.01126749581245,1156,888,331,0.37274774774774777,0.6272522522522522,0.11448944033844569,0.22959952552964702,14,62
HCP_1090,Ontario,Pediatrics,10.01126749581245,1182,492,252,0.5121951219512195,0.4878048780487805,0.1270761482013411,0.1348465848605238,80,32
HCP_1091,Ontario,Pediatrics,10.01126749581245,1234,637,38,0.059654631083202514,0.9403453689167975,-0.15331070751940934,0.11451597214586695,68,3
HCP_1092,Ontario,Pediatrics,10.01126749581245,1249,603,46,0.07628524046434494,0.9237147595356551,0.17079278492391536,0.07269197657516693,79,86
HCP_1093,Ontario,Pediatrics,10.01126749581245,1633,809,295,0.3646477132262052,0.6353522867737948,-0.01836387555108776,0.31692839556464936,14,74
HCP_1094,Ontario,Pediatrics,10.01126749581245,1289,984,493,0.5010162601626016,0.4989837398373984,0.007060647987047974,0.199604672299796,41,51
HCP_1095,Ontario,Pediatrics,10.01126749581245,1636,961,221,0.2299687825182102,0.7700312174817898,0.36654581027122396,0.26932528915911547,33,8
HCP_1096,Ontario,Pediatrics,10.01126749581245,1230,721,175,0.24271844660194175,0.7572815533980582,0.08622480568652141,0.3046576701566602,47,63
HCP_1097,Ontario,Pediatrics,10.01126749581245,1301,916,346,0.3777292576419214,0.6222707423580787,0.0036413029463389437,0.28776083285974374,82,29
HCP_1098,Ontario,Pediatrics,10.01126749581245,629,290,58,0.2,0.8,-0.21463532473070873,0.2146752516813888,7,7
HCP_1099,Ontario,Pediatrics,10.01126749581245,1744,1038,67,0.06454720616570328,0.9354527938342967,0.21677169607356267,0.18576448513310545,9,4
HCP_1100,Ontario,Pediatrics,10.01126749581245,1429,817,371,0.4541003671970624,0.5458996328029375,-0.11142516049703229,0.1815859683742323,4,75
HCP_1101,Ontario,Dermatology,5.279512977575298,1303,832,328,0.3942307692307692,0.6057692307692308,-0.07041266841994041,0.27401707892551974,47,62
HCP_1102,Ontario,Dermatology,5.279512977575298,334,267,99,0.3707865168539326,0.6292134831460674,0.010237724109458099,0.2231780242296557,25,0
HCP_1103,Ontario,Dermatology,5.279512977575298,1909,1351,619,0.45817912657290893,0.5418208734270911,0.2199694150040351,0.34719628679597875,85,14
HCP_1104,Ontario,Dermatology,5.279512977575298,875,489,206,0.4212678936605317,0.5787321063394684,0.14278879839989111,0.35614569451434924,22,88
HCP_1105,Ontario,Dermatology,5.279512977575298,1355,991,162,0.16347124117053483,0.8365287588294652,0.031059498819168807,0.10969613230228148,61,81
HCP_1106,Ontario,Dermatology,5.279512977575298,639,299,73,0.24414715719063546,0.7558528428093645,0.08699504763665852,0.09768177804100397,12,37
HCP_1107,Ontario,Dermatology,5.279512977575298,1139,469,56,0.11940298507462686,0.8805970149253731,-0.02204628314453269,0.27064032411259986,8,41
HCP_1108,Ontario,Dermatology,5.279512977575298,636,306,37,0.12091503267973856,0.8790849673202614,0.0667584427478421,0.1554290118217978,19,45
HCP_1109,Ontario,Dermatology,5.279512977575298,739,396,167,0.4217171717171717,0.5782828282828283,0.058800409373376404,0.056499751567784605,91,52
HCP_1110,Ontario,Dermatology,5.279512977575298,1796,1085,567,0.5225806451612903,0.4774193548387097,0.1662523874817624,0.3610249342770343,56,25
HCP_1111,Ontario,Dermatology,5.279512977575298,860,556,322,0.579136690647482,0.42086330935251803,0.16606137469267396,0.12941526853533292,100,60
HCP_1112,Ontario,Dermatology,5.279512977575298,992,758,300,0.39577836411609496,0.604221635883905,0.10927728586467737,0.3752482280900332,23,66
HCP_1113,Ontario,Dermatology,5.279512977575298,1246,753,114,0.15139442231075698,0.848605577689243,0.006518293094467734,0.3011020578073888,32,53
HCP_1114,Ontario,Dermatology,5.279512977575298,1093,656,71,0.10823170731707317,0.8917682926829268,0.1390186753268152,0.3169287214690195,19,21
HCP_1115,Ontario,Dermatology,5.279512977575298,969,407,202,0.4963144963144963,0.5036855036855037,0.03896378405563441,0.12051152352760615,59,25
HCP_1116,Ontario,Dermatology,5.279512977575298,1044,432,159,0.3680555555555556,0.6319444444444444,-0.07982972424557595,0.13196804896588454,47,82
HCP_1117,Ontario,Dermatology,5.279512977575298,2131,1322,516,0.3903177004538578,0.6096822995461422,0.0016054649706873647,0.23244371383842305,63,59
HCP_1118,Ontario,Dermatology,5.279512977575298,901,518,249,0.4806949806949807,0.5193050193050193,0.06014323805411895,0.11023494842745177,29,38
HCP_1119,Ontario,Dermatology,5.279512977575298,986,725,317,0.43724137931034485,0.5627586206896551,0.15922589403976944,0.1569010924390613,72,35
HCP_1120,Ontario,General Surgery,7.480934191858926,1580,734,374,0.5095367847411444,0.4904632152588556,0.027976619341141637,0.16251186728173156,16,20
HCP_1121,Ontario,General Surgery,7.480934191858926,1611,660,53,0.0803030303030303,0.9196969696969697,-0.09510384534875273,0.10587047663846744,99,40
HCP_1122,Ontario,General Surgery,7.480934191858926,1658,961,443,0.46097814776274715,0.5390218522372529,0.056809001995618336,0.12181399168830627,13,47
HCP_1123,Ontario,General Surgery,7.480934191858926,1368,677,351,0.518463810930576,0.48153618906942397,0.06361472480678629,0.3259931447028898,18,25
HCP_1124,Ontario,General Surgery,7.480934191858926,733,308,64,0.2077922077922078,0.7922077922077921,0.07230051546833037,0.10851854909154393,70,62
HCP_1125,Ontario,General Surgery,7.480934191858926,1938,1337,538,0.4023934181002244,0.5976065818997756,0.16038458191453162,0.059960087145372876,58,76
HCP_1126,Ontario,General Surgery,7.480934191858926,732,325,72,0.22153846153846155,0.7784615384615384,0.1722707888107878,0.27027422992012845,66,35
HCP_1127,Ontario,General Surgery,7.480934191858926,1216,782,451,0.5767263427109974,0.42327365728900257,-0.021305304685799983,0.3915940917873575,96,23
HCP_1128,Ontario,General Surgery,7.480934191858926,840,430,29,0.06744186046511629,0.9325581395348838,-0.023937214965873213,0.1659248351180925,43,89
HCP_1129,Ontario,General Surgery,7.480934191858926,1070,502,185,0.36852589641434264,0.6314741035856574,-0.07482384531465677,0.09152949611868831,31,20
HCP_1130,Ontario,General Surgery,7.480934191858926,1227,677,96,0.14180206794682423,0.8581979320531757,0.13385788043365715,0.24963556387863578,10,17
HCP_1131,Ontario,General Surgery,7.480934191858926,1224,882,390,0.4421768707482993,0.5578231292517006,0.22385841300052584,0.36722397388347616,1,14
HCP_1132,Ontario,General Surgery,7.480934191858926,1268,706,104,0.14730878186968838,0.8526912181303117,0.012190168650929194,0.32442162293996757,89,78
HCP_1133,Ontario,General Surgery,7.480934191858926,1925,1348,242,0.1795252225519288,0.8204747774480712,0.02102833223300083,0.26788055394445065,67,5
HCP_1134,Ontario,General Surgery,7.480934191858926,1282,577,186,0.3223570190641248,0.6776429809358753,0.22601390682787714,0.16026977381265978,16,42
HCP_1135,Ontario,General Surgery,7.480934191858926,1004,712,394,0.5533707865168539,0.4466292134831461,0.11066694238580092,0.239658060646677,80,30
HCP_1136,Ontario,General Surgery,7.480934191858926,1533,758,126,0.1662269129287599,0.8337730870712401,0.1023482845761266,0.08193569445648938,91,27
HCP_1137,Ontario,General Surgery,7.480934191858926,1659,1113,144,0.1293800539083558,0.8706199460916442,-0.09290998071684721,0.28763089849823453,93,7
HCP_1138,Ontario,General Surgery,7.480934191858926,712,446,208,0.4663677130044843,0.5336322869955157,0.13144736831353027,0.3037836066141778,39,28
HCP_1139,Ontario,General Surgery,7.480934191858926,1348,1040,338,0.325,0.675,-0.06149636086117098,0.3877610680184716,86,20
HCP_1140,Ontario,General Surgery,7.480934191858926,1398,776,428,0.5515463917525774,0.44845360824742264,-0.08608242231219497,0.1411390755607751,45,80
HCP_1141,Ontario,General Surgery,7.480934191858926,986,420,55,0.13095238095238096,0.8690476190476191,0.008387410787994543,0.05645974666505793,87,87
HCP_1142,Ontario,General Surgery,7.480934191858926,1771,722,293,0.40581717451523547,0.5941828254847645,-0.02029512681384281,0.24096296254950272,92,57
HCP_1143,Ontario,General Surgery,7.480934191858926,1038,759,135,0.17786561264822134,0.8221343873517787,0.023408036673795287,0.2973766765388851,3,59
HCP_1144,Ontario,General Surgery,7.480934191858926,1143,697,95,0.13629842180774748,0.8637015781922526,-0.12291779614299024,0.3266426165590458,37,49
HCP_1145,Ontario,General Surgery,7.480934191858926,1030,731,311,0.42544459644322846,0.5745554035567715,0.16505795677612067,0.11780862655868372,62,99
HCP_1146,Ontario,General Surgery,7.480934191858926,1100,543,204,0.3756906077348066,0.6243093922651934,0.1853223553419715,0.1416135041629583,28,30
HCP_1147,Ontario,General Surgery,7.480934191858926,745,401,187,0.46633416458852867,0.5336658354114714,-0.1836810968968977,0.2294068238435537,18,46
HCP_1148,Ontario,General Surgery,7.480934191858926,661,272,60,0.22058823529411764,0.7794117647058824,0.16741493667998603,0.16571028348950068,90,33
HCP_1149,Ontario,General Surgery,7.480934191858926,1912,1500,445,0.2966666666666667,0.7033333333333334,-0.04726343557859515,0.35117902030560577,28,1
HCP_1150,Ontario,General Surgery,7.480934191858926,813,542,148,0.2730627306273063,0.7269372693726937,0.15283706443793432,0.21581605380855212,99,66
HCP_1151,Ontario,General Surgery,7.480934191858926,773,598,354,0.5919732441471572,0.40802675585284276,0.04178642088003012,0.32985252543570104,34,93
HCP_1152,Ontario,General Surgery,7.480934191858926,515,261,55,0.210727969348659,0.789272030651341,0.05345306768971983,0.25321691616882386,69,71
HCP_1153,Ontario,General Surgery,7.480934191858926,875,564,120,0.2127659574468085,0.7872340425531915,0.02778828206945376,0.3205815495659892,22,51
HCP_1154,Ontario,General Surgery,7.480934191858926,689,463,113,0.24406047516198703,0.755939524838013,0.19545550450801835,0.16643554528561336,45,6
HCP_1155,Ontario,General Surgery,7.480934191858926,1944,1025,370,0.36097560975609755,0.6390243902439025,-0.09875056150300339,0.34099581767560894,43,75
HCP_1156,Ontario,General Surgery,7.480934191858926,1558,1152,217,0.18836805555555555,0.8116319444444444,0.12294084064820103,0.14610031044285757,47,18
HCP_1157,Ontario,General Surgery,7.480934191858926,860,670,371,0.5537313432835821,0.4462686567164179,0.18215961978674605,0.2411345828011518,51,89
HCP_1158,Ontario,General Surgery,7.480934191858926,2407,1815,356,0.19614325068870522,0.8038567493112948,0.13596080966484927,0.12490248961085598,7,91
HCP_1159,Ontario,General Surgery,7.480934191858926,1543,1073,582,0.5424044734389561,0.45759552656104385,0.3289638697188101,0.2164342825691677,54,14
HCP_1160,Ontario,General Surgery,7.480934191858926,976,499,53,0.1062124248496994,0.8937875751503006,-0.013473611526963858,0.16136132332804612,65,77
HCP_1161,Ontario,General Surgery,7.480934191858926,456,234,96,0.41025641025641024,0.5897435897435898,0.16487657871122374,0.143346200723025,76,47
HCP_1162,Ontario,General Surgery,7.480934191858926,2439,1915,1051,0.5488250652741514,0.4511749347258486,0.03726912375902956,0.3884447563098131,39,13
HCP_1163,Ontario,General Surgery,7.480934191858926,673,272,39,0.14338235294117646,0.8566176470588236,0.19800872916232032,0.10602593692035572,84,2
HCP_1164,Ontario,General Surgery,7.480934191858926,615,422,246,0.5829383886255924,0.41706161137440756,0.04907732051343566,0.32556404311008835,30,49
HCP_1165,Ontario,General Surgery,7.480934191858926,1565,1068,319,0.29868913857677903,0.701310861423221,0.0034549061765036526,0.39445773581912524,47,92
HCP_1166,Ontario,General Surgery,7.480934191858926,2570,1668,951,0.5701438848920863,0.42985611510791366,0.20672866446459548,0.05696551930902724,99,53
HCP_1167,Ontario,General Surgery,7.480934191858926,1776,1414,597,0.4222065063649222,0.5777934936350778,-0.008987432682271597,0.29465959491473326,60,5
HCP_1168,Ontario,General Surgery,7.480934191858926,1333,699,151,0.21602288984263232,0.7839771101573677,-0.11952709106806673,0.1385191319447005,51,48
HCP_1169,Ontario,General Surgery,7.480934191858926,1347,722,111,0.15373961218836565,0.8462603878116344,-0.012021625980859423,0.06417073851490657,37,22
HCP_1170,Ontario,General Surgery,7.480934191858926,1475,637,138,0.21664050235478807,0.783359497645212,0.1242839535906239,0.19101135263482077,90,91
HCP_1171,Ontario,General Surgery,7.480934191858926,1427,824,83,0.10072815533980582,0.8992718446601942,0.21704465019045094,0.37732623355980627,35,77
HCP_1172,Ontario,General Surgery,7.480934191858926,1207,609,79,0.1297208538587849,0.8702791461412152,0.06333552503558146,0.05411778302844919,86,77
HCP_1173,Ontario,General Surgery,7.480934191858926,1135,610,66,0.10819672131147541,0.8918032786885246,0.20818364806808304,0.2557599921754236,54,19
HCP_1174,Ontario,General Surgery,7.480934191858926,1070,785,222,0.28280254777070063,0.7171974522292994,-0.11298099057731122,0.22548876750836355,84,76
HCP_1175,Ontario,General Surgery,7.480934191858926,840,650,317,0.4876923076923077,0.5123076923076924,-0.003191615778148346,0.35568445752986666,12,90
HCP_1176,Ontario,General Surgery,7.480934191858926,992,470,60,0.1276595744680851,0.8723404255319149,0.015370985941507861,0.07940060008221898,36,59
HCP_1177,Ontario,General Surgery,7.480934191858926,605,332,40,0.12048192771084337,0.8795180722891567,0.03625286870329764,0.2885341104603276,46,98
HCP_1178,Ontario,General Surgery,7.480934191858926,1057,815,329,0.403680981595092,0.596319018404908,0.060091326590023586,0.2880383944516471,89,44
HCP_1179,Ontario,Urology,4.934383038786525,629,267,42,0.15730337078651685,0.8426966292134832,0.13290931488706315,0.28417800590179915,70,60
HCP_1180,Ontario,Urology,4.934383038786525,604,264,27,0.10227272727272728,0.8977272727272727,-0.0033768205804588294,0.37981707322726294,21,55
HCP_1181,Ontario,Urology,4.934383038786525,946,440,62,0.1409090909090909,0.8590909090909091,0.06668344243437507,0.33808063515240816,38,1
HCP_1182,Ontario,Urology,4.934383038786525,1446,923,515,0.5579631635969664,0.4420368364030336,0.04458525316111381,0.0646904541852271,86,44
HCP_1183,Ontario,Urology,4.934383038786525,1225,564,283,0.50177304964539,0.49822695035460995,-0.061106788466937983,0.21487899774657965,57,39
HCP_1184,Ontario,Urology,4.934383038786525,513,404,99,0.24504950495049505,0.754950495049505,0.03635999731022776,0.18928356967046672,29,23
HCP_1185,Ontario,Urology,4.934383038786525,628,363,149,0.41046831955922863,0.5895316804407713,0.03276085641234583,0.15855152738178074,17,28
HCP_1186,Ontario,Urology,4.934383038786525,1235,742,256,0.3450134770889488,0.6549865229110512,0.030190332199634472,0.20796785380393407,17,66
HCP_1187,Ontario,Urology,4.934383038786525,630,314,133,0.42356687898089174,0.5764331210191083,0.05381113478977409,0.1844679647240921,73,67
HCP_1188,Ontario,Urology,4.934383038786525,821,483,206,0.42650103519668736,0.5734989648033126,0.05908082487360634,0.20131686495753287,38,65
HCP_1189,Ontario,Urology,4.934383038786525,1077,716,283,0.3952513966480447,0.6047486033519553,-0.0018754214928796212,0.3927416529630249,93,83
HCP_1190,Ontario,Urology,4.934383038786525,633,443,87,0.1963882618510158,0.8036117381489842,0.2027257680765518,0.08102154116235327,25,53
HCP_1191,Ontario,Urology,4.934383038786525,922,647,46,0.07109737248840804,0.9289026275115919,-0.09033767550436199,0.37278080444355544,70,52
HCP_1192,Ontario,Urology,4.934383038786525,557,352,106,0.30113636363636365,0.6988636363636364,-0.03651641301638754,0.21808284971485936,6,78
HCP_1193,Ontario,Urology,4.934383038786525,720,548,296,0.5401459854014599,0.45985401459854014,0.3835956349068267,0.26830978592483945,68,48
HCP_1194,Ontario,Urology,4.934383038786525,994,723,263,0.36376210235131395,0.636237897648686,-0.07455896259870758,0.34056403831619286,64,31
HCP_1195,Ontario,Urology,4.934383038786525,509,358,182,0.5083798882681564,0.4916201117318436,-0.11245056096517102,0.17616206020223946,45,60
HCP_1196,Ontario,Urology,4.934383038786525,1037,438,261,0.5958904109589042,0.40410958904109584,0.13813720940014612,0.2006476678307884,17,41
HCP_1197,Ontario,Urology,4.934383038786525,882,355,50,0.14084507042253522,0.8591549295774648,-0.19925438245286486,0.19333146809754992,12,0
HCP_1198,Ontario,Urology,4.934383038786525,1078,523,225,0.43021032504780116,0.5697896749521989,0.021767130803307333,0.18115585788751598,24,62
HCP_1199,Ontario,Urology,4.934383038786525,961,639,269,0.4209702660406886,0.5790297339593113,0.3074989910091786,0.37393526257641324,7,34
HCP_1200,Ontario,Urology,4.934383038786525,1432,808,476,0.5891089108910891,0.4108910891089109,-0.13539231065840807,0.3401254619175542,73,50
HCP_1201,Ontario,Urology,4.934383038786525,928,521,308,0.5911708253358925,0.4088291746641075,-0.18783573828864558,0.08814999645204163,31,70
HCP_1202,Ontario,Orthopedic Surgery,6.136897176973173,853,643,275,0.4276827371695179,0.5723172628304821,-0.1299017442349238,0.08784317336698362,16,44
HCP_1203,Ontario,Orthopedic Surgery,6.136897176973173,1034,784,144,0.1836734693877551,0.8163265306122449,0.15780314820163827,0.19975433019854694,78,76
HCP_1204,Ontario,Orthopedic Surgery,6.136897176973173,1198,915,448,0.4896174863387978,0.5103825136612021,0.1849732063982975,0.08453008185648317,78,64
HCP_1205,Ontario,Orthopedic Surgery,6.136897176973173,1008,530,58,0.10943396226415095,0.8905660377358491,-0.011510655637421048,0.2666825833448919,47,13
HCP_1206,Ontario,Orthopedic Surgery,6.136897176973173,1005,680,326,0.47941176470588237,0.5205882352941176,0.13198548848012825,0.10029206254160689,62,92
HCP_1207,Ontario,Orthopedic Surgery,6.136897176973173,775,394,217,0.550761421319797,0.449238578680203,0.21683063930143875,0.23283064238838042,39,2
HCP_1208,Ontario,Orthopedic Surgery,6.136897176973173,786,374,97,0.25935828877005346,0.7406417112299466,0.26448156973157905,0.05252698145130122,83,23
HCP_1209,Ontario,Orthopedic Surgery,6.136897176973173,607,288,114,0.3958333333333333,0.6041666666666667,0.020439766258418222,0.16080872194442636,14,64
HCP_1210,Ontario,Orthopedic Surgery,6.136897176973173,1828,981,281,0.28644240570846075,0.7135575942915393,-0.22617660612039842,0.2870167532854294,98,47
HCP_1211,Ontario,Orthopedic Surgery,6.136897176973173,641,367,107,0.29155313351498635,0.7084468664850136,-0.0485054706891624,0.21941362907974699,5,9
HCP_1212,Ontario,Orthopedic Surgery,6.136897176973173,778,570,126,0.22105263157894736,0.7789473684210526,-0.0012165033922309082,0.39239432009964587,93,12
HCP_1213,Ontario,Orthopedic Surgery,6.136897176973173,771,345,162,0.46956521739130436,0.5304347826086957,0.018927344410593135,0.3559363286231738,62,99
HCP_1214,Ontario,Orthopedic Surgery,6.136897176973173,1355,940,531,0.5648936170212766,0.4351063829787234,0.027456871878953664,0.17567477266510295,7,72
HCP_1215,Ontario,Orthopedic Surgery,6.136897176973173,894,548,311,0.5675182481751825,0.4324817518248175,0.1842673517516803,0.06592028951529612,94,13
HCP_1216,Ontario,Orthopedic Surgery,6.136897176973173,1534,790,115,0.14556962025316456,0.8544303797468354,0.20293141120250974,0.34596920504025663,31,99
HCP_1217,Ontario,Orthopedic Surgery,6.136897176973173,783,468,249,0.532051282051282,0.46794871794871795,0.029399161529026004,0.36893200861013503,44,9
HCP_1218,Ontario,Orthopedic Surgery,6.136897176973173,1093,568,259,0.45598591549295775,0.5440140845070423,0.18181818512621822,0.3372195876966629,51,39
HCP_1219,Ontario,Orthopedic Surgery,6.136897176973173,740,472,89,0.1885593220338983,0.8114406779661016,0.09291936399573072,0.09478247932191772,78,22
HCP_1220,Ontario,Orthopedic Surgery,6.136897176973173,2099,1204,105,0.0872093023255814,0.9127906976744186,0.057740716743508606,0.3992702970443007,81,98
HCP_1221,Ontario,Orthopedic Surgery,6.136897176973173,654,305,60,0.19672131147540983,0.8032786885245902,0.15878529885319564,0.14050447754347084,12,54
HCP_1222,Ontario,Orthopedic Surgery,6.136897176973173,1104,493,272,0.5517241379310345,0.4482758620689655,0.0586702457885499,0.30347171948292956,23,62
HCP_1223,Ontario,Orthopedic Surgery,6.136897176973173,1237,765,305,0.39869281045751637,0.6013071895424836,0.2969373412517315,0.3678122067175026,39,70
HCP_1224,Ontario,Orthopedic Surgery,6.136897176973173,1145,871,389,0.44661308840413316,0.5533869115958668,-0.12260934001534708,0.1324904900157483,13,41
HCP_1225,Ontario,Orthopedic Surgery,6.136897176973173,929,499,96,0.19238476953907815,0.8076152304609219,-0.011820507891042123,0.36789049413697317,91,98
HCP_1226,Ontario,Orthopedic Surgery,6.136897176973173,947,656,292,0.4451219512195122,0.5548780487804879,0.03481773236552597,0.15831855271820344,74,65
HCP_1227,Ontario,Orthopedic Surgery,6.136897176973173,1006,667,44,0.06596701649175413,0.9340329835082459,0.10273432285495887,0.39174462783441966,69,78
HCP_1228,Ontario,Orthopedic Surgery,6.136897176973173,941,727,186,0.2558459422283356,0.7441540577716643,0.20215525845237065,0.1484410071331661,61,72
HCP_1229,Ontario,Orthopedic Surgery,6.136897176973173,1389,1012,399,0.3942687747035573,0.6057312252964426,0.0470721719316612,0.38370253866524234,88,46
HCP_1230,Ontario,Orthopedic Surgery,6.136897176973173,2148,1346,175,0.1300148588410104,0.8699851411589896,-0.12066755794074487,0.06874062781243623,60,80
HCP_1231,Ontario,Orthopedic Surgery,6.136897176973173,815,540,271,0.5018518518518519,0.4981481481481481,0.15110166757460053,0.29824520408443456,0,51
HCP_1232,Ontario,Orthopedic Surgery,6.136897176973173,614,466,84,0.18025751072961374,0.8197424892703863,0.14059505193703575,0.2362388968429513,88,17
HCP_1233,Ontario,Orthopedic Surgery,6.136897176973173,961,538,220,0.40892193308550184,0.5910780669144982,-0.1830230391255287,0.21725697699295576,65,78
HCP_1234,Ontario,Orthopedic Surgery,6.136897176973173,2444,1297,354,0.27293754818812643,0.7270624518118736,0.049543503959504076,0.128223009989544,31,17
HCP_1235,Ontario,Orthopedic Surgery,6.136897176973173,748,302,114,0.37748344370860926,0.6225165562913908,-0.14081701968163574,0.29695852642177223,12,23
HCP_1236,Ontario,Orthopedic Surgery,6.136897176973173,1759,1285,140,0.10894941634241245,0.8910505836575875,-0.029758131700247492,0.11678332200620749,32,22
HCP_1237,Ontario,Orthopedic Surgery,6.136897176973173,1783,1284,76,0.059190031152647975,0.940809968847352,-0.05833707123553597,0.24349462859466892,31,11
HCP_1238,Ontario,Orthopedic Surgery,6.136897176973173,816,360,198,0.55,0.44999999999999996,0.14711176378903829,0.1386358770640878,55,22
HCP_1239,Ontario,Orthopedic Surgery,6.136897176973173,1209,763,151,0.19790301441677588,0.8020969855832241,0.06401962090066206,0.38446748292347466,23,20
HCP_1240,Ontario,Orthopedic Surgery,6.136897176973173,1752,1026,514,0.5009746588693957,0.49902534113060426,-0.10427092009072329,0.06002091784247849,90,63
HCP_1241,Ontario,Orthopedic Surgery,6.136897176973173,868,388,233,0.6005154639175257,0.39948453608247425,0.15560791555488107,0.1199048980389328,3,89
HCP_1242,Ontario,Orthopedic Surgery,6.136897176973173,923,731,122,0.16689466484268126,0.8331053351573188,-0.12205669887140973,0.1348087122356067,87,71
HCP_1243,Ontario,Orthopedic Surgery,6.136897176973173,808,393,77,0.19592875318066158,0.8040712468193384,0.08961365485651324,0.19492373901873578,22,93
HCP_1244,Ontario,Orthopedic Surgery,6.136897176973173,695,297,123,0.41414141414141414,0.5858585858585859,-0.04768128031498668,0.13145558465451873,28,33
HCP_1245,Ontario,Orthopedic Surgery,6.136897176973173,789,503,292,0.5805168986083499,0.4194831013916501,0.006118750096337618,0.22197218159407484,97,1
HCP_1246,Ontario,Orthopedic Surgery,6.136897176973173,646,449,249,0.5545657015590201,0.4454342984409799,0.11051248976460608,0.35536293314048867,20,68
HCP_1247,Ontario,Orthopedic Surgery,6.136897176973173,1003,414,135,0.32608695652173914,0.6739130434782609,0.11257392788714349,0.2992221974932098,29,30
HCP_1248,Ontario,Orthopedic Surgery,6.136897176973173,757,502,245,0.48804780876494025,0.5119521912350598,0.21043628882671522,0.2529866931872889,89,96
HCP_1249,Ontario,Ophthalmology,7.54831703194489,1193,731,91,0.12448700410396717,0.8755129958960328,0.040129556039425626,0.08115111229393789,19,67
HCP_1250,Ontario,Ophthalmology,7.54831703194489,638,282,166,0.5886524822695035,0.4113475177304965,0.08677410355560089,0.2928972379362465,15,69
HCP_1251,Ontario,Ophthalmology,7.54831703194489,1234,579,336,0.5803108808290155,0.4196891191709845,-0.002528478688518951,0.10824499950882896,66,86
HCP_1252,Ontario,Ophthalmology,7.54831703194489,1471,923,129,0.13976164680390032,0.8602383531960996,0.07183878591473572,0.3252285850865943,48,18
HCP_1253,Ontario,Ophthalmology,7.54831703194489,547,284,61,0.2147887323943662,0.7852112676056338,0.1027383257610214,0.13751986547855363,100,71
HCP_1254,Ontario,Ophthalmology,7.54831703194489,1253,971,102,0.10504634397528322,0.8949536560247168,0.03820281830547488,0.1959670549123153,57,12
HCP_1255,Ontario,Ophthalmology,7.54831703194489,1689,1229,245,0.19934906427990237,0.8006509357200976,-0.16645005809109953,0.1726645708112748,43,64
HCP_1256,Ontario,Ophthalmology,7.54831703194489,720,571,285,0.4991243432574431,0.500875656742557,0.08977650755970744,0.3505848701361999,24,5
HCP_1257,Ontario,Ophthalmology,7.54831703194489,1973,994,257,0.25855130784708247,0.7414486921529175,0.09374737728265484,0.09429056054969286,22,70
HCP_1258,Ontario,Ophthalmology,7.54831703194489,1273,1003,99,0.09870388833499502,0.901296111665005,-0.031620817161754106,0.247975708834676,58,26
HCP_1259,Ontario,Ophthalmology,7.54831703194489,859,492,117,0.23780487804878048,0.7621951219512195,-0.1041264443287017,0.09972156330507179,0,78
HCP_1260,Ontario,Ophthalmology,7.54831703194489,1078,581,343,0.5903614457831325,0.40963855421686746,0.22710549806047586,0.29667854264626536,96,51
HCP_1261,Ontario,Ophthalmology,7.54831703194489,1336,561,222,0.39572192513368987,0.6042780748663101,0.10897346130732824,0.36677734472806844,14,97
HCP_1262,Ontario,Ophthalmology,7.54831703194489,1129,475,132,0.27789473684210525,0.7221052631578948,0.02251027628939484,0.20211267885353873,80,86
HCP_1263,Ontario,Ophthalmology,7.54831703194489,1327,898,127,0.14142538975501115,0.8585746102449888,-0.08644394597769849,0.22083229109274155,97,47
HCP_1264,Ontario,Ophthalmology,7.54831703194489,796,464,275,0.5926724137931034,0.4073275862068966,-0.0486177794105615,0.3745979927689668,80,87
HCP_1265,Ontario,Ophthalmology,7.54831703194489,1166,572,287,0.5017482517482518,0.4982517482517482,0.20631084761434776,0.232346986027275,51,78
HCP_1266,Ontario,Ophthalmology,7.54831703194489,670,433,89,0.20554272517321015,0.7944572748267898,0.06651943290416554,0.22065945331734632,57,98
HCP_1267,Ontario,Ophthalmology,7.54831703194489,1057,530,47,0.08867924528301886,0.9113207547169812,-0.016070448040084784,0.25241518594650647,40,67
HCP_1268,Ontario,Ophthalmology,7.54831703194489,801,505,41,0.08118811881188119,0.9188118811881189,0.11116270774695874,0.2912304077270332,43,43
HCP_1269,Ontario,Ophthalmology,7.54831703194489,850,462,54,0.11688311688311688,0.8831168831168831,-0.04772778249355884,0.08740918128046099,3,100
HCP_1270,Ontario,Ophthalmology,7.54831703194489,1694,1236,457,0.3697411003236246,0.6302588996763754,0.2301011636336454,0.33738868470953065,76,16
HCP_1271,Ontario,Ophthalmology,7.54831703194489,1610,1173,658,0.5609548167092924,0.43904518329070763,0.21233606418760703,0.20242675960864076,67,94
HCP_1272,Ontario,Ophthalmology,7.54831703194489,1360,804,260,0.32338308457711445,0.6766169154228856,-0.005988888544333187,0.07532197846411995,6,37
HCP_1273,Ontario,Ophthalmology,7.54831703194489,750,405,208,0.5135802469135803,0.4864197530864197,-0.025440429643703244,0.3251639342193746,45,9
HCP_1274,Ontario,Ophthalmology,7.54831703194489,984,536,158,0.2947761194029851,0.7052238805970149,-0.26417598384307356,0.18193249009019524,8,53
HCP_1275,Ontario,Ophthalmology,7.54831703194489,1680,1213,533,0.43940643033800497,0.560593569661995,-0.12778969258616413,0.08512862328326888,86,90
HCP_1276,Ontario,Ophthalmology,7.54831703194489,1155,614,278,0.4527687296416938,0.5472312703583062,-0.11073637299493073,0.2718226638401377,32,5
HCP_1277,Ontario,Ophthalmology,7.54831703194489,2475,1197,174,0.14536340852130325,0.8546365914786967,0.0662228409184863,0.3580459737017746,32,5
HCP_1278,Ontario,Ophthalmology,7.54831703194489,1261,547,136,0.24862888482632542,0.7513711151736746,0.010851955467036857,0.36071372829489523,83,51
HCP_1279,Ontario,Ophthalmology,7.54831703194489,1175,689,276,0.4005805515239477,0.5994194484760522,-0.11144025848982896,0.38518221618314064,3,14
HCP_1280,Ontario,Ophthalmology,7.54831703194489,986,585,52,0.08888888888888889,0.9111111111111111,0.01626031490425313,0.3536969109183408,64,67
HCP_1281,Ontario,Ophthalmology,7.54831703194489,1152,848,211,0.24882075471698112,0.7511792452830188,0.11064045771768183,0.05074932177091633,33,56
HCP_1282,Ontario,Ophthalmology,7.54831703194489,1042,509,175,0.343811394891945,0.656188605108055,0.11334072198987045,0.18308440824468658,90,55
HCP_1283,Ontario,Obstetrics/Gynecology,7.467281576537945,1400,773,462,0.5976714100905562,0.40232858990944376,-0.17796043370306575,0.3364899029669261,84,6
HCP_1284,Ontario,Obstetrics/Gynecology,7.467281576537945,1528,1105,344,0.31131221719457014,0.6886877828054299,0.0346083823419403,0.178188552099466,87,50
HCP_1285,Ontario,Obstetrics/Gynecology,7.467281576537945,830,605,302,0.4991735537190083,0.5008264462809917,-0.11600089323659322,0.2605419772328972,78,57
HCP_1286,Ontario,Obstetrics/Gynecology,7.467281576537945,686,380,109,0.2868421052631579,0.7131578947368421,0.15820744365683287,0.2622109315810862,98,63
HCP_1287,Ontario,Obstetrics/Gynecology,7.467281576537945,575,336,164,0.4880952380952381,0.5119047619047619,0.14409756996241982,0.17775885641358807,63,25
HCP_1288,Ontario,Obstetrics/Gynecology,7.467281576537945,1306,681,257,0.37738619676945667,0.6226138032305433,-0.057763267158935,0.3665658745484507,24,57
HCP_1289,Ontario,Obstetrics/Gynecology,7.467281576537945,743,574,309,0.5383275261324042,0.4616724738675958,-0.04192542428804798,0.22612992088514117,54,30
HCP_1290,Ontario,Obstetrics/Gynecology,7.467281576537945,515,230,63,0.27391304347826084,0.7260869565217392,-0.005352046059796861,0.2126744720781253,8,65
HCP_1291,Ontario,Obstetrics/Gynecology,7.467281576537945,1252,968,370,0.3822314049586777,0.6177685950413223,-0.2203352073677607,0.39912981098166356,16,91
HCP_1292,Ontario,Obstetrics/Gynecology,7.467281576537945,2616,1762,699,0.3967082860385925,0.6032917139614076,0.09031618081286918,0.22272512742541584,20,12
HCP_1293,Ontario,Obstetrics/Gynecology,7.467281576537945,1091,668,187,0.27994011976047906,0.7200598802395209,0.01725865443918432,0.11243938817500337,59,17
HCP_1294,Ontario,Obstetrics/Gynecology,7.467281576537945,1466,606,78,0.12871287128712872,0.8712871287128713,0.1664210099081431,0.22957429800220336,12,93
HCP_1295,Ontario,Obstetrics/Gynecology,7.467281576537945,1125,664,67,0.10090361445783133,0.8990963855421686,-0.08180910615550631,0.33490585743197554,2,74
HCP_1296,Ontario,Obstetrics/Gynecology,7.467281576537945,1056,595,35,0.058823529411764705,0.9411764705882353,-0.024294753789991796,0.3219011144143985,67,12
HCP_1297,Ontario,Obstetrics/Gynecology,7.467281576537945,1508,700,371,0.53,0.47,-0.13078303096469385,0.3260036177879649,3,23
HCP_1298,Ontario,Obstetrics/Gynecology,7.467281576537945,987,654,118,0.18042813455657492,0.8195718654434251,-0.07051486761931038,0.29780832439926913,91,56
HCP_1299,Ontario,Obstetrics/Gynecology,7.467281576537945,1200,946,157,0.16596194503171247,0.8340380549682875,-0.09183783952818626,0.13897624017334087,6,28
HCP_1300,Ontario,Obstetrics/Gynecology,7.467281576537945,1223,764,347,0.45418848167539266,0.5458115183246073,0.16951684146157348,0.351729430044081,25,55
HCP_1301,Ontario,Obstetrics/Gynecology,7.467281576537945,865,593,134,0.22596964586846544,0.7740303541315345,-0.033791421850167064,0.3627052128816928,74,53
HCP_1302,Ontario,Obstetrics/Gynecology,7.467281576537945,1547,661,217,0.32829046898638425,0.6717095310136157,0.06490108216935361,0.11795344381649218,23,4
HCP_1303,Ontario,Obstetrics/Gynecology,7.467281576537945,1028,583,81,0.13893653516295026,0.8610634648370498,0.004308391536583474,0.09565947279298788,9,34
HCP_1304,Ontario,Obstetrics/Gynecology,7.467281576537945,839,375,217,0.5786666666666667,0.42133333333333334,-0.10233583192153754,0.39146173900618925,100,18
HCP_1305,Ontario,Obstetrics/Gynecology,7.467281576537945,1319,851,441,0.518213866039953,0.481786133960047,0.029803949219402878,0.3539133872776288,12,54
HCP_1306,Ontario,Obstetrics/Gynecology,7.467281576537945,798,619,325,0.5250403877221325,0.47495961227786754,0.12189239982363136,0.36263265152348134,43,76
HCP_1307,Ontario,Obstetrics/Gynecology,7.467281576537945,1104,734,201,0.273841961852861,0.726158038147139,-0.09493112710520225,0.3602317346185383,38,68
HCP_1308,Ontario,Obstetrics/Gynecology,7.467281576537945,1090,469,220,0.4690831556503198,0.5309168443496801,0.14709353488776544,0.23959038841180497,18,43
HCP_1309,Ontario,Obstetrics/Gynecology,7.467281576537945,1598,866,112,0.12933025404157045,0.8706697459584296,-0.051966510577323544,0.2762406078330299,50,77
HCP_1310,Ontario,Obstetrics/Gynecology,7.467281576537945,1291,801,44,0.05493133583021224,0.9450686641697877,-0.007958071128740883,0.2408769982467746,18,37
HCP_1311,Ontario,Obstetrics/Gynecology,7.467281576537945,1084,608,37,0.06085526315789474,0.9391447368421053,0.11368197476120574,0.06792222221661517,75,61
HCP_1312,Ontario,Obstetrics/Gynecology,7.467281576537945,1455,1067,398,0.37300843486410495,0.626991565135895,-0.02961233886633856,0.31092607987347043,51,21
HCP_1313,Ontario,Obstetrics/Gynecology,7.467281576537945,1778,1291,388,0.3005422153369481,0.6994577846630519,0.054508983120303875,0.2268662116675581,85,72
HCP_1314,Ontario,Obstetrics/Gynecology,7.467281576537945,1329,857,287,0.3348891481913652,0.6651108518086348,0.012237100545428911,0.27669817617658043,46,39
HCP_1315,Ontario,Obstetrics/Gynecology,7.467281576537945,1097,603,33,0.05472636815920398,0.945273631840796,0.06552416080445822,0.22592393174143738,100,25
HCP_1316,Ontario,Obstetrics/Gynecology,7.467281576537945,691,347,98,0.2824207492795389,0.717579250720461,-0.23568869266281967,0.22213396281285958,29,4
HCP_1317,Ontario,Obstetrics/Gynecology,7.467281576537945,753,333,148,0.4444444444444444,0.5555555555555556,-0.16956181782496993,0.1101261883172184,45,92
HCP_1318,Ontario,Obstetrics/Gynecology,7.467281576537945,982,532,156,0.2932330827067669,0.7067669172932332,0.12391604072562058,0.14754980029940215,75,53
HCP_1319,Ontario,Obstetrics/Gynecology,7.467281576537945,883,499,226,0.4529058116232465,0.5470941883767535,0.17446176867788604,0.10559844218038453,92,85
HCP_1320,Ontario,Obstetrics/Gynecology,7.467281576537945,1024,686,122,0.17784256559766765,0.8221574344023324,-0.05925840442378255,0.11848320346886985,20,48
HCP_1321,Ontario,Obstetrics/Gynecology,7.467281576537945,1115,740,368,0.4972972972972973,0.5027027027027027,0.020716597739463882,0.39054208314710676,74,2
HCP_1322,Ontario,Obstetrics/Gynecology,7.467281576537945,1316,563,210,0.37300177619893427,0.6269982238010657,0.08536631034827619,0.10358970602026946,100,91
HCP_1323,Ontario,Obstetrics/Gynecology,7.467281576537945,1066,595,99,0.16638655462184873,0.8336134453781513,0.1331861121990445,0.14424464850682267,47,37
HCP_1324,Ontario,Obstetrics/Gynecology,7.467281576537945,1296,613,110,0.17944535073409462,0.8205546492659054,-0.1933212726005018,0.2567063802085048,61,13
HCP_1325,Ontario,Obstetrics/Gynecology,7.467281576537945,1118,517,204,0.3945841392649903,0.6054158607350097,-0.056324829637405247,0.2635625016828247,57,46
HCP_1326,Ontario,Obstetrics/Gynecology,7.467281576537945,547,400,203,0.5075,0.49250000000000005,0.010090474418015007,0.10389094541034019,17,13
HCP_1327,Ontario,Obstetrics/Gynecology,7.467281576537945,787,328,91,0.2774390243902439,0.7225609756097561,0.13437682366832593,0.32780109902482435,58,74
HCP_1328,Ontario,Obstetrics/Gynecology,7.467281576537945,1039,590,113,0.19152542372881357,0.8084745762711865,0.3498116580465794,0.32482100376948875,90,72
HCP_1329,Ontario,Obstetrics/Gynecology,7.467281576537945,716,335,176,0.5253731343283582,0.4746268656716418,0.02263931278283386,0.1330611964713619,100,37
HCP_1330,Ontario,Obstetrics/Gynecology,7.467281576537945,1348,1013,424,0.4185587364264561,0.581441263573544,-0.11883729545247863,0.15103320593641117,47,63
HCP_1331,Ontario,Obstetrics/Gynecology,7.467281576537945,1868,1163,345,0.29664660361135,0.70335339638865,0.09827216926415577,0.37829575291082396,62,43
HCP_1332,Ontario,Obstetrics/Gynecology,7.467281576537945,1675,825,263,0.3187878787878788,0.6812121212121212,0.20851949474488518,0.33898500609281734,11,69
HCP_1333,Ontario,Obstetrics/Gynecology,7.467281576537945,1014,609,99,0.1625615763546798,0.8374384236453202,0.0629616945175401,0.2942289615718834,86,64
HCP_1334,Ontario,Obstetrics/Gynecology,7.467281576537945,1842,1276,504,0.3949843260188088,0.6050156739811912,-0.05879782541851514,0.0787816275287102,33,24
HCP_1335,Ontario,Obstetrics/Gynecology,7.467281576537945,1151,902,223,0.24722838137472283,0.7527716186252772,0.16495927297760227,0.19639242831590153,60,15
HCP_1336,Ontario,Obstetrics/Gynecology,7.467281576537945,971,474,283,0.5970464135021097,0.40295358649789026,0.1296254742198122,0.24575565522688947,86,14
HCP_1337,Ontario,Obstetrics/Gynecology,7.467281576537945,882,665,209,0.3142857142857143,0.6857142857142857,-0.07312970130347492,0.11559395079432193,52,97
HCP_1338,Ontario,Obstetrics/Gynecology,7.467281576537945,983,761,241,0.316688567674113,0.683311432325887,0.09577107410412103,0.2068793037378786,24,80
HCP_1339,Ontario,Obstetrics/Gynecology,7.467281576537945,954,731,264,0.36114911080711354,0.6388508891928865,0.1696718681190647,0.2603590571210415,61,2
HCP_1340,Ontario,Obstetrics/Gynecology,7.467281576537945,1160,759,421,0.5546772068511199,0.4453227931488801,0.19182680510706723,0.16458183804038973,3,66
HCP_1341,Ontario,Obstetrics/Gynecology,7.467281576537945,1156,754,370,0.4907161803713528,0.5092838196286472,0.04202612296286529,0.3233306866326705,93,36
HCP_1342,Ontario,Obstetrics/Gynecology,7.467281576537945,1094,614,183,0.2980456026058632,0.7019543973941368,0.007030466458481738,0.3441573535735819,93,80
HCP_1343,Ontario,Obstetrics/Gynecology,7.467281576537945,1274,893,398,0.44568868980963045,0.5543113101903696,0.19727285864975153,0.16326331430192478,12,54
HCP_1344,Ontario,Obstetrics/Gynecology,7.467281576537945,1658,1016,378,0.3720472440944882,0.6279527559055118,-0.09521926035770621,0.34353000407236,41,37
HCP_1345,Ontario,Obstetrics/Gynecology,7.467281576537945,1524,1023,328,0.3206256109481916,0.6793743890518085,0.10262951491052065,0.08625179813605527,48,62
HCP_1346,Ontario,Obstetrics/Gynecology,7.467281576537945,650,371,58,0.15633423180592992,0.84366576819407,-0.11440319528373151,0.34320518451792975,77,0
HCP_1347,Ontario,Obstetrics/Gynecology,7.467281576537945,447,310,95,0.3064516129032258,0.6935483870967742,0.1778451526711523,0.10346265108366581,55,70
HCP_1348,Ontario,Obstetrics/Gynecology,7.467281576537945,1516,1106,205,0.1853526220614828,0.8146473779385172,0.019034538126660623,0.07902450337840412,46,89
HCP_1349,Ontario,Obstetrics/Gynecology,7.467281576537945,677,310,171,0.5516129032258065,0.4483870967741935,0.20222998827769634,0.27462139155435394,7,18
HCP_1350,Ontario,Obstetrics/Gynecology,7.467281576537945,1010,741,174,0.23481781376518218,0.7651821862348178,0.10896953076266325,0.215178078014353,54,51
HCP_1351,Ontario,Obstetrics/Gynecology,7.467281576537945,726,447,256,0.5727069351230425,0.4272930648769575,-0.09678642760743157,0.3677617101444915,87,29
HCP_1352,Ontario,Obstetrics/Gynecology,7.467281576537945,582,429,147,0.34265734265734266,0.6573426573426573,0.2209553278492692,0.17711621863179722,17,54
HCP_1353,Ontario,Obstetrics/Gynecology,7.467281576537945,1321,756,300,0.3968253968253968,0.6031746031746033,0.23614943197132754,0.15050329220317005,34,13
HCP_1354,Manitoba,Internal Medicine,1.3061224990526088,596,329,115,0.3495440729483283,0.6504559270516717,0.15587437911190588,0.22525721715046942,88,12
HCP_1355,Manitoba,Internal Medicine,1.3061224990526088,374,286,35,0.12237762237762238,0.8776223776223776,-0.04139054380434638,0.20958116501903146,80,83
HCP_1356,Manitoba,Internal Medicine,1.3061224990526088,185,93,24,0.25806451612903225,0.7419354838709677,0.013278325477110942,0.1705498161760159,31,89
HCP_1357,Manitoba,Internal Medicine,1.3061224990526088,378,279,29,0.1039426523297491,0.8960573476702509,0.06745126608869113,0.29280945454441504,23,26
HCP_1358,Manitoba,Internal Medicine,1.3061224990526088,524,311,122,0.39228295819935693,0.607717041800643,-0.03444524791977199,0.31584664186986794,6,88
HCP_1359,Manitoba,Internal Medicine,1.3061224990526088,272,165,49,0.296969696969697,0.703030303030303,0.25308158869558456,0.34854438916054786,12,8
HCP_1360,Manitoba,Internal Medicine,1.3061224990526088,487,255,122,0.47843137254901963,0.5215686274509803,0.06731917660712441,0.39049981164862,90,40
HCP_1361,Manitoba,Internal Medicine,1.3061224990526088,455,286,49,0.17132867132867133,0.8286713286713286,-0.2744017656528829,0.14332966724637658,68,47
HCP_1362,Manitoba,Internal Medicine,1.3061224990526088,560,297,42,0.1414141414141414,0.8585858585858586,0.09072269753074644,0.30063271887148657,99,11
HCP_1363,Manitoba,Cardiology,1.2041410694243184,458,190,52,0.2736842105263158,0.7263157894736842,0.008221112381922427,0.18799038242351085,89,9
HCP_1364,Manitoba,Cardiology,1.2041410694243184,312,159,89,0.559748427672956,0.44025157232704404,0.04100881326578626,0.28697869018288785,41,5
HCP_1365,Manitoba,Cardiology,1.2041410694243184,667,269,119,0.4423791821561338,0.5576208178438662,0.005765676105716051,0.21659359162222713,30,33
HCP_1366,Manitoba,Gastroenterology,1.0953551511359136,396,313,88,0.28115015974440893,0.7188498402555911,0.14684556999280246,0.39782058596877606,73,51
HCP_1367,Manitoba,Neurology,2.371609291302853,610,480,161,0.33541666666666664,0.6645833333333333,0.18436253342640574,0.30511574752676246,25,40
HCP_1368,Manitoba,Neurology,2.371609291302853,444,248,24,0.0967741935483871,0.9032258064516129,0.08396637947103845,0.3833719551520136,85,82
HCP_1369,Manitoba,Neurology,2.371609291302853,527,364,215,0.5906593406593407,0.40934065934065933,0.009282657543420919,0.342239342318415,75,5
HCP_1370,Manitoba,Psychiatry,1.1935934437867612,321,173,72,0.4161849710982659,0.5838150289017341,0.045039535422899575,0.3660153539071799,31,1
HCP_1371,Manitoba,Psychiatry,1.1935934437867612,411,275,57,0.20727272727272728,0.7927272727272727,0.0523519539893154,0.3350467190251362,90,14
HCP_1372,Manitoba,Psychiatry,1.1935934437867612,796,575,214,0.37217391304347824,0.6278260869565218,-0.046291604783780416,0.210705695631569,96,16
HCP_1373,Manitoba,Psychiatry,1.1935934437867612,270,210,23,0.10952380952380952,0.8904761904761904,0.11947143782854817,0.13812595867140953,51,15
HCP_1374,Manitoba,Psychiatry,1.1935934437867612,248,139,81,0.5827338129496403,0.41726618705035967,0.10520507886325595,0.17961206140768277,19,27
HCP_1375,Manitoba,Psychiatry,1.1935934437867612,731,521,76,0.14587332053742802,0.8541266794625719,0.2348529487732008,0.05708268142398266,39,84
HCP_1376,Manitoba,Psychiatry,1.1935934437867612,406,206,84,0.4077669902912621,0.5922330097087378,0.200641973634617,0.23339760861263353,58,71
HCP_1377,Manitoba,Psychiatry,1.1935934437867612,346,275,51,0.18545454545454546,0.8145454545454546,-0.032280990110815616,0.2267702300946431,76,9
HCP_1378,Manitoba,Psychiatry,1.1935934437867612,629,258,115,0.44573643410852715,0.5542635658914729,0.14843580494107578,0.2338376626906709,13,9
HCP_1379,Manitoba,Psychiatry,1.1935934437867612,354,227,108,0.47577092511013214,0.5242290748898679,-0.0641144059713366,0.3909109287402224,43,9
HCP_1380,Manitoba,Psychiatry,1.1935934437867612,828,550,231,0.42,0.5800000000000001,0.13351185211290195,0.3690089012091938,85,72
HCP_1381,Manitoba,Psychiatry,1.1935934437867612,554,374,145,0.3877005347593583,0.6122994652406417,-0.011993703851212935,0.1065994724155378,81,27
HCP_1382,Manitoba,Psychiatry,1.1935934437867612,368,165,89,0.5393939393939394,0.4606060606060606,-0.07279038680507012,0.17910888254456125,47,23
HCP_1383,Manitoba,Psychiatry,1.1935934437867612,930,721,67,0.09292649098474341,0.9070735090152566,0.08360544112368853,0.19838466281214168,92,18
HCP_1384,Manitoba,Pediatrics,3.0637496133399194,566,267,62,0.23220973782771537,0.7677902621722846,-0.27094805537849687,0.1761865212480767,42,96
HCP_1385,Manitoba,Pediatrics,3.0637496133399194,908,589,110,0.1867572156196944,0.8132427843803056,-0.16011706892862737,0.3294735872613696,15,67
HCP_1386,Manitoba,Pediatrics,3.0637496133399194,777,380,225,0.5921052631578947,0.4078947368421053,0.028700973947086022,0.23341318445365544,34,55
HCP_1387,Manitoba,Pediatrics,3.0637496133399194,1104,577,152,0.2634315424610052,0.7365684575389948,0.0598930119961811,0.2502349359400688,52,66
HCP_1388,Manitoba,Pediatrics,3.0637496133399194,1209,748,339,0.4532085561497326,0.5467914438502675,0.005681747581017339,0.34855474564577393,33,41
HCP_1389,Manitoba,Pediatrics,3.0637496133399194,708,401,171,0.42643391521197005,0.57356608478803,-0.13953235584611184,0.33207485369537554,2,11
HCP_1390,Manitoba,Pediatrics,3.0637496133399194,538,250,42,0.168,0.832,-0.04814702105662065,0.09627403298710491,67,17
HCP_1391,Manitoba,Pediatrics,3.0637496133399194,822,385,70,0.18181818181818182,0.8181818181818181,0.09694511926848726,0.29987010442927203,4,22
HCP_1392,Manitoba,Pediatrics,3.0637496133399194,552,313,64,0.20447284345047922,0.7955271565495208,0.11981381247540351,0.20240264511571243,9,83
HCP_1393,Manitoba,Pediatrics,3.0637496133399194,1417,996,275,0.2761044176706827,0.7238955823293173,0.04805322588848705,0.15312711607187518,51,5
HCP_1394,Manitoba,Dermatology,1.327954651735298,484,367,66,0.17983651226158037,0.8201634877384196,0.18882005372443866,0.06750658731576523,28,52
HCP_1395,Manitoba,Dermatology,1.327954651735298,406,176,11,0.0625,0.9375,0.09768764281510811,0.22053734612090786,95,97
HCP_1396,Manitoba,General Surgery,1.7558834879175709,565,315,168,0.5333333333333333,0.4666666666666667,-0.039694678474985465,0.174402838253586,30,41
HCP_1397,Manitoba,General Surgery,1.7558834879175709,331,146,85,0.5821917808219178,0.4178082191780822,0.016339753590605917,0.13802956388674031,65,65
HCP_1398,Manitoba,General Surgery,1.7558834879175709,377,153,36,0.23529411764705882,0.7647058823529411,-0.11834393886494256,0.29313510535893517,75,29
HCP_1399,Manitoba,General Surgery,1.7558834879175709,807,536,127,0.23694029850746268,0.7630597014925373,0.03702332115302999,0.3193198855604555,90,8
HCP_1400,Manitoba,General Surgery,1.7558834879175709,421,270,15,0.05555555555555555,0.9444444444444444,0.18345207430656063,0.1356763316602987,68,90
HCP_1401,Manitoba,General Surgery,1.7558834879175709,367,171,73,0.4269005847953216,0.5730994152046784,0.13223481016531613,0.06730660283777154,36,41
HCP_1402,Manitoba,Urology,1.2410405166690923,538,266,134,0.5037593984962406,0.49624060150375937,0.21824111911029465,0.3470634451978323,26,33
HCP_1403,Manitoba,Urology,1.2410405166690923,675,276,36,0.13043478260869565,0.8695652173913043,0.01365377074412083,0.05348590942150616,86,39
HCP_1404,Manitoba,Orthopedic Surgery,1.123980204818852,545,400,55,0.1375,0.8625,0.21153197534171092,0.3779893728725152,32,87
HCP_1405,Manitoba,Orthopedic Surgery,1.123980204818852,601,475,230,0.4842105263157895,0.5157894736842106,0.026803492826243617,0.26966695589394707,67,16
HCP_1406,Manitoba,Orthopedic Surgery,1.123980204818852,325,148,58,0.3918918918918919,0.6081081081081081,0.2265902099083873,0.1626463223204621,58,28
HCP_1407,Manitoba,Orthopedic Surgery,1.123980204818852,258,127,9,0.07086614173228346,0.9291338582677166,0.04737719030694516,0.13626726835185768,63,99
HCP_1408,Manitoba,Orthopedic Surgery,1.123980204818852,717,536,210,0.3917910447761194,0.6082089552238805,0.1348677648565132,0.053151982492566335,84,49
HCP_1409,Manitoba,Ophthalmology,1.1351106702148204,381,294,65,0.22108843537414966,0.7789115646258503,0.22701348371718266,0.132414995953807,87,75
HCP_1410,Manitoba,Ophthalmology,1.1351106702148204,390,221,56,0.25339366515837103,0.746606334841629,0.026788684570255333,0.09820490553099939,43,94
HCP_1411,Manitoba,Ophthalmology,1.1351106702148204,678,285,135,0.47368421052631576,0.5263157894736843,0.07620667850530091,0.264258177253101,94,48
HCP_1412,Manitoba,Obstetrics/Gynecology,1.6961018856760066,633,263,130,0.49429657794676807,0.5057034220532319,0.20466361102475628,0.10829095600783047,87,72
HCP_1413,Manitoba,Obstetrics/Gynecology,1.6961018856760066,611,385,104,0.2701298701298701,0.7298701298701299,0.034039620328392375,0.23502044313781678,48,60
HCP_1414,Manitoba,Obstetrics/Gynecology,1.6961018856760066,1111,619,353,0.5702746365105008,0.4297253634894992,-0.10850707390073931,0.2565407478205648,52,82
HCP_1415,Manitoba,Obstetrics/Gynecology,1.6961018856760066,416,171,47,0.27485380116959063,0.7251461988304093,0.30716084655018916,0.1543145944214201,73,45
HCP_1416,Manitoba,Obstetrics/Gynecology,1.6961018856760066,721,457,217,0.474835886214442,0.525164113785558,-0.006371735720456413,0.06227273215655155,48,45
HCP_1417,Manitoba,Obstetrics/Gynecology,1.6961018856760066,531,215,68,0.31627906976744186,0.6837209302325582,0.06905072611250514,0.06303885821496864,65,16
HCP_1418,Manitoba,Obstetrics/Gynecology,1.6961018856760066,572,409,222,0.5427872860635696,0.45721271393643037,0.18872080033413524,0.059221566267871166,94,65
HCP_1419,Saskatchewan,Internal Medicine,0.6837912844846532,565,295,162,0.5491525423728814,0.45084745762711864,-0.023019268447744212,0.3086936334977912,62,4
HCP_1420,Saskatchewan,Internal Medicine,0.6837912844846532,395,164,16,0.0975609756097561,0.9024390243902439,-0.07094414958665561,0.16130339668500437,24,53
HCP_1421,Saskatchewan,Internal Medicine,0.6837912844846532,399,254,144,0.5669291338582677,0.4330708661417323,0.08044847561297998,0.3287050650886823,3,15
HCP_1422,Saskatchewan,Internal Medicine,0.6837912844846532,481,269,136,0.5055762081784386,0.4944237918215614,-0.16516916774948676,0.20110648834499723,50,80
HCP_1423,Saskatchewan,Internal Medicine,0.6837912844846532,291,230,112,0.48695652173913045,0.5130434782608695,0.015451270775849575,0.20854933529048736,10,90
HCP_1424,Saskatchewan,Internal Medicine,0.6837912844846532,247,153,25,0.16339869281045752,0.8366013071895425,0.07940463971784871,0.22950891087835085,16,6
HCP_1425,Saskatchewan,Internal Medicine,0.6837912844846532,229,117,58,0.49572649572649574,0.5042735042735043,0.01760577238098031,0.2995610097312864,65,7
HCP_1426,Saskatchewan,Internal Medicine,0.6837912844846532,166,114,59,0.5175438596491229,0.48245614035087714,-0.13521411318228965,0.14572600304039748,69,71
HCP_1427,Saskatchewan,Internal Medicine,0.6837912844846532,679,345,72,0.20869565217391303,0.7913043478260869,0.24130135474448144,0.09255557233673442,72,86
HCP_1428,Saskatchewan,Cardiology,0.9315562904404171,262,200,115,0.575,0.42500000000000004,0.06242457847390105,0.24462006731701152,68,95
HCP_1429,Saskatchewan,Cardiology,0.9315562904404171,357,196,15,0.07653061224489796,0.923469387755102,0.2217382541314089,0.16444216813495877,83,81
HCP_1430,Saskatchewan,Cardiology,0.9315562904404171,350,217,29,0.1336405529953917,0.8663594470046083,0.018795649978346634,0.20487195978381312,28,37
HCP_1431,Saskatchewan,Gastroenterology,0.9214505164864407,428,180,62,0.34444444444444444,0.6555555555555556,-0.05560143780289166,0.2764313479180569,84,53
HCP_1432,Saskatchewan,Neurology,0.9510158147248712,519,296,109,0.36824324324324326,0.6317567567567568,0.08230171043061918,0.22294400939944475,72,75
HCP_1433,Saskatchewan,Neurology,0.9510158147248712,527,386,156,0.40414507772020725,0.5958549222797928,0.02410554484061365,0.26709758598529504,91,14
HCP_1434,Saskatchewan,Neurology,0.9510158147248712,318,230,14,0.06086956521739131,0.9391304347826087,-0.09133137495896294,0.24047000073976976,71,91
HCP_1435,Saskatchewan,Psychiatry,0.7401818460338973,325,159,92,0.5786163522012578,0.42138364779874216,0.22637411105449945,0.3089287301776347,94,49
HCP_1436,Saskatchewan,Psychiatry,0.7401818460338973,380,186,14,0.07526881720430108,0.9247311827956989,-0.024672426747279513,0.29707781619906704,19,55
HCP_1437,Saskatchewan,Psychiatry,0.7401818460338973,315,229,29,0.12663755458515283,0.8733624454148472,-0.1708319661754682,0.23696646213301675,26,94
HCP_1438,Saskatchewan,Psychiatry,0.7401818460338973,604,466,27,0.05793991416309013,0.9420600858369099,0.2093799264748799,0.28761605730089745,7,8
HCP_1439,Saskatchewan,Psychiatry,0.7401818460338973,409,179,65,0.36312849162011174,0.6368715083798883,-0.010515761897514783,0.3557458607954145,84,7
HCP_1440,Saskatchewan,Psychiatry,0.7401818460338973,445,258,145,0.562015503875969,0.437984496124031,-0.02293886711387491,0.201294950725859,60,18
HCP_1441,Saskatchewan,Psychiatry,0.7401818460338973,434,232,97,0.41810344827586204,0.5818965517241379,-0.16184651044359688,0.1944670754620778,27,50
HCP_1442,Saskatchewan,Psychiatry,0.7401818460338973,519,388,195,0.5025773195876289,0.49742268041237114,0.2589129783916389,0.31748596729833306,86,71
HCP_1443,Saskatchewan,Pediatrics,1.0,426,185,11,0.05945945945945946,0.9405405405405405,-0.10473767046516248,0.2538938429646979,69,97
HCP_1444,Saskatchewan,Pediatrics,1.0,254,123,43,0.34959349593495936,0.6504065040650406,0.05701393768467799,0.074852373077906,2,56
HCP_1445,Saskatchewan,Pediatrics,1.0,460,322,97,0.30124223602484473,0.6987577639751552,0.15951443870485285,0.3622392054918785,68,67
HCP_1446,Saskatchewan,Pediatrics,1.0,318,134,43,0.3208955223880597,0.6791044776119404,0.10060603196037164,0.06077408578317405,72,30
HCP_1447,Saskatchewan,Pediatrics,1.0,332,198,18,0.09090909090909091,0.9090909090909091,0.04284148256093701,0.3119387246734101,6,2
HCP_1448,Saskatchewan,Pediatrics,1.0,491,283,121,0.4275618374558304,0.5724381625441697,-0.15419990299448993,0.3155779499465095,59,98
HCP_1449,Saskatchewan,Pediatrics,1.0,617,329,108,0.3282674772036474,0.6717325227963526,-0.04716698029207407,0.3835888798486757,3,82
HCP_1450,Saskatchewan,Dermatology,0.8897301545716532,380,212,100,0.4716981132075472,0.5283018867924528,0.07253604056510264,0.06894704294081228,4,42
HCP_1451,Saskatchewan,General Surgery,0.8887297812610279,420,257,81,0.3151750972762646,0.6848249027237354,-0.04446088839843955,0.25889990127457185,10,28
HCP_1452,Saskatchewan,General Surgery,0.8887297812610279,684,318,42,0.1320754716981132,0.8679245283018868,0.07440313519985213,0.19974419971946855,14,9
HCP_1453,Saskatchewan,General Surgery,0.8887297812610279,410,258,105,0.4069767441860465,0.5930232558139534,0.131809209057817,0.16572153420083974,63,11
HCP_1454,Saskatchewan,General Surgery,0.8887297812610279,937,677,98,0.1447562776957164,0.8552437223042836,0.16550034629601218,0.08161149610467557,97,45
HCP_1455,Saskatchewan,General Surgery,0.8887297812610279,460,324,172,0.5308641975308642,0.4691358024691358,-0.097141522937522,0.24692894188495823,12,29
HCP_1456,Saskatchewan,General Surgery,0.8887297812610279,204,94,36,0.3829787234042553,0.6170212765957447,0.3135975265974745,0.21766425398611478,6,93
HCP_1457,Saskatchewan,Urology,0.594721125064646,402,185,25,0.13513513513513514,0.8648648648648649,0.14209752134649567,0.08659406035285849,5,81
HCP_1458,Saskatchewan,Orthopedic Surgery,1.0735606936699225,474,240,139,0.5791666666666667,0.4208333333333333,0.04979430155971233,0.26437132748397923,55,87
HCP_1459,Saskatchewan,Orthopedic Surgery,1.0735606936699225,651,354,119,0.3361581920903955,0.6638418079096045,0.1807443899691969,0.30828359208852846,63,31
HCP_1460,Saskatchewan,Orthopedic Surgery,1.0735606936699225,525,296,27,0.09121621621621621,0.9087837837837838,0.3338489326399968,0.3185474053687769,49,72
HCP_1461,Saskatchewan,Orthopedic Surgery,1.0735606936699225,395,265,105,0.39622641509433965,0.6037735849056604,-0.12264641212682433,0.3668806158918496,29,46
HCP_1462,Saskatchewan,Ophthalmology,1.851278663642935,355,150,28,0.18666666666666668,0.8133333333333334,0.02296848290103757,0.19331475966107203,21,87
HCP_1463,Saskatchewan,Ophthalmology,1.851278663642935,506,209,103,0.49282296650717705,0.507177033492823,-0.23541179918479943,0.38357546901774797,24,62
HCP_1464,Saskatchewan,Obstetrics/Gynecology,1.0128084581083083,299,166,83,0.5,0.5,0.07311818391776297,0.35290029177894017,27,25
HCP_1465,Saskatchewan,Obstetrics/Gynecology,1.0128084581083083,329,223,131,0.5874439461883408,0.41255605381165916,0.0938473090310169,0.15377554985837866,83,2
HCP_1466,Saskatchewan,Obstetrics/Gynecology,1.0128084581083083,495,236,77,0.326271186440678,0.673728813559322,0.04530054614686887,0.10574906307231047,38,22
HCP_1467,Saskatchewan,Obstetrics/Gynecology,1.0128084581083083,722,474,142,0.29957805907172996,0.70042194092827,-0.028544028519797177,0.20238628864480473,66,74
HCP_1468,Saskatchewan,Obstetrics/Gynecology,1.0128084581083083,462,233,108,0.463519313304721,0.5364806866952789,-0.195941741942599,0.1906645477845883,4,73
HCP_1469,Saskatchewan,Obstetrics/Gynecology,1.0128084581083083,265,200,25,0.125,0.875,0.09482404200941225,0.2515017568659215,64,49
HCP_1470,Alberta,Internal Medicine,1.4944265118086597,571,433,152,0.3510392609699769,0.6489607390300232,0.22465213806983902,0.25418518131471185,14,35
HCP_1471,Alberta,Internal Medicine,1.4944265118086597,743,386,135,0.34974093264248707,0.6502590673575129,-0.020922214688011836,0.31249544453299133,89,12
HCP_1472,Alberta,Internal Medicine,1.4944265118086597,395,194,19,0.0979381443298969,0.9020618556701031,0.1028071914827774,0.22846148187196358,66,28
HCP_1473,Alberta,Internal Medicine,1.4944265118086597,467,264,74,0.2803030303030303,0.7196969696969697,-0.13817731761040608,0.08668792432926795,39,37
HCP_1474,Alberta,Internal Medicine,1.4944265118086597,492,244,127,0.5204918032786885,0.4795081967213115,0.10486556764310166,0.35040196744358715,97,76
HCP_1475,Alberta,Internal Medicine,1.4944265118086597,372,249,130,0.5220883534136547,0.47791164658634533,0.0027941242706411573,0.15841760411481548,68,89
HCP_1476,Alberta,Internal Medicine,1.4944265118086597,614,448,47,0.10491071428571429,0.8950892857142857,-0.041490154072349725,0.3899541111073072,94,83
HCP_1477,Alberta,Internal Medicine,1.4944265118086597,469,314,31,0.09872611464968153,0.9012738853503185,-0.04124363694593566,0.09125103803791956,76,4
HCP_1478,Alberta,Internal Medicine,1.4944265118086597,566,413,80,0.1937046004842615,0.8062953995157385,0.0027666101560388096,0.38538791028137614,42,19
HCP_1479,Alberta,Internal Medicine,1.4944265118086597,358,200,106,0.53,0.47,0.09589199788310425,0.08185413240888095,0,77
HCP_1480,Alberta,Internal Medicine,1.4944265118086597,420,194,23,0.11855670103092783,0.8814432989690721,-0.10745958414346211,0.13086264828147082,21,13
HCP_1481,Alberta,Internal Medicine,1.4944265118086597,630,438,195,0.4452054794520548,0.5547945205479452,0.0023461602118576633,0.06630297973028956,61,7
HCP_1482,Alberta,Internal Medicine,1.4944265118086597,429,233,25,0.1072961373390558,0.8927038626609443,0.04502338664010228,0.29678960132364823,78,47
HCP_1483,Alberta,Internal Medicine,1.4944265118086597,895,598,235,0.39297658862876256,0.6070234113712374,-0.08188470694382309,0.34760455780012717,25,12
HCP_1484,Alberta,Internal Medicine,1.4944265118086597,425,216,53,0.24537037037037038,0.7546296296296297,0.26559982420100203,0.20192487863559316,17,23
HCP_1485,Alberta,Internal Medicine,1.4944265118086597,529,229,111,0.4847161572052402,0.5152838427947598,-0.052419457607360984,0.3749827262648504,47,78
HCP_1486,Alberta,Internal Medicine,1.4944265118086597,678,540,96,0.17777777777777778,0.8222222222222222,-0.030332429636018843,0.2566046751144599,8,64
HCP_1487,Alberta,Internal Medicine,1.4944265118086597,298,138,55,0.39855072463768115,0.6014492753623188,-0.06739695397869974,0.2705024974062831,0,85
HCP_1488,Alberta,Internal Medicine,1.4944265118086597,264,210,38,0.18095238095238095,0.819047619047619,0.2658176104565741,0.3458967205952695,8,33
HCP_1489,Alberta,Internal Medicine,1.4944265118086597,287,227,100,0.44052863436123346,0.5594713656387665,0.11634862743193779,0.1538800717681436,22,50
HCP_1490,Alberta,Internal Medicine,1.4944265118086597,761,546,290,0.5311355311355311,0.46886446886446886,-0.062391040749237056,0.17399300246466903,44,2
HCP_1491,Alberta,Internal Medicine,1.4944265118086597,403,267,32,0.1198501872659176,0.8801498127340824,0.18274778706319622,0.36708317171812554,1,89
HCP_1492,Alberta,Internal Medicine,1.4944265118086597,1197,755,398,0.5271523178807948,0.47284768211920525,0.0740838433146654,0.36533722361356735,13,77
HCP_1493,Alberta,Internal Medicine,1.4944265118086597,401,299,113,0.3779264214046823,0.6220735785953178,0.0808704105333802,0.39176897167030483,37,57
HCP_1494,Alberta,Internal Medicine,1.4944265118086597,522,269,32,0.11895910780669144,0.8810408921933086,0.00866273494970568,0.3656434107545849,39,71
HCP_1495,Alberta,Internal Medicine,1.4944265118086597,839,493,141,0.28600405679513186,0.7139959432048681,-0.039929918434836786,0.09458021261167632,62,54
HCP_1496,Alberta,Internal Medicine,1.4944265118086597,987,639,88,0.13771517996870108,0.8622848200312989,0.09053193188655217,0.3383035001479456,81,79
HCP_1497,Alberta,Internal Medicine,1.4944265118086597,1006,568,247,0.43485915492957744,0.5651408450704225,-0.015410467599470831,0.19344346733835793,15,41
HCP_1498,Alberta,Internal Medicine,1.4944265118086597,746,426,199,0.4671361502347418,0.5328638497652582,0.26801067554901253,0.3967804745810783,92,20
HCP_1499,Alberta,Internal Medicine,1.4944265118086597,700,372,40,0.10752688172043011,0.8924731182795699,-0.1023149326291725,0.21529833751508037,74,9
HCP_1500,Alberta,Internal Medicine,1.4944265118086597,602,377,124,0.32891246684350134,0.6710875331564987,0.23433881274259344,0.24384262887577723,5,56
HCP_1501,Alberta,Internal Medicine,1.4944265118086597,642,475,237,0.49894736842105264,0.5010526315789474,0.03664173814426392,0.2354212203398795,2,24
HCP_1502,Alberta,Internal Medicine,1.4944265118086597,403,194,110,0.5670103092783505,0.4329896907216495,0.08589028808253271,0.16260796045039724,13,55
HCP_1503,Alberta,Internal Medicine,1.4944265118086597,367,284,94,0.33098591549295775,0.6690140845070423,0.14997893199553214,0.07625773111252136,65,37
HCP_1504,Alberta,Internal Medicine,1.4944265118086597,488,330,189,0.5727272727272728,0.42727272727272725,-0.025629915400532347,0.3634779306406715,95,85
HCP_1505,Alberta,Internal Medicine,1.4944265118086597,461,336,116,0.34523809523809523,0.6547619047619048,0.1537098061638364,0.3309365343842004,94,60
HCP_1506,Alberta,Internal Medicine,1.4944265118086597,417,260,69,0.2653846153846154,0.7346153846153847,-0.2749052626457413,0.09883437319588426,74,46
HCP_1507,Alberta,Internal Medicine,1.4944265118086597,624,444,229,0.5157657657657657,0.4842342342342343,-0.03639874398663269,0.3218688949725255,85,53
HCP_1508,Alberta,Cardiology,2.1565365846787983,821,334,107,0.3203592814371258,0.6796407185628742,-0.06088753688092784,0.26904633311771353,66,45
HCP_1509,Alberta,Cardiology,2.1565365846787983,606,441,137,0.31065759637188206,0.6893424036281179,-0.10042072148461138,0.1932003257711678,30,67
HCP_1510,Alberta,Cardiology,2.1565365846787983,985,410,131,0.3195121951219512,0.6804878048780487,0.024205419430525867,0.13890740218344697,32,3
HCP_1511,Alberta,Cardiology,2.1565365846787983,394,298,154,0.5167785234899329,0.4832214765100671,0.09628999618180338,0.3509050742257814,87,93
HCP_1512,Alberta,Cardiology,2.1565365846787983,549,437,222,0.5080091533180778,0.49199084668192217,0.1343191998199167,0.2950658907529186,0,65
HCP_1513,Alberta,Cardiology,2.1565365846787983,457,237,64,0.270042194092827,0.729957805907173,0.07890521086404892,0.24170896831419791,43,92
HCP_1514,Alberta,Cardiology,2.1565365846787983,306,148,35,0.23648648648648649,0.7635135135135135,-0.029883215787225623,0.26334898686446245,14,42
HCP_1515,Alberta,Cardiology,2.1565365846787983,571,403,129,0.3200992555831266,0.6799007444168734,0.09428197253902006,0.08187316372876335,36,61
HCP_1516,Alberta,Cardiology,2.1565365846787983,563,282,103,0.36524822695035464,0.6347517730496454,0.06491428338210209,0.21587191631891717,26,99
HCP_1517,Alberta,Cardiology,2.1565365846787983,998,745,135,0.18120805369127516,0.8187919463087249,0.16232674015232196,0.11779510247499571,47,84
HCP_1518,Alberta,Cardiology,2.1565365846787983,733,323,157,0.48606811145510836,0.5139318885448916,0.143232404351782,0.12293428765308889,26,84
HCP_1519,Alberta,Cardiology,2.1565365846787983,410,185,59,0.31891891891891894,0.681081081081081,0.053657169670475464,0.28145638680040336,11,84
HCP_1520,Alberta,Gastroenterology,0.8346281551845286,699,553,129,0.2332730560578662,0.7667269439421338,-0.05767036073935081,0.36893965314200083,66,3
HCP_1521,Alberta,Gastroenterology,0.8346281551845286,560,375,41,0.10933333333333334,0.8906666666666667,-0.028354018699849687,0.1913148136674213,29,64
HCP_1522,Alberta,Gastroenterology,0.8346281551845286,448,331,60,0.18126888217522658,0.8187311178247734,-0.015974723156563994,0.12271224555426664,95,61
HCP_1523,Alberta,Gastroenterology,0.8346281551845286,338,179,102,0.5698324022346368,0.4301675977653632,0.012168039930049314,0.277061428032829,86,89
HCP_1524,Alberta,Gastroenterology,0.8346281551845286,261,175,38,0.21714285714285714,0.7828571428571429,0.0821660513107704,0.3549154662226112,65,1
HCP_1525,Alberta,Gastroenterology,0.8346281551845286,321,205,29,0.14146341463414633,0.8585365853658536,0.135820926815367,0.3119115803928718,6,8
HCP_1526,Alberta,Gastroenterology,0.8346281551845286,535,343,104,0.3032069970845481,0.6967930029154519,0.04386575683815468,0.35406503068780554,33,56
HCP_1527,Alberta,Gastroenterology,0.8346281551845286,707,476,104,0.2184873949579832,0.7815126050420168,0.05193497454805669,0.23779413485377981,31,44
HCP_1528,Alberta,Gastroenterology,0.8346281551845286,627,395,27,0.06835443037974684,0.9316455696202531,0.06719675660000045,0.3131566855292168,38,17
HCP_1529,Alberta,Neurology,1.8626189965947393,460,263,60,0.22813688212927757,0.7718631178707225,-0.011908637575880794,0.09902259577562778,95,47
HCP_1530,Alberta,Neurology,1.8626189965947393,369,188,66,0.35106382978723405,0.648936170212766,-0.06104707091715472,0.17189611537711702,42,41
HCP_1531,Alberta,Neurology,1.8626189965947393,574,406,143,0.3522167487684729,0.6477832512315271,-0.16065254767728515,0.18634220756853287,42,40
HCP_1532,Alberta,Neurology,1.8626189965947393,294,144,35,0.24305555555555555,0.7569444444444444,-0.033417922969224675,0.22895351118611212,77,74
HCP_1533,Alberta,Neurology,1.8626189965947393,611,414,123,0.2971014492753623,0.7028985507246377,0.10677745439213443,0.37517672608988833,2,88
HCP_1534,Alberta,Neurology,1.8626189965947393,518,256,149,0.58203125,0.41796875,-0.034349372564748085,0.356003796077761,45,89
HCP_1535,Alberta,Neurology,1.8626189965947393,464,302,78,0.2582781456953642,0.7417218543046358,0.02146315550888724,0.0970839223012146,31,57
HCP_1536,Alberta,Neurology,1.8626189965947393,312,218,42,0.1926605504587156,0.8073394495412844,0.10597175448947804,0.11047637815886213,42,99
HCP_1537,Alberta,Neurology,1.8626189965947393,653,318,58,0.18238993710691823,0.8176100628930818,0.11248273957072025,0.17517419235611897,99,41
HCP_1538,Alberta,Neurology,1.8626189965947393,453,192,58,0.3020833333333333,0.6979166666666667,-0.07954394225992469,0.15176035306173588,80,34
HCP_1539,Alberta,Neurology,1.8626189965947393,362,164,77,0.4695121951219512,0.5304878048780488,0.16964712277443697,0.2651698336046918,2,37
HCP_1540,Alberta,Neurology,1.8626189965947393,200,128,21,0.1640625,0.8359375,0.1852820107226582,0.3659716167175907,73,66
HCP_1541,Alberta,Neurology,1.8626189965947393,541,400,176,0.44,0.56,-0.08558198286622716,0.3868020395854054,62,40
HCP_1542,Alberta,Neurology,1.8626189965947393,1015,424,26,0.06132075471698113,0.9386792452830188,-0.04886042435693849,0.27876103338732927,39,98
HCP_1543,Alberta,Neurology,1.8626189965947393,976,677,190,0.28064992614475626,0.7193500738552437,0.192930881977543,0.3433557204903804,17,49
HCP_1544,Alberta,Psychiatry,3.4280515497092385,631,339,162,0.4778761061946903,0.5221238938053097,0.0323775774493639,0.233820770080779,66,85
HCP_1545,Alberta,Psychiatry,3.4280515497092385,600,355,84,0.23661971830985915,0.7633802816901408,-0.21637335369422211,0.12291443140101391,61,71
HCP_1546,Alberta,Psychiatry,3.4280515497092385,873,674,243,0.36053412462908013,0.6394658753709199,-0.11796178056792235,0.23364094423271708,9,78
HCP_1547,Alberta,Psychiatry,3.4280515497092385,522,278,45,0.1618705035971223,0.8381294964028777,0.020075644979302254,0.2442789105031779,51,44
HCP_1548,Alberta,Psychiatry,3.4280515497092385,823,482,221,0.45850622406639,0.54149377593361,-0.08956511803415222,0.30986014747474483,72,70
HCP_1549,Alberta,Psychiatry,3.4280515497092385,968,392,31,0.07908163265306123,0.9209183673469388,0.0003891475236270439,0.1269590463975722,45,18
HCP_1550,Alberta,Psychiatry,3.4280515497092385,1138,492,255,0.5182926829268293,0.4817073170731707,0.05388754564202945,0.1789086337303561,54,16
HCP_1551,Alberta,Psychiatry,3.4280515497092385,715,360,57,0.15833333333333333,0.8416666666666667,0.22547055248416747,0.1774096142250982,45,64
HCP_1552,Alberta,Psychiatry,3.4280515497092385,690,284,151,0.5316901408450704,0.4683098591549296,0.01514553005266532,0.38580385850940774,74,92
HCP_1553,Alberta,Psychiatry,3.4280515497092385,545,356,87,0.2443820224719101,0.7556179775280899,0.17870501594873106,0.20538073611435165,59,76
HCP_1554,Alberta,Psychiatry,3.4280515497092385,554,316,141,0.4462025316455696,0.5537974683544304,0.22145121944441243,0.31428288855435127,96,55
HCP_1555,Alberta,Psychiatry,3.4280515497092385,684,424,96,0.22641509433962265,0.7735849056603774,0.2221171603222491,0.3127839834810537,99,92
HCP_1556,Alberta,Psychiatry,3.4280515497092385,842,396,217,0.547979797979798,0.452020202020202,0.0841705512062682,0.1429404646811345,25,40
HCP_1557,Alberta,Psychiatry,3.4280515497092385,1020,529,63,0.11909262759924386,0.8809073724007561,-0.18559469774067688,0.25015439128010625,26,41
HCP_1558,Alberta,Psychiatry,3.4280515497092385,559,372,55,0.1478494623655914,0.8521505376344086,0.10529898384846384,0.3630060126615269,37,5
HCP_1559,Alberta,Psychiatry,3.4280515497092385,1249,982,315,0.32077393075356414,0.6792260692464358,0.17580798653762492,0.2163192018099323,21,68
HCP_1560,Alberta,Psychiatry,3.4280515497092385,674,283,27,0.09540636042402827,0.9045936395759717,0.04027194734774995,0.38079112756989114,25,97
HCP_1561,Alberta,Psychiatry,3.4280515497092385,735,556,88,0.15827338129496402,0.841726618705036,0.2593500644090298,0.12506038026345656,85,74
HCP_1562,Alberta,Psychiatry,3.4280515497092385,570,360,205,0.5694444444444444,0.4305555555555556,0.15318002737609493,0.07595568702091077,68,72
HCP_1563,Alberta,Psychiatry,3.4280515497092385,317,198,116,0.5858585858585859,0.41414141414141414,0.11819280525833412,0.36200885560066226,34,39
HCP_1564,Alberta,Psychiatry,3.4280515497092385,1009,606,156,0.25742574257425743,0.7425742574257426,0.18036568534470054,0.34668841928677585,65,40
HCP_1565,Alberta,Psychiatry,3.4280515497092385,958,410,229,0.5585365853658537,0.4414634146341463,0.09000438215130538,0.3974064565768457,98,8
HCP_1566,Alberta,Psychiatry,3.4280515497092385,671,293,102,0.34812286689419797,0.651877133105802,-0.2491372599274424,0.28778772083934917,72,7
HCP_1567,Alberta,Psychiatry,3.4280515497092385,758,485,96,0.1979381443298969,0.8020618556701031,-0.009896674176443868,0.3778407743335023,50,43
HCP_1568,Alberta,Psychiatry,3.4280515497092385,887,476,208,0.4369747899159664,0.5630252100840336,0.19366016326974245,0.33943215877943883,17,57
HCP_1569,Alberta,Psychiatry,3.4280515497092385,429,329,136,0.4133738601823708,0.5866261398176291,-0.04691096081179552,0.3455492165920304,42,66
HCP_1570,Alberta,Psychiatry,3.4280515497092385,615,346,206,0.5953757225433526,0.4046242774566474,0.023183299371567306,0.24919954965899394,11,12
HCP_1571,Alberta,Psychiatry,3.4280515497092385,978,447,88,0.19686800894854586,0.8031319910514542,-0.07538035766836852,0.1838276092708488,2,18
HCP_1572,Alberta,Psychiatry,3.4280515497092385,477,327,137,0.41896024464831805,0.581039755351682,0.2640707114242123,0.3770953253901487,81,97
HCP_1573,Alberta,Psychiatry,3.4280515497092385,821,425,33,0.07764705882352942,0.9223529411764706,0.25177909489016187,0.20124101146556306,6,95
HCP_1574,Alberta,Psychiatry,3.4280515497092385,461,281,32,0.11387900355871886,0.8861209964412812,-0.05606426741688751,0.2385867785373842,96,48
HCP_1575,Alberta,Psychiatry,3.4280515497092385,872,592,31,0.052364864864864864,0.9476351351351351,0.06767576004669008,0.20614000749381572,5,79
HCP_1576,Alberta,Psychiatry,3.4280515497092385,731,556,333,0.5989208633093526,0.40107913669064743,-0.03165928573168571,0.247686409886069,81,99
HCP_1577,Alberta,Psychiatry,3.4280515497092385,421,302,148,0.4900662251655629,0.509933774834437,0.12379335668376537,0.21467677764731452,44,81
HCP_1578,Alberta,Psychiatry,3.4280515497092385,1113,746,360,0.48257372654155495,0.517426273458445,0.11116196926907948,0.06678864550281656,85,77
HCP_1579,Alberta,Psychiatry,3.4280515497092385,573,385,127,0.32987012987012987,0.6701298701298701,0.14740466859359186,0.3587168651026945,38,29
HCP_1580,Alberta,Psychiatry,3.4280515497092385,558,434,93,0.21428571428571427,0.7857142857142857,0.08983021372494648,0.20553783662051944,50,65
HCP_1581,Alberta,Psychiatry,3.4280515497092385,794,412,55,0.13349514563106796,0.866504854368932,0.40224874476661615,0.25613027697757207,8,76
HCP_1582,Alberta,Psychiatry,3.4280515497092385,1107,443,92,0.2076749435665914,0.7923250564334086,-0.07335085180128866,0.09871573096529547,98,90
HCP_1583,Alberta,Psychiatry,3.4280515497092385,519,264,68,0.25757575757575757,0.7424242424242424,-0.15527240253238167,0.0511857467939237,22,58
HCP_1584,Alberta,Psychiatry,3.4280515497092385,757,369,172,0.46612466124661245,0.5338753387533876,0.0028291759158246277,0.13585153277527506,11,52
HCP_1585,Alberta,Psychiatry,3.4280515497092385,861,572,198,0.34615384615384615,0.6538461538461539,-0.13815859186723212,0.2966051112466726,87,51
HCP_1586,Alberta,Psychiatry,3.4280515497092385,944,617,57,0.09238249594813615,0.9076175040518638,-0.1290954724007191,0.08471808553950752,61,80
HCP_1587,Alberta,Psychiatry,3.4280515497092385,788,502,30,0.05976095617529881,0.9402390438247012,-0.07015775850375602,0.36811060413526375,72,30
HCP_1588,Alberta,Psychiatry,3.4280515497092385,651,265,28,0.10566037735849057,0.8943396226415095,-0.06066266865179529,0.12525789927466463,76,14
HCP_1589,Alberta,Psychiatry,3.4280515497092385,554,383,106,0.27676240208877284,0.7232375979112271,-0.06455417223400721,0.12160776500212155,39,19
HCP_1590,Alberta,Psychiatry,3.4280515497092385,763,404,228,0.5643564356435643,0.4356435643564357,0.11218627405344939,0.11352778656752344,53,4
HCP_1591,Alberta,Psychiatry,3.4280515497092385,509,339,136,0.40117994100294985,0.5988200589970502,-0.010742687330240329,0.05489359953997766,80,6
HCP_1592,Alberta,Psychiatry,3.4280515497092385,266,166,82,0.4939759036144578,0.5060240963855422,0.028458251015302385,0.3201319139673821,6,17
HCP_1593,Alberta,Pediatrics,4.206923314514844,956,513,157,0.3060428849902534,0.6939571150097466,0.1573079329401122,0.3562620859358405,16,55
HCP_1594,Alberta,Pediatrics,4.206923314514844,1126,511,127,0.24853228962818003,0.7514677103718199,-0.04195870297377115,0.26495694591566965,49,74
HCP_1595,Alberta,Pediatrics,4.206923314514844,359,157,17,0.10828025477707007,0.89171974522293,0.018254492155433344,0.11586999358795182,23,95
HCP_1596,Alberta,Pediatrics,4.206923314514844,576,422,224,0.5308056872037915,0.4691943127962085,0.09389119833114987,0.14984729892930793,1,90
HCP_1597,Alberta,Pediatrics,4.206923314514844,1019,782,376,0.48081841432225064,0.5191815856777493,-0.18298813607442654,0.21657434407773718,98,89
HCP_1598,Alberta,Pediatrics,4.206923314514844,1686,1113,159,0.14285714285714285,0.8571428571428572,-0.23618866107406988,0.3840210830681553,91,100
HCP_1599,Alberta,Pediatrics,4.206923314514844,826,365,121,0.3315068493150685,0.6684931506849314,0.09153407945572672,0.13657298013621,82,44
HCP_1600,Alberta,Pediatrics,4.206923314514844,636,357,114,0.31932773109243695,0.680672268907563,0.10904171366802783,0.30607606637196083,32,27
HCP_1601,Alberta,Pediatrics,4.206923314514844,770,533,210,0.39399624765478425,0.6060037523452158,0.29770641618228927,0.20380687815252213,20,49
HCP_1602,Alberta,Pediatrics,4.206923314514844,1327,945,539,0.5703703703703704,0.4296296296296296,0.0689713851040172,0.15424657192600766,73,1
HCP_1603,Alberta,Pediatrics,4.206923314514844,654,293,108,0.36860068259385664,0.6313993174061434,0.14836876607097138,0.2095705779577398,52,83
HCP_1604,Alberta,Pediatrics,4.206923314514844,620,248,86,0.3467741935483871,0.6532258064516129,0.026543282769683145,0.0749223511394314,45,67
HCP_1605,Alberta,Pediatrics,4.206923314514844,693,475,37,0.07789473684210527,0.9221052631578948,0.08566726659021037,0.3295405798256269,44,76
HCP_1606,Alberta,Pediatrics,4.206923314514844,588,319,27,0.08463949843260188,0.9153605015673981,0.25007082100994404,0.1351556747940385,8,23
HCP_1607,Alberta,Pediatrics,4.206923314514844,856,430,66,0.15348837209302327,0.8465116279069768,-0.20487913817507625,0.30389424311753965,5,47
HCP_1608,Alberta,Pediatrics,4.206923314514844,1449,587,40,0.06814310051107325,0.9318568994889267,0.09963395090860167,0.07392193000686816,50,44
HCP_1609,Alberta,Pediatrics,4.206923314514844,919,566,260,0.45936395759717313,0.5406360424028269,0.3062704076092839,0.38428449465799014,34,92
HCP_1610,Alberta,Pediatrics,4.206923314514844,751,556,249,0.447841726618705,0.552158273381295,0.0838441063051211,0.11755524489199452,81,57
HCP_1611,Alberta,Pediatrics,4.206923314514844,741,580,72,0.12413793103448276,0.8758620689655172,0.24806875558794172,0.35895972667247816,52,35
HCP_1612,Alberta,Pediatrics,4.206923314514844,475,297,151,0.5084175084175084,0.49158249158249157,-0.02550545794353308,0.33331562336540205,18,1
HCP_1613,Alberta,Pediatrics,4.206923314514844,1118,677,91,0.1344165435745938,0.8655834564254062,0.04615430070035438,0.3887509734284956,68,17
HCP_1614,Alberta,Pediatrics,4.206923314514844,798,346,75,0.21676300578034682,0.7832369942196532,0.054022964286630504,0.2172617313310124,24,48
HCP_1615,Alberta,Pediatrics,4.206923314514844,770,477,89,0.18658280922431866,0.8134171907756813,-0.2161109295230525,0.30458905284608306,10,7
HCP_1616,Alberta,Pediatrics,4.206923314514844,2508,1384,353,0.2550578034682081,0.744942196531792,-0.090181339342024,0.17974872996322444,73,57
HCP_1617,Alberta,Pediatrics,4.206923314514844,911,586,111,0.189419795221843,0.810580204778157,-0.08162500952607833,0.11452888330689284,16,14
HCP_1618,Alberta,Pediatrics,4.206923314514844,631,351,112,0.3190883190883191,0.6809116809116809,0.14864792936390328,0.20507657652670713,35,16
HCP_1619,Alberta,Pediatrics,4.206923314514844,707,351,96,0.27350427350427353,0.7264957264957265,0.1546583726820866,0.10801215538595921,89,22
HCP_1620,Alberta,Pediatrics,4.206923314514844,1226,537,318,0.5921787709497207,0.4078212290502793,0.088884373124784,0.3937156179752344,94,65
HCP_1621,Alberta,Pediatrics,4.206923314514844,854,449,36,0.0801781737193764,0.9198218262806236,0.1488923476226847,0.08368627189925074,95,69
HCP_1622,Alberta,Pediatrics,4.206923314514844,496,218,28,0.12844036697247707,0.8715596330275229,0.030302070473387132,0.25622410320841715,20,92
HCP_1623,Alberta,Pediatrics,4.206923314514844,1132,533,42,0.07879924953095685,0.9212007504690432,0.1942318003447452,0.26926234933891957,17,26
HCP_1624,Alberta,Pediatrics,4.206923314514844,649,516,203,0.39341085271317827,0.6065891472868217,0.05105461311584862,0.238327840005919,59,36
HCP_1625,Alberta,Pediatrics,4.206923314514844,1580,913,73,0.07995618838992333,0.9200438116100766,0.05694368569121078,0.28176505999914175,17,48
HCP_1626,Alberta,Pediatrics,4.206923314514844,1197,733,374,0.5102319236016372,0.48976807639836284,0.018128884008510635,0.09066327125416185,0,63
HCP_1627,Alberta,Pediatrics,4.206923314514844,702,526,174,0.33079847908745247,0.6692015209125475,0.13213405731637134,0.24425648347185192,13,33
HCP_1628,Alberta,Pediatrics,4.206923314514844,1285,1026,349,0.3401559454191033,0.6598440545808967,-0.0005438579935495777,0.15052439989457655,7,17
HCP_1629,Alberta,Pediatrics,4.206923314514844,840,532,191,0.35902255639097747,0.6409774436090225,0.16717176526376817,0.3790616221553698,65,63
HCP_1630,Alberta,Pediatrics,4.206923314514844,1106,802,115,0.1433915211970075,0.8566084788029925,-0.08585789688592078,0.31672507870390404,50,73
HCP_1631,Alberta,Pediatrics,4.206923314514844,972,516,82,0.15891472868217055,0.8410852713178294,-0.08186995056738326,0.39038006875590997,78,43
HCP_1632,Alberta,Pediatrics,4.206923314514844,610,319,72,0.22570532915360503,0.7742946708463949,0.1324912106151805,0.06314462440906635,59,16
HCP_1633,Alberta,Dermatology,2.6723138075953656,522,293,110,0.37542662116040953,0.6245733788395904,0.03937469425003848,0.14979661131324806,33,58
HCP_1634,Alberta,Dermatology,2.6723138075953656,938,628,104,0.16560509554140126,0.8343949044585988,-0.0044669699383753925,0.11839790532342216,35,12
HCP_1635,Alberta,Dermatology,2.6723138075953656,582,392,45,0.11479591836734694,0.8852040816326531,0.15680692789705516,0.05390410555914068,61,51
HCP_1636,Alberta,Dermatology,2.6723138075953656,568,299,174,0.5819397993311036,0.4180602006688964,-0.02287136969033013,0.1348140055862125,0,59
HCP_1637,Alberta,Dermatology,2.6723138075953656,468,212,13,0.06132075471698113,0.9386792452830188,0.025975849483955624,0.2875715942321501,84,41
HCP_1638,Alberta,Dermatology,2.6723138075953656,758,495,243,0.4909090909090909,0.509090909090909,0.2179073540085391,0.130881122747099,41,90
HCP_1639,Alberta,Dermatology,2.6723138075953656,1346,607,293,0.4827018121911038,0.5172981878088962,0.23469708149727803,0.2281512059189164,0,63
HCP_1640,Alberta,General Surgery,2.758233977291847,457,289,62,0.21453287197231835,0.7854671280276817,0.23868778523243928,0.36073634023774953,95,65
HCP_1641,Alberta,General Surgery,2.758233977291847,670,454,57,0.12555066079295155,0.8744493392070485,0.01614490676793065,0.29281527212217634,83,33
HCP_1642,Alberta,General Surgery,2.758233977291847,1089,741,96,0.12955465587044535,0.8704453441295547,0.19768434859813644,0.1881201744671112,53,94
HCP_1643,Alberta,General Surgery,2.758233977291847,646,453,196,0.4326710816777042,0.5673289183222958,-0.06387433933224138,0.1803641286192379,46,86
HCP_1644,Alberta,General Surgery,2.758233977291847,778,583,235,0.40308747855917665,0.5969125214408233,-0.05882834496664731,0.2095075349029697,99,70
HCP_1645,Alberta,General Surgery,2.758233977291847,458,275,132,0.48,0.52,-0.2320547023149233,0.11196450437096725,38,63
HCP_1646,Alberta,General Surgery,2.758233977291847,772,534,302,0.5655430711610487,0.43445692883895126,0.2507441842278236,0.27190026859559585,29,32
HCP_1647,Alberta,General Surgery,2.758233977291847,622,403,174,0.4317617866004963,0.5682382133995036,-0.05367758188912938,0.17745348668661193,6,11
HCP_1648,Alberta,General Surgery,2.758233977291847,938,445,60,0.1348314606741573,0.8651685393258427,0.0348160904303528,0.3483278722417153,21,75
HCP_1649,Alberta,General Surgery,2.758233977291847,1007,413,76,0.18401937046004843,0.8159806295399515,-0.05923892103139407,0.3147934310202357,49,18
HCP_1650,Alberta,General Surgery,2.758233977291847,1644,845,434,0.5136094674556213,0.4863905325443787,0.13341982979961686,0.26367960743225605,44,8
HCP_1651,Alberta,General Surgery,2.758233977291847,814,470,78,0.16595744680851063,0.8340425531914893,0.004923960713919186,0.17747077792733063,73,73
HCP_1652,Alberta,General Surgery,2.758233977291847,745,482,43,0.08921161825726141,0.9107883817427386,-0.1065780268519539,0.12347614108571955,71,16
HCP_1653,Alberta,General Surgery,2.758233977291847,711,526,230,0.4372623574144487,0.5627376425855513,0.10299950770232727,0.321653152436968,90,49
HCP_1654,Alberta,Urology,2.1282776862980124,516,247,67,0.27125506072874495,0.728744939271255,-0.1220476029772274,0.2202431846468803,9,38
HCP_1655,Alberta,Urology,2.1282776862980124,657,296,165,0.5574324324324325,0.44256756756756754,-0.05048868703785894,0.12866251336207513,13,40
HCP_1656,Alberta,Urology,2.1282776862980124,526,413,168,0.4067796610169492,0.5932203389830508,-0.20282669375512968,0.11831111526400219,45,9
HCP_1657,Alberta,Urology,2.1282776862980124,619,274,27,0.09854014598540146,0.9014598540145985,-0.1208749734637128,0.10789031657547567,74,11
HCP_1658,Alberta,Orthopedic Surgery,1.778931740227527,846,500,286,0.572,0.42800000000000005,0.07142350036645734,0.3220064186719583,5,78
HCP_1659,Alberta,Orthopedic Surgery,1.778931740227527,375,238,46,0.19327731092436976,0.8067226890756303,-0.18574432457235096,0.1301455148551091,20,94
HCP_1660,Alberta,Orthopedic Surgery,1.778931740227527,795,490,115,0.23469387755102042,0.7653061224489796,-0.12773748695460585,0.23432479223381913,61,14
HCP_1661,Alberta,Orthopedic Surgery,1.778931740227527,846,368,100,0.2717391304347826,0.7282608695652174,0.04971573006406304,0.20804122634056976,96,27
HCP_1662,Alberta,Orthopedic Surgery,1.778931740227527,512,216,17,0.0787037037037037,0.9212962962962963,-0.01523282753116631,0.2528638147298994,18,3
HCP_1663,Alberta,Orthopedic Surgery,1.778931740227527,254,112,36,0.32142857142857145,0.6785714285714286,0.2890443963151171,0.35700421512991803,87,35
HCP_1664,Alberta,Orthopedic Surgery,1.778931740227527,431,273,32,0.11721611721611722,0.8827838827838828,0.27006758552292504,0.35371158652860574,81,64
HCP_1665,Alberta,Orthopedic Surgery,1.778931740227527,840,519,140,0.2697495183044316,0.7302504816955684,-0.05415069553013842,0.20787662513870092,98,97
HCP_1666,Alberta,Orthopedic Surgery,1.778931740227527,529,261,63,0.2413793103448276,0.7586206896551724,0.11685651420841782,0.05537818775715316,61,46
HCP_1667,Alberta,Orthopedic Surgery,1.778931740227527,376,246,117,0.47560975609756095,0.524390243902439,0.13991390682553417,0.1992553320000061,100,80
HCP_1668,Alberta,Orthopedic Surgery,1.778931740227527,447,325,160,0.49230769230769234,0.5076923076923077,-0.021697462962928404,0.2621677380984492,82,38
HCP_1669,Alberta,Orthopedic Surgery,1.778931740227527,716,298,40,0.1342281879194631,0.8657718120805369,-0.12946498437978443,0.24521766568432163,52,37
HCP_1670,Alberta,Orthopedic Surgery,1.778931740227527,646,387,97,0.25064599483204136,0.7493540051679586,0.04852418608303309,0.27796763703007193,23,43
HCP_1671,Alberta,Orthopedic Surgery,1.778931740227527,491,332,85,0.2560240963855422,0.7439759036144578,0.02925851902230669,0.10392650636557924,55,50
HCP_1672,Alberta,Orthopedic Surgery,1.778931740227527,469,235,31,0.13191489361702127,0.8680851063829788,-0.002291739636474298,0.2762872845732564,61,96
HCP_1673,Alberta,Ophthalmology,3.1676682863494965,621,325,159,0.48923076923076925,0.5107692307692308,0.10307802417973823,0.11392806656032028,33,84
HCP_1674,Alberta,Ophthalmology,3.1676682863494965,515,332,146,0.4397590361445783,0.5602409638554218,-0.04008755284067185,0.31268339324386213,21,25
HCP_1675,Alberta,Ophthalmology,3.1676682863494965,1253,951,147,0.15457413249211358,0.8454258675078864,-0.08823970570949717,0.168680664641938,67,35
HCP_1676,Alberta,Ophthalmology,3.1676682863494965,636,460,116,0.25217391304347825,0.7478260869565218,0.06308995644197983,0.29846340168350877,56,68
HCP_1677,Alberta,Ophthalmology,3.1676682863494965,1090,690,75,0.10869565217391304,0.8913043478260869,0.09631641110826511,0.06675295961713748,9,96
HCP_1678,Alberta,Ophthalmology,3.1676682863494965,1212,839,332,0.3957091775923719,0.6042908224076281,-0.09119739326800637,0.19275100895681968,65,0
HCP_1679,Alberta,Ophthalmology,3.1676682863494965,1010,551,64,0.1161524500907441,0.883847549909256,0.16137087331892974,0.2967620827921665,7,52
HCP_1680,Alberta,Ophthalmology,3.1676682863494965,612,402,238,0.5920398009950248,0.40796019900497515,-0.16245773653312934,0.12940468071602296,96,5
HCP_1681,Alberta,Ophthalmology,3.1676682863494965,820,481,231,0.4802494802494803,0.5197505197505197,-0.0193736150458772,0.3283504656790279,37,36
HCP_1682,Alberta,Ophthalmology,3.1676682863494965,706,336,89,0.2648809523809524,0.7351190476190477,0.019038975656286924,0.2707729065867262,61,1
HCP_1683,Alberta,Obstetrics/Gynecology,2.9152709217568074,498,339,125,0.3687315634218289,0.6312684365781711,-0.026346845518231563,0.25564662025242946,27,68
HCP_1684,Alberta,Obstetrics/Gynecology,2.9152709217568074,765,476,262,0.5504201680672269,0.44957983193277307,-0.017807256826143092,0.173742098971518,9,89
HCP_1685,Alberta,Obstetrics/Gynecology,2.9152709217568074,452,246,87,0.35365853658536583,0.6463414634146342,0.2745289378769737,0.21885801463339116,44,40
HCP_1686,Alberta,Obstetrics/Gynecology,2.9152709217568074,1035,791,115,0.14538558786346398,0.854614412136536,-0.05210609068466783,0.2590722553422486,64,50
HCP_1687,Alberta,Obstetrics/Gynecology,2.9152709217568074,580,237,61,0.25738396624472576,0.7426160337552743,0.34294660669662963,0.21536173987021168,97,46
HCP_1688,Alberta,Obstetrics/Gynecology,2.9152709217568074,733,386,198,0.5129533678756477,0.4870466321243523,0.10245521356772622,0.29440966337919605,66,12
HCP_1689,Alberta,Obstetrics/Gynecology,2.9152709217568074,754,319,129,0.4043887147335423,0.5956112852664577,0.061046616477439045,0.2017939265874359,8,75
HCP_1690,Alberta,Obstetrics/Gynecology,2.9152709217568074,624,441,180,0.40816326530612246,0.5918367346938775,0.10714884240651991,0.12079561360971063,4,68
HCP_1691,Alberta,Obstetrics/Gynecology,2.9152709217568074,839,571,301,0.5271453590192644,0.4728546409807356,0.35359132991023423,0.12487682398036655,9,65
HCP_1692,Alberta,Obstetrics/Gynecology,2.9152709217568074,578,308,167,0.5422077922077922,0.45779220779220775,-0.06923116047177376,0.05203131909502939,11,58
HCP_1693,Alberta,Obstetrics/Gynecology,2.9152709217568074,926,621,345,0.5555555555555556,0.4444444444444444,-0.0844501502723667,0.1553352004455354,81,67
HCP_1694,Alberta,Obstetrics/Gynecology,2.9152709217568074,426,238,24,0.10084033613445378,0.8991596638655462,-0.04058394358863052,0.31212117416748186,57,58
HCP_1695,Alberta,Obstetrics/Gynecology,2.9152709217568074,714,502,175,0.34860557768924305,0.651394422310757,0.05385717763574731,0.32795694809316334,20,90
HCP_1696,Alberta,Obstetrics/Gynecology,2.9152709217568074,1346,783,358,0.45721583652618136,0.5427841634738186,-0.1570925349775088,0.12086363973351251,20,9
HCP_1697,Alberta,Obstetrics/Gynecology,2.9152709217568074,481,272,127,0.46691176470588236,0.5330882352941176,0.052680708718232966,0.38566539890499274,64,12
HCP_1698,Alberta,Obstetrics/Gynecology,2.9152709217568074,539,417,160,0.38369304556354916,0.6163069544364508,0.25322565600964064,0.2258409777180444,2,1
HCP_1699,Alberta,Obstetrics/Gynecology,2.9152709217568074,818,409,58,0.14180929095354522,0.8581907090464548,0.06816888687497331,0.3709425621564759,68,89
HCP_1700,Alberta,Obstetrics/Gynecology,2.9152709217568074,727,326,159,0.48773006134969327,0.5122699386503067,0.01487774492296677,0.2973678486515709,88,14
HCP_1701,Alberta,Obstetrics/Gynecology,2.9152709217568074,772,489,218,0.4458077709611452,0.5541922290388548,-0.024179253842035286,0.3028516980578446,63,45
HCP_1702,Alberta,Obstetrics/Gynecology,2.9152709217568074,811,639,62,0.09702660406885759,0.9029733959311425,0.15782140454618773,0.0797652674571249,48,56
HCP_1703,British Columbia,Internal Medicine,1.3112210583925794,572,315,96,0.3047619047619048,0.6952380952380952,-0.04909993278856571,0.12699689441392575,71,9
HCP_1704,British Columbia,Internal Medicine,1.3112210583925794,675,287,42,0.14634146341463414,0.8536585365853658,0.27156751047190975,0.053085191653065425,16,21
HCP_1705,British Columbia,Internal Medicine,1.3112210583925794,529,283,67,0.23674911660777384,0.7632508833922261,0.28200316972572287,0.30064467416685814,72,88
HCP_1706,British Columbia,Internal Medicine,1.3112210583925794,421,254,15,0.05905511811023622,0.9409448818897638,0.08081009583941451,0.1705534009499785,31,78
HCP_1707,British Columbia,Internal Medicine,1.3112210583925794,580,270,73,0.27037037037037037,0.7296296296296296,0.048618189430802594,0.32532838062672137,69,76
HCP_1708,British Columbia,Internal Medicine,1.3112210583925794,891,591,208,0.35194585448392557,0.6480541455160744,0.17367917698898713,0.16862767697795922,20,7
HCP_1709,British Columbia,Internal Medicine,1.3112210583925794,437,349,136,0.38968481375358166,0.6103151862464183,0.181375820267279,0.3367668133046014,6,20
HCP_1710,British Columbia,Internal Medicine,1.3112210583925794,326,189,78,0.4126984126984127,0.5873015873015873,-0.04671900772712985,0.09574438881190955,6,84
HCP_1711,British Columbia,Internal Medicine,1.3112210583925794,675,366,187,0.5109289617486339,0.4890710382513661,-0.013186615976404234,0.11068060486512787,26,21
HCP_1712,British Columbia,Internal Medicine,1.3112210583925794,439,246,41,0.16666666666666666,0.8333333333333334,-0.10868169216199546,0.16930678885437778,7,96
HCP_1713,British Columbia,Internal Medicine,1.3112210583925794,214,95,11,0.11578947368421053,0.8842105263157894,0.09908779260008685,0.1929705861087957,72,44
HCP_1714,British Columbia,Internal Medicine,1.3112210583925794,616,464,241,0.5193965517241379,0.4806034482758621,0.12999534601482687,0.17204598379504243,27,90
HCP_1715,British Columbia,Internal Medicine,1.3112210583925794,380,215,29,0.13488372093023257,0.8651162790697674,-0.11199107654335273,0.317276461383127,78,39
HCP_1716,British Columbia,Internal Medicine,1.3112210583925794,444,246,144,0.5853658536585366,0.41463414634146345,-0.004623868577939089,0.08393298741935015,65,21
HCP_1717,British Columbia,Internal Medicine,1.3112210583925794,514,341,175,0.5131964809384164,0.4868035190615836,-0.1116704701097619,0.17292595687347084,70,29
HCP_1718,British Columbia,Internal Medicine,1.3112210583925794,490,283,92,0.3250883392226148,0.6749116607773852,-0.0578559772292605,0.3430339998304108,46,61
HCP_1719,British Columbia,Internal Medicine,1.3112210583925794,587,387,228,0.5891472868217055,0.4108527131782945,0.11612204722715594,0.0733789770417602,81,72
HCP_1720,British Columbia,Internal Medicine,1.3112210583925794,393,167,17,0.10179640718562874,0.8982035928143712,-0.03801784800139353,0.37982022768497514,85,44
HCP_1721,British Columbia,Internal Medicine,1.3112210583925794,548,398,86,0.21608040201005024,0.7839195979899498,0.013900885276124167,0.39521089479520455,9,34
HCP_1722,British Columbia,Internal Medicine,1.3112210583925794,418,324,130,0.4012345679012346,0.5987654320987654,-0.14527740735367783,0.08099886083877804,32,81
HCP_1723,British Columbia,Internal Medicine,1.3112210583925794,593,391,95,0.24296675191815856,0.7570332480818415,0.07243882516695971,0.15194538278950795,6,41
HCP_1724,British Columbia,Internal Medicine,1.3112210583925794,568,444,249,0.5608108108108109,0.43918918918918914,0.04468720161864215,0.18034023311237468,2,4
HCP_1725,British Columbia,Internal Medicine,1.3112210583925794,330,152,13,0.08552631578947369,0.9144736842105263,-0.03747511000397946,0.32173697902845416,13,26
HCP_1726,British Columbia,Internal Medicine,1.3112210583925794,670,396,139,0.351010101010101,0.648989898989899,0.027318284278103105,0.2585743842408569,43,69
HCP_1727,British Columbia,Internal Medicine,1.3112210583925794,380,243,91,0.37448559670781895,0.6255144032921811,0.07163538566041333,0.2755279951723986,45,61
HCP_1728,British Columbia,Internal Medicine,1.3112210583925794,608,385,157,0.4077922077922078,0.5922077922077922,-0.047784177869121286,0.3151284379864771,60,31
HCP_1729,British Columbia,Internal Medicine,1.3112210583925794,521,292,56,0.1917808219178082,0.8082191780821918,-0.12715150528021352,0.09129264980295901,35,7
HCP_1730,British Columbia,Internal Medicine,1.3112210583925794,872,467,117,0.2505353319057816,0.7494646680942184,0.2666689319224178,0.34162330991859186,12,84
HCP_1731,British Columbia,Internal Medicine,1.3112210583925794,424,191,98,0.5130890052356021,0.4869109947643979,-0.025992724565232717,0.2969669314630504,15,17
HCP_1732,British Columbia,Internal Medicine,1.3112210583925794,405,225,35,0.15555555555555556,0.8444444444444444,0.038388787617573285,0.2520696038187296,79,77
HCP_1733,British Columbia,Internal Medicine,1.3112210583925794,455,212,107,0.5047169811320755,0.4952830188679245,0.17130076820243761,0.36140736717406985,4,14
HCP_1734,British Columbia,Internal Medicine,1.3112210583925794,412,286,103,0.36013986013986016,0.6398601398601398,0.4734866225084581,0.2951072238593325,88,25
HCP_1735,British Columbia,Internal Medicine,1.3112210583925794,606,293,137,0.46757679180887374,0.5324232081911262,-0.09933837398666388,0.1205949869208589,37,52
HCP_1736,British Columbia,Internal Medicine,1.3112210583925794,260,110,49,0.44545454545454544,0.5545454545454546,0.10397926564718118,0.20041088337648338,49,43
HCP_1737,British Columbia,Internal Medicine,1.3112210583925794,317,197,32,0.16243654822335024,0.8375634517766497,-0.034906274235292745,0.2229150034275067,37,31
HCP_1738,British Columbia,Internal Medicine,1.3112210583925794,315,201,73,0.36318407960199006,0.6368159203980099,-0.014654836549205297,0.06932616936264198,55,27
HCP_1739,British Columbia,Internal Medicine,1.3112210583925794,639,478,252,0.5271966527196653,0.4728033472803347,-0.03642544252081478,0.3841231296760195,62,38
HCP_1740,British Columbia,Internal Medicine,1.3112210583925794,834,526,151,0.2870722433460076,0.7129277566539924,-0.08507859613607018,0.09500204127890748,47,31
HCP_1741,British Columbia,Internal Medicine,1.3112210583925794,442,238,138,0.5798319327731093,0.4201680672268907,0.04504503658584063,0.2941114435293544,89,76
HCP_1742,British Columbia,Internal Medicine,1.3112210583925794,432,312,93,0.2980769230769231,0.7019230769230769,-0.1269403224457883,0.2271808626318081,58,78
HCP_1743,British Columbia,Internal Medicine,1.3112210583925794,469,289,37,0.12802768166089964,0.8719723183391004,0.16361690798142448,0.05897128745954791,76,17
HCP_1744,British Columbia,Internal Medicine,1.3112210583925794,688,297,78,0.26262626262626265,0.7373737373737373,0.056600352324004954,0.3736616165525266,43,69
HCP_1745,British Columbia,Internal Medicine,1.3112210583925794,331,207,119,0.5748792270531401,0.4251207729468599,0.10069219674817279,0.34814288308662666,89,10
HCP_1746,British Columbia,Internal Medicine,1.3112210583925794,498,380,86,0.22631578947368422,0.7736842105263158,-0.005942633433546743,0.23349027476634243,54,31
HCP_1747,British Columbia,Internal Medicine,1.3112210583925794,644,360,190,0.5277777777777778,0.4722222222222222,0.00593552789459021,0.13012981764880585,54,19
HCP_1748,British Columbia,Internal Medicine,1.3112210583925794,546,283,151,0.5335689045936396,0.4664310954063604,0.08450766862007937,0.092568011738033,0,96
HCP_1749,British Columbia,Internal Medicine,1.3112210583925794,489,224,54,0.24107142857142858,0.7589285714285714,-0.08968607588869905,0.17718736780124433,7,39
HCP_1750,British Columbia,Internal Medicine,1.3112210583925794,650,299,29,0.09698996655518395,0.903010033444816,0.007041147870399701,0.1393998983661317,3,7
HCP_1751,British Columbia,Internal Medicine,1.3112210583925794,178,102,46,0.45098039215686275,0.5490196078431373,-0.053153621665414486,0.22734192035220457,84,34
HCP_1752,British Columbia,Cardiology,2.150213817563835,744,475,105,0.22105263157894736,0.7789473684210526,-0.05686825727092171,0.38824325364320017,85,68
HCP_1753,British Columbia,Cardiology,2.150213817563835,467,202,97,0.4801980198019802,0.5198019801980198,-0.203180588875077,0.2512337226303745,52,98
HCP_1754,British Columbia,Cardiology,2.150213817563835,309,240,70,0.2916666666666667,0.7083333333333333,0.21071919073759998,0.36147586956153427,57,77
HCP_1755,British Columbia,Cardiology,2.150213817563835,701,492,156,0.3170731707317073,0.6829268292682926,-0.03238465037845226,0.27780759312352205,36,20
HCP_1756,British Columbia,Cardiology,2.150213817563835,949,602,288,0.47840531561461797,0.521594684385382,0.18960512661962603,0.21633628430552015,48,23
HCP_1757,British Columbia,Cardiology,2.150213817563835,559,409,106,0.2591687041564792,0.7408312958435208,0.1782550785673151,0.34911264695667993,66,16
HCP_1758,British Columbia,Cardiology,2.150213817563835,819,354,104,0.2937853107344633,0.7062146892655368,-0.10431996478197923,0.21497883856054917,18,17
HCP_1759,British Columbia,Cardiology,2.150213817563835,1031,609,156,0.2561576354679803,0.7438423645320197,-0.08060934828074147,0.35401985967862637,0,97
HCP_1760,British Columbia,Cardiology,2.150213817563835,929,606,153,0.2524752475247525,0.7475247524752475,0.35726035512268206,0.15205186935151788,28,11
HCP_1761,British Columbia,Cardiology,2.150213817563835,1041,761,258,0.33902759526938236,0.6609724047306176,0.2601111130312572,0.09508457581704585,86,15
HCP_1762,British Columbia,Cardiology,2.150213817563835,761,543,269,0.4953959484346225,0.5046040515653776,0.046217778400627504,0.34936006252702845,32,3
HCP_1763,British Columbia,Cardiology,2.150213817563835,602,308,77,0.25,0.75,0.08088477277008194,0.2555953073274334,51,88
HCP_1764,British Columbia,Cardiology,2.150213817563835,335,260,88,0.3384615384615385,0.6615384615384615,-0.02570156835366265,0.36118233938713606,40,33
HCP_1765,British Columbia,Gastroenterology,2.161033768402706,539,242,101,0.41735537190082644,0.5826446280991735,0.1018823257040408,0.37823952244733416,22,91
HCP_1766,British Columbia,Gastroenterology,2.161033768402706,438,329,65,0.19756838905775076,0.8024316109422492,-0.03606182808669657,0.06876993663000722,4,45
HCP_1767,British Columbia,Gastroenterology,2.161033768402706,1257,991,201,0.20282542885973764,0.7971745711402624,-0.19388245171580615,0.22533925565060392,70,74
HCP_1768,British Columbia,Gastroenterology,2.161033768402706,553,260,146,0.5615384615384615,0.43846153846153846,-0.10858669438132611,0.18123759217608526,56,76
HCP_1769,British Columbia,Gastroenterology,2.161033768402706,614,423,189,0.44680851063829785,0.5531914893617021,0.05253112974207047,0.269050438974541,5,30
HCP_1770,British Columbia,Gastroenterology,2.161033768402706,713,297,109,0.367003367003367,0.632996632996633,-0.08572806826031053,0.3277569190208132,48,24
HCP_1771,British Columbia,Gastroenterology,2.161033768402706,597,336,136,0.40476190476190477,0.5952380952380952,0.04192670421037586,0.14820657559102915,21,73
HCP_1772,British Columbia,Neurology,2.4395878754407203,1131,686,45,0.06559766763848396,0.934402332361516,-0.07895932473194357,0.24487943453061012,76,23
HCP_1773,British Columbia,Neurology,2.4395878754407203,502,317,124,0.3911671924290221,0.6088328075709779,-0.04388247070023922,0.2980550029667149,75,64
HCP_1774,British Columbia,Neurology,2.4395878754407203,669,518,171,0.3301158301158301,0.6698841698841699,0.152379836769583,0.09705087899250692,3,24
HCP_1775,British Columbia,Neurology,2.4395878754407203,482,322,113,0.35093167701863354,0.6490683229813665,0.07969766571681255,0.33492341708294343,71,27
HCP_1776,British Columbia,Neurology,2.4395878754407203,394,233,58,0.24892703862660945,0.7510729613733905,0.04884026944239834,0.2621383599485406,63,35
HCP_1777,British Columbia,Neurology,2.4395878754407203,504,365,35,0.0958904109589041,0.904109589041096,0.15547567676847815,0.38233810298977816,36,81
HCP_1778,British Columbia,Neurology,2.4395878754407203,617,481,75,0.15592515592515593,0.844074844074844,0.10767303120168167,0.16883512169574266,30,5
HCP_1779,British Columbia,Neurology,2.4395878754407203,538,220,126,0.5727272727272728,0.42727272727272725,0.22358759495016411,0.08785107981801954,36,65
HCP_1780,British Columbia,Neurology,2.4395878754407203,490,389,107,0.2750642673521851,0.724935732647815,-0.005183111477816818,0.22727542036292386,44,66
HCP_1781,British Columbia,Neurology,2.4395878754407203,382,166,51,0.3072289156626506,0.6927710843373494,-0.0015561974233010423,0.0800337700983036,89,71
HCP_1782,British Columbia,Neurology,2.4395878754407203,607,441,35,0.07936507936507936,0.9206349206349207,-0.10613311196696142,0.3893342831634024,7,94
HCP_1783,British Columbia,Neurology,2.4395878754407203,369,189,13,0.06878306878306878,0.9312169312169312,-0.0014776860846903647,0.06353973539001705,39,47
HCP_1784,British Columbia,Neurology,2.4395878754407203,815,369,164,0.4444444444444444,0.5555555555555556,0.16577238731629346,0.3137263653875578,96,82
HCP_1785,British Columbia,Neurology,2.4395878754407203,643,370,128,0.34594594594594597,0.654054054054054,0.2059984846714561,0.23378583934978542,92,69
HCP_1786,British Columbia,Neurology,2.4395878754407203,375,247,81,0.32793522267206476,0.6720647773279352,0.16523662017040014,0.17901722837440104,4,77
HCP_1787,British Columbia,Neurology,2.4395878754407203,561,310,57,0.18387096774193548,0.8161290322580645,-0.16530302398593233,0.07304475757802914,27,66
HCP_1788,British Columbia,Neurology,2.4395878754407203,480,202,93,0.4603960396039604,0.5396039603960396,0.17997742551928814,0.26775842346076273,80,47
HCP_1789,British Columbia,Psychiatry,1.8818890302446183,614,393,56,0.14249363867684478,0.8575063613231553,-0.1706222347926485,0.2548271152868344,86,64
HCP_1790,British Columbia,Psychiatry,1.8818890302446183,877,667,103,0.15442278860569716,0.8455772113943029,0.1577740788946817,0.14830914557365993,8,43
HCP_1791,British Columbia,Psychiatry,1.8818890302446183,285,158,48,0.3037974683544304,0.6962025316455696,0.005865856811473377,0.36857759549360924,1,93
HCP_1792,British Columbia,Psychiatry,1.8818890302446183,571,278,58,0.20863309352517986,0.7913669064748201,0.1343039976720627,0.15643850256999292,62,62
HCP_1793,British Columbia,Psychiatry,1.8818890302446183,519,299,56,0.18729096989966554,0.8127090301003345,-0.1098938017473479,0.20740389370723716,95,45
HCP_1794,British Columbia,Psychiatry,1.8818890302446183,694,291,118,0.4054982817869416,0.5945017182130584,0.19054011592473757,0.24031685957152948,50,18
HCP_1795,British Columbia,Psychiatry,1.8818890302446183,591,430,175,0.4069767441860465,0.5930232558139534,-0.12579696953258668,0.08508115736170013,30,63
HCP_1796,British Columbia,Psychiatry,1.8818890302446183,422,308,155,0.5032467532467533,0.4967532467532467,-0.030214589302381314,0.3762566017247713,6,82
HCP_1797,British Columbia,Psychiatry,1.8818890302446183,491,312,87,0.27884615384615385,0.7211538461538461,-0.06977135533228422,0.18108765335786442,29,72
HCP_1798,British Columbia,Psychiatry,1.8818890302446183,415,225,20,0.08888888888888889,0.9111111111111111,-0.16051418233869985,0.07827272485602027,57,70
HCP_1799,British Columbia,Psychiatry,1.8818890302446183,800,576,115,0.1996527777777778,0.8003472222222222,0.06134330811061621,0.18555191078636551,2,100
HCP_1800,British Columbia,Psychiatry,1.8818890302446183,553,344,203,0.5901162790697675,0.4098837209302325,0.2667306941404354,0.26007089148240325,50,49
HCP_1801,British Columbia,Psychiatry,1.8818890302446183,1067,779,294,0.3774069319640565,0.6225930680359435,0.37002862667840103,0.22977843513746538,55,62
HCP_1802,British Columbia,Psychiatry,1.8818890302446183,537,350,154,0.44,0.56,0.06165869445034974,0.29308969091304593,72,40
HCP_1803,British Columbia,Psychiatry,1.8818890302446183,428,305,16,0.05245901639344262,0.9475409836065574,0.18400175300810268,0.06941937972376873,9,6
HCP_1804,British Columbia,Psychiatry,1.8818890302446183,323,207,69,0.3333333333333333,0.6666666666666667,0.07785135655142447,0.14958921359521965,60,8
HCP_1805,British Columbia,Psychiatry,1.8818890302446183,292,165,12,0.07272727272727272,0.9272727272727272,0.10986598337218553,0.3367307018940358,49,3
HCP_1806,British Columbia,Psychiatry,1.8818890302446183,315,247,90,0.3643724696356275,0.6356275303643725,0.00894216186473134,0.0779627907269763,46,88
HCP_1807,British Columbia,Psychiatry,1.8818890302446183,603,372,207,0.5564516129032258,0.44354838709677424,0.07340923105071226,0.34942008414358516,89,48
HCP_1808,British Columbia,Psychiatry,1.8818890302446183,656,421,245,0.5819477434679335,0.41805225653206646,0.11449744455277143,0.0821636322269872,0,75
HCP_1809,British Columbia,Psychiatry,1.8818890302446183,316,154,53,0.34415584415584416,0.6558441558441559,-0.019415167465159755,0.3420589752120937,93,5
HCP_1810,British Columbia,Psychiatry,1.8818890302446183,751,488,147,0.3012295081967213,0.6987704918032787,0.04070068401284145,0.17627594037755434,56,81
HCP_1811,British Columbia,Psychiatry,1.8818890302446183,463,291,166,0.570446735395189,0.429553264604811,0.04298838572030141,0.26427317214002555,37,20
HCP_1812,British Columbia,Psychiatry,1.8818890302446183,578,274,115,0.4197080291970803,0.5802919708029197,0.14916839807966295,0.10351049047679936,61,14
HCP_1813,British Columbia,Psychiatry,1.8818890302446183,965,409,35,0.08557457212713937,0.9144254278728606,-0.07792386059532168,0.07315905260381331,78,66
HCP_1814,British Columbia,Psychiatry,1.8818890302446183,751,482,148,0.3070539419087137,0.6929460580912863,0.04381493496708182,0.1255783714070473,88,65
HCP_1815,British Columbia,Psychiatry,1.8818890302446183,500,353,64,0.1813031161473088,0.8186968838526912,0.2794406562863237,0.09474883626804345,69,55
HCP_1816,British Columbia,Psychiatry,1.8818890302446183,402,245,76,0.31020408163265306,0.689795918367347,0.1896872183103125,0.15934206418787114,81,67
HCP_1817,British Columbia,Psychiatry,1.8818890302446183,258,127,38,0.2992125984251969,0.7007874015748031,0.21190148586664465,0.2300341362788571,64,31
HCP_1818,British Columbia,Psychiatry,1.8818890302446183,427,285,106,0.3719298245614035,0.6280701754385964,0.0529318208213641,0.2560658122477534,61,65
HCP_1819,British Columbia,Psychiatry,1.8818890302446183,510,220,54,0.24545454545454545,0.7545454545454545,0.08851970764232278,0.32645383758291,55,28
HCP_1820,British Columbia,Psychiatry,1.8818890302446183,388,224,31,0.13839285714285715,0.8616071428571428,0.17026834000435104,0.2796839626369255,66,65
HCP_1821,British Columbia,Psychiatry,1.8818890302446183,524,244,80,0.32786885245901637,0.6721311475409837,0.2372306635437117,0.26306541379534354,16,33
HCP_1822,British Columbia,Psychiatry,1.8818890302446183,564,267,135,0.5056179775280899,0.4943820224719101,-0.18419234954594638,0.19412370962002112,7,26
HCP_1823,British Columbia,Psychiatry,1.8818890302446183,507,244,101,0.4139344262295082,0.5860655737704918,-0.10785295684598147,0.21583295223604854,59,59
HCP_1824,British Columbia,Psychiatry,1.8818890302446183,437,242,57,0.23553719008264462,0.7644628099173554,0.20713329216831772,0.19508229028656338,39,38
HCP_1825,British Columbia,Psychiatry,1.8818890302446183,582,245,138,0.563265306122449,0.43673469387755104,0.016773277307743577,0.34475811052148414,80,43
HCP_1826,British Columbia,Psychiatry,1.8818890302446183,641,358,198,0.553072625698324,0.44692737430167595,-0.030606494710969268,0.13050015839193996,88,81
HCP_1827,British Columbia,Psychiatry,1.8818890302446183,375,227,37,0.16299559471365638,0.8370044052863437,-0.10049931843947245,0.05200232603968762,61,35
HCP_1828,British Columbia,Psychiatry,1.8818890302446183,899,533,38,0.07129455909943715,0.9287054409005628,-0.01660200418529313,0.2779619640291838,40,18
HCP_1829,British Columbia,Psychiatry,1.8818890302446183,530,293,134,0.45733788395904434,0.5426621160409557,-0.11828431401085897,0.120861764273591,11,90
HCP_1830,British Columbia,Psychiatry,1.8818890302446183,552,406,205,0.5049261083743842,0.49507389162561577,0.30093131272789725,0.36154029770843327,92,44
HCP_1831,British Columbia,Psychiatry,1.8818890302446183,703,322,188,0.5838509316770186,0.4161490683229814,0.047307673762331186,0.3506662153973296,88,83
HCP_1832,British Columbia,Psychiatry,1.8818890302446183,595,358,193,0.5391061452513967,0.46089385474860334,0.043045934988473894,0.07685458017487207,99,20
HCP_1833,British Columbia,Psychiatry,1.8818890302446183,766,325,124,0.38153846153846155,0.6184615384615384,0.12056920102013982,0.08723594189492709,53,22
HCP_1834,British Columbia,Psychiatry,1.8818890302446183,607,260,89,0.3423076923076923,0.6576923076923077,0.16548142031198834,0.22331005728633324,88,93
HCP_1835,British Columbia,Psychiatry,1.8818890302446183,443,279,18,0.06451612903225806,0.935483870967742,0.16350657878655672,0.26322793196927413,92,88
HCP_1836,British Columbia,Psychiatry,1.8818890302446183,623,390,72,0.18461538461538463,0.8153846153846154,0.17883463326890858,0.14621791811878426,10,94
HCP_1837,British Columbia,Psychiatry,1.8818890302446183,368,276,84,0.30434782608695654,0.6956521739130435,-0.02570146609490276,0.30087920084477976,59,26
HCP_1838,British Columbia,Psychiatry,1.8818890302446183,570,355,140,0.39436619718309857,0.6056338028169015,0.014255983405176656,0.25822060732160507,67,97
HCP_1839,British Columbia,Psychiatry,1.8818890302446183,542,425,152,0.35764705882352943,0.6423529411764706,0.14228379865307306,0.16368843841199415,77,71
HCP_1840,British Columbia,Psychiatry,1.8818890302446183,510,214,98,0.45794392523364486,0.5420560747663552,-0.013286687396754385,0.05888002081481046,45,18
HCP_1841,British Columbia,Psychiatry,1.8818890302446183,525,231,47,0.20346320346320346,0.7965367965367965,0.049387204156733,0.3125525984544812,37,40
HCP_1842,British Columbia,Psychiatry,1.8818890302446183,284,119,43,0.36134453781512604,0.6386554621848739,0.0978516517309777,0.12516378303877895,60,25
HCP_1843,British Columbia,Psychiatry,1.8818890302446183,453,215,21,0.09767441860465116,0.9023255813953488,0.14422220987724516,0.34206581021191995,16,27
HCP_1844,British Columbia,Psychiatry,1.8818890302446183,567,350,97,0.27714285714285714,0.7228571428571429,-0.16332171548442415,0.19710159101898933,65,63
HCP_1845,British Columbia,Psychiatry,1.8818890302446183,580,382,177,0.46335078534031415,0.5366492146596858,0.1357694779866734,0.2519771049211179,71,67
HCP_1846,British Columbia,Psychiatry,1.8818890302446183,383,160,69,0.43125,0.56875,0.02195311305779295,0.35553205564315066,35,94
HCP_1847,British Columbia,Psychiatry,1.8818890302446183,855,666,396,0.5945945945945946,0.4054054054054054,0.1348949253037257,0.3522680503219837,73,79
HCP_1848,British Columbia,Psychiatry,1.8818890302446183,405,298,60,0.20134228187919462,0.7986577181208054,0.14323180308257943,0.18003185133525068,6,50
HCP_1849,British Columbia,Psychiatry,1.8818890302446183,770,399,129,0.3233082706766917,0.6766917293233083,0.24294980733429888,0.1231111124501951,99,73
HCP_1850,British Columbia,Psychiatry,1.8818890302446183,637,274,63,0.22992700729927007,0.7700729927007299,0.21241443771454438,0.32130112720500814,15,47
HCP_1851,British Columbia,Psychiatry,1.8818890302446183,438,205,60,0.2926829268292683,0.7073170731707317,0.21158859951323555,0.20157807126074595,13,9
HCP_1852,British Columbia,Psychiatry,1.8818890302446183,1021,460,240,0.5217391304347826,0.4782608695652174,0.2232404382999486,0.11721469774565144,79,72
HCP_1853,British Columbia,Psychiatry,1.8818890302446183,361,162,69,0.42592592592592593,0.5740740740740741,0.08496547817791351,0.3665488698110026,24,38
HCP_1854,British Columbia,Psychiatry,1.8818890302446183,757,460,246,0.5347826086956522,0.4652173913043478,0.053862210444420765,0.11933646798438059,3,99
HCP_1855,British Columbia,Psychiatry,1.8818890302446183,779,388,63,0.16237113402061856,0.8376288659793815,0.15473804998140012,0.05903250886693088,28,99
HCP_1856,British Columbia,Psychiatry,1.8818890302446183,434,236,125,0.5296610169491526,0.4703389830508474,0.13784971417196268,0.05709799081859699,55,18
HCP_1857,British Columbia,Psychiatry,1.8818890302446183,893,711,59,0.0829817158931083,0.9170182841068917,0.012912051591408784,0.2678103747589925,5,63
HCP_1858,British Columbia,Psychiatry,1.8818890302446183,503,339,183,0.5398230088495575,0.4601769911504425,0.09857880905699218,0.28158627125113567,0,18
HCP_1859,British Columbia,Psychiatry,1.8818890302446183,607,473,109,0.23044397463002114,0.7695560253699789,0.045788423985848675,0.15886459676994438,38,75
HCP_1860,British Columbia,Pediatrics,2.574384687791779,703,321,72,0.22429906542056074,0.7757009345794392,-0.052471949015206715,0.16200384623647218,0,61
HCP_1861,British Columbia,Pediatrics,2.574384687791779,612,338,112,0.33136094674556216,0.6686390532544378,0.20485528896516197,0.16882287027097997,62,12
HCP_1862,British Columbia,Pediatrics,2.574384687791779,852,530,301,0.5679245283018868,0.4320754716981132,0.05662390910361071,0.28805549136560754,56,24
HCP_1863,British Columbia,Pediatrics,2.574384687791779,847,365,28,0.07671232876712329,0.9232876712328767,0.2958449909238621,0.07034682685939,66,99
HCP_1864,British Columbia,Pediatrics,2.574384687791779,348,140,34,0.24285714285714285,0.7571428571428571,-0.14505907242397992,0.37519072344196397,64,88
HCP_1865,British Columbia,Pediatrics,2.574384687791779,1013,677,353,0.5214180206794683,0.4785819793205317,-0.016813452741203952,0.12788236546210627,64,91
HCP_1866,British Columbia,Pediatrics,2.574384687791779,359,236,63,0.2669491525423729,0.7330508474576272,0.053916660402904576,0.3998856218347323,20,41
HCP_1867,British Columbia,Pediatrics,2.574384687791779,921,520,83,0.1596153846153846,0.8403846153846154,0.18648573171546967,0.11003294282551546,29,38
HCP_1868,British Columbia,Pediatrics,2.574384687791779,952,567,161,0.2839506172839506,0.7160493827160495,0.09793632471226221,0.32004126005933214,95,29
HCP_1869,British Columbia,Pediatrics,2.574384687791779,438,248,65,0.2620967741935484,0.7379032258064516,0.08725673050169017,0.12819439072536876,32,4
HCP_1870,British Columbia,Pediatrics,2.574384687791779,556,228,126,0.5526315789473685,0.4473684210526315,-0.08527165510649763,0.0782963805751389,47,80
HCP_1871,British Columbia,Pediatrics,2.574384687791779,436,233,109,0.4678111587982833,0.5321888412017167,-0.08883296766753655,0.35622666352272714,21,17
HCP_1872,British Columbia,Pediatrics,2.574384687791779,595,280,92,0.32857142857142857,0.6714285714285715,0.08870055923478856,0.3505629407168122,93,20
HCP_1873,British Columbia,Pediatrics,2.574384687791779,576,253,150,0.5928853754940712,0.40711462450592883,-0.113692719258203,0.1912496373573605,53,85
HCP_1874,British Columbia,Pediatrics,2.574384687791779,843,660,202,0.30606060606060603,0.693939393939394,-0.013825330034719432,0.29583864988914943,3,49
HCP_1875,British Columbia,Pediatrics,2.574384687791779,1015,649,53,0.08166409861325115,0.9183359013867488,0.11011007949030291,0.244973076439371,86,5
HCP_1876,British Columbia,Pediatrics,2.574384687791779,1046,723,140,0.19363762102351315,0.8063623789764869,-0.0678789126732131,0.3485346397858121,54,49
HCP_1877,British Columbia,Pediatrics,2.574384687791779,527,277,80,0.2888086642599278,0.7111913357400722,0.24264271548341676,0.16026958926152907,43,79
HCP_1878,British Columbia,Pediatrics,2.574384687791779,596,332,45,0.1355421686746988,0.8644578313253012,0.1968723613085468,0.23328533999964485,88,65
HCP_1879,British Columbia,Pediatrics,2.574384687791779,356,176,101,0.5738636363636364,0.42613636363636365,-0.13857039980059604,0.21988032992159268,11,0
HCP_1880,British Columbia,Pediatrics,2.574384687791779,484,212,100,0.4716981132075472,0.5283018867924528,-0.06188454918183846,0.17386703918990057,80,56
HCP_1881,British Columbia,Pediatrics,2.574384687791779,900,424,84,0.19811320754716982,0.8018867924528301,-0.22429326933939397,0.3620092725947303,78,29
HCP_1882,British Columbia,Pediatrics,2.574384687791779,1130,812,304,0.37438423645320196,0.625615763546798,-0.043910963505775974,0.10805727363188743,73,57
HCP_1883,British Columbia,Pediatrics,2.574384687791779,417,280,125,0.44642857142857145,0.5535714285714286,0.14196661718868792,0.10232802383224365,98,51
HCP_1884,British Columbia,Pediatrics,2.574384687791779,522,323,183,0.56656346749226,0.43343653250773995,0.0003326069270171775,0.251918337362963,51,36
HCP_1885,British Columbia,Pediatrics,2.574384687791779,636,375,201,0.536,0.46399999999999997,0.10529566923391609,0.2801229804947297,92,47
HCP_1886,British Columbia,Pediatrics,2.574384687791779,708,544,181,0.3327205882352941,0.6672794117647058,-0.13268011819380932,0.11811673901359782,75,86
HCP_1887,British Columbia,Pediatrics,2.574384687791779,483,207,99,0.4782608695652174,0.5217391304347826,0.14575703054982864,0.18675110478911844,64,0
HCP_1888,British Columbia,Pediatrics,2.574384687791779,744,381,137,0.35958005249343833,0.6404199475065617,-0.01661310735140198,0.38129734504256035,64,18
HCP_1889,British Columbia,Pediatrics,2.574384687791779,544,294,104,0.35374149659863946,0.6462585034013606,0.051460361873948625,0.1363160979417359,9,45
HCP_1890,British Columbia,Pediatrics,2.574384687791779,639,456,52,0.11403508771929824,0.8859649122807017,0.038855059832833674,0.28392624574108793,17,66
HCP_1891,British Columbia,Pediatrics,2.574384687791779,777,619,74,0.11954765751211632,0.8804523424878836,-0.10258582250707406,0.3090522877941568,46,1
HCP_1892,British Columbia,Pediatrics,2.574384687791779,643,319,109,0.34169278996865204,0.658307210031348,-0.08837011980877386,0.20684504481280586,65,55
HCP_1893,British Columbia,Pediatrics,2.574384687791779,551,413,82,0.19854721549636803,0.801452784503632,0.1661353362804111,0.3781340953658541,48,100
HCP_1894,British Columbia,Pediatrics,2.574384687791779,618,453,28,0.06181015452538632,0.9381898454746137,0.09787905890020347,0.3078298573265767,71,16
HCP_1895,British Columbia,Pediatrics,2.574384687791779,622,305,137,0.4491803278688525,0.5508196721311476,0.17600588498641118,0.21027360295131425,21,91
HCP_1896,British Columbia,Dermatology,1.955769069952269,491,275,19,0.06909090909090909,0.9309090909090909,0.0889589882603022,0.24926732062163293,85,81
HCP_1897,British Columbia,Dermatology,1.955769069952269,511,288,109,0.3784722222222222,0.6215277777777778,0.06715887617710598,0.29241470519878526,25,96
HCP_1898,British Columbia,Dermatology,1.955769069952269,979,775,269,0.3470967741935484,0.6529032258064515,-0.157121274240012,0.2572665631502264,89,78
HCP_1899,British Columbia,Dermatology,1.955769069952269,681,322,188,0.5838509316770186,0.4161490683229814,0.017555996388659637,0.35754415433912656,8,21
HCP_1900,British Columbia,Dermatology,1.955769069952269,504,363,115,0.3168044077134986,0.6831955922865014,0.04671388155155072,0.17491103179814044,20,26
HCP_1901,British Columbia,Dermatology,1.955769069952269,714,381,32,0.08398950131233596,0.916010498687664,0.2843728637927089,0.15496000901953172,94,54
HCP_1902,British Columbia,Dermatology,1.955769069952269,498,345,122,0.3536231884057971,0.6463768115942029,0.13243479585184126,0.12484361132334251,62,100
HCP_1903,British Columbia,General Surgery,2.6011713028269563,973,553,283,0.5117540687160941,0.4882459312839059,0.23432734180514342,0.0632240388226083,5,31
HCP_1904,British Columbia,General Surgery,2.6011713028269563,734,463,277,0.5982721382289417,0.40172786177105835,0.12170452470736738,0.06505488753301937,13,59
HCP_1905,British Columbia,General Surgery,2.6011713028269563,621,455,130,0.2857142857142857,0.7142857142857143,-0.03535638723393751,0.354519317588249,32,82
HCP_1906,British Columbia,General Surgery,2.6011713028269563,755,545,123,0.22568807339449543,0.7743119266055045,0.06405490593798216,0.2874376012420676,70,27
HCP_1907,British Columbia,General Surgery,2.6011713028269563,372,278,153,0.5503597122302158,0.44964028776978415,0.07834683755170796,0.28118634540277015,23,27
HCP_1908,British Columbia,General Surgery,2.6011713028269563,435,184,29,0.15760869565217392,0.842391304347826,-0.0626986683724818,0.2651249866272101,72,73
HCP_1909,British Columbia,General Surgery,2.6011713028269563,425,288,112,0.3888888888888889,0.6111111111111112,0.003873514808849468,0.3472267006429367,74,83
HCP_1910,British Columbia,General Surgery,2.6011713028269563,678,309,84,0.27184466019417475,0.7281553398058253,0.025307960758739364,0.2180934239829696,86,24
HCP_1911,British Columbia,General Surgery,2.6011713028269563,1183,670,49,0.07313432835820896,0.926865671641791,0.24267437990781415,0.35464378999540513,50,84
HCP_1912,British Columbia,General Surgery,2.6011713028269563,1409,873,210,0.24054982817869416,0.7594501718213058,-0.1996888630469174,0.17580575916378371,1,77
HCP_1913,British Columbia,General Surgery,2.6011713028269563,807,453,89,0.19646799116997793,0.8035320088300221,0.19469821048592517,0.3743476265186817,14,85
HCP_1914,British Columbia,General Surgery,2.6011713028269563,769,467,200,0.4282655246252677,0.5717344753747323,-0.062415428195125924,0.29452994302843405,34,25
HCP_1915,British Columbia,General Surgery,2.6011713028269563,343,274,157,0.572992700729927,0.42700729927007297,-0.11464950247235368,0.14001199760854954,35,74
HCP_1916,British Columbia,General Surgery,2.6011713028269563,534,242,48,0.19834710743801653,0.8016528925619835,0.1915930556046157,0.2474297225910188,91,70
HCP_1917,British Columbia,General Surgery,2.6011713028269563,490,328,163,0.4969512195121951,0.5030487804878049,0.1378277683081257,0.23656069652088946,38,16
HCP_1918,British Columbia,General Surgery,2.6011713028269563,519,290,23,0.07931034482758621,0.9206896551724137,0.2005422442857428,0.0982645876056169,3,81
HCP_1919,British Columbia,General Surgery,2.6011713028269563,608,276,95,0.3442028985507246,0.6557971014492754,0.14608423370546922,0.256935017012715,63,6
HCP_1920,British Columbia,General Surgery,2.6011713028269563,547,254,23,0.09055118110236221,0.9094488188976377,0.2971814002084882,0.1601749683009353,73,55
HCP_1921,British Columbia,General Surgery,2.6011713028269563,323,252,142,0.5634920634920635,0.4365079365079365,0.11704686043333824,0.06832206838336086,5,63
HCP_1922,British Columbia,General Surgery,2.6011713028269563,838,630,297,0.4714285714285714,0.5285714285714286,0.031222714865220984,0.3820296551972977,56,19
HCP_1923,British Columbia,General Surgery,2.6011713028269563,443,338,139,0.41124260355029585,0.5887573964497042,0.09115116527856111,0.2745216291725008,29,37
HCP_1924,British Columbia,General Surgery,2.6011713028269563,701,558,281,0.503584229390681,0.49641577060931896,0.19921629540151564,0.3569216261547965,98,74
HCP_1925,British Columbia,Urology,2.1908650245024517,1224,592,240,0.40540540540540543,0.5945945945945945,-0.04352503903121403,0.28661960175463863,73,57
HCP_1926,British Columbia,Urology,2.1908650245024517,429,233,136,0.5836909871244635,0.41630901287553645,-0.02822662990376569,0.17494429224903954,95,15
HCP_1927,British Columbia,Urology,2.1908650245024517,244,163,72,0.44171779141104295,0.558282208588957,0.012924798248251115,0.22944082531508403,66,50
HCP_1928,British Columbia,Urology,2.1908650245024517,536,318,178,0.559748427672956,0.44025157232704404,-0.2025499358518399,0.286511366121512,89,26
HCP_1929,British Columbia,Urology,2.1908650245024517,870,494,165,0.3340080971659919,0.6659919028340081,0.06656940901010562,0.3860883138205032,14,50
HCP_1930,British Columbia,Urology,2.1908650245024517,1175,638,73,0.11442006269592477,0.8855799373040752,-0.17633544447412314,0.13878431069259378,16,74
HCP_1931,British Columbia,Urology,2.1908650245024517,385,245,83,0.33877551020408164,0.6612244897959183,0.056367117551914286,0.3562419705184412,90,15
HCP_1932,British Columbia,Urology,2.1908650245024517,704,444,53,0.11936936936936937,0.8806306306306306,0.15383477073622998,0.3734272318529943,17,86
HCP_1933,British Columbia,Urology,2.1908650245024517,503,234,88,0.37606837606837606,0.6239316239316239,-0.007225175277260271,0.2846454301306348,18,59
HCP_1934,British Columbia,Orthopedic Surgery,1.7907000676174338,516,304,96,0.3157894736842105,0.6842105263157895,0.2512539044224245,0.37594331959046823,75,75
HCP_1935,British Columbia,Orthopedic Surgery,1.7907000676174338,1351,839,329,0.39213349225268174,0.6078665077473182,-0.12526010793021852,0.189257505617079,87,39
HCP_1936,British Columbia,Orthopedic Surgery,1.7907000676174338,316,198,11,0.05555555555555555,0.9444444444444444,0.19295128179581988,0.383555661614155,68,66
HCP_1937,British Columbia,Orthopedic Surgery,1.7907000676174338,585,283,44,0.15547703180212014,0.8445229681978799,0.1310164467688305,0.29597400700809123,23,1
HCP_1938,British Columbia,Orthopedic Surgery,1.7907000676174338,630,439,141,0.3211845102505695,0.6788154897494305,-0.15592398979728267,0.06470201859658417,90,47
HCP_1939,British Columbia,Orthopedic Surgery,1.7907000676174338,783,321,184,0.573208722741433,0.426791277258567,0.3752953158848639,0.3674054911366685,47,51
HCP_1940,British Columbia,Orthopedic Surgery,1.7907000676174338,554,300,78,0.26,0.74,0.04235056573952406,0.2195654831616174,29,23
HCP_1941,British Columbia,Orthopedic Surgery,1.7907000676174338,596,424,120,0.2830188679245283,0.7169811320754718,-0.05529808265867579,0.2111144446722415,14,92
HCP_1942,British Columbia,Orthopedic Surgery,1.7907000676174338,467,292,129,0.4417808219178082,0.5582191780821918,-0.11885046337408202,0.248263312092872,46,97
HCP_1943,British Columbia,Orthopedic Surgery,1.7907000676174338,588,297,113,0.38047138047138046,0.6195286195286196,0.023597836680839118,0.10228459136992979,43,83
HCP_1944,British Columbia,Orthopedic Surgery,1.7907000676174338,475,322,69,0.21428571428571427,0.7857142857142857,0.034711175313204834,0.21420811699858955,97,81
HCP_1945,British Columbia,Orthopedic Surgery,1.7907000676174338,665,417,115,0.27577937649880097,0.724220623501199,0.06231746342475973,0.340894525851211,26,77
HCP_1946,British Columbia,Orthopedic Surgery,1.7907000676174338,470,338,57,0.16863905325443787,0.8313609467455622,0.014264461253124784,0.05541886069813037,83,81
HCP_1947,British Columbia,Orthopedic Surgery,1.7907000676174338,611,424,246,0.5801886792452831,0.41981132075471694,0.12598703721381121,0.14552100611352997,63,1
HCP_1948,British Columbia,Orthopedic Surgery,1.7907000676174338,530,341,42,0.12316715542521994,0.8768328445747801,0.003484420080410444,0.05085910525534548,40,64
HCP_1949,British Columbia,Orthopedic Surgery,1.7907000676174338,794,473,120,0.2536997885835095,0.7463002114164905,-0.1821956940688565,0.19549895820244695,95,19
HCP_1950,British Columbia,Orthopedic Surgery,1.7907000676174338,526,238,15,0.06302521008403361,0.9369747899159664,0.03207662052204306,0.30491042867280715,67,33
HCP_1951,British Columbia,Orthopedic Surgery,1.7907000676174338,288,145,25,0.1724137931034483,0.8275862068965517,-0.23409731840479336,0.32957014019012,4,40
HCP_1952,British Columbia,Orthopedic Surgery,1.7907000676174338,833,473,227,0.4799154334038055,0.5200845665961945,0.09245247570696674,0.38081641639445235,52,40
HCP_1953,British Columbia,Orthopedic Surgery,1.7907000676174338,390,249,40,0.1606425702811245,0.8393574297188755,-0.06751602763391623,0.2629766145397753,7,74
HCP_1954,British Columbia,Orthopedic Surgery,1.7907000676174338,426,258,24,0.09302325581395349,0.9069767441860466,0.06960324258989606,0.1391194033285134,21,90
HCP_1955,British Columbia,Orthopedic Surgery,1.7907000676174338,435,224,70,0.3125,0.6875,0.20768899778295252,0.37345178219784464,6,22
HCP_1956,British Columbia,Ophthalmology,2.0639784108687027,930,374,21,0.05614973262032086,0.9438502673796791,-0.06384984343216,0.32136051385813164,21,37
HCP_1957,British Columbia,Ophthalmology,2.0639784108687027,272,163,16,0.09815950920245399,0.901840490797546,0.17735075102145414,0.2510499690511006,45,43
HCP_1958,British Columbia,Ophthalmology,2.0639784108687027,1723,886,438,0.49435665914221216,0.5056433408577878,-0.002006748002338375,0.29347407550162763,29,66
HCP_1959,British Columbia,Ophthalmology,2.0639784108687027,832,577,274,0.4748700173310225,0.5251299826689775,0.2603833762478702,0.37351072425260023,100,61
HCP_1960,British Columbia,Ophthalmology,2.0639784108687027,621,254,141,0.5551181102362205,0.4448818897637795,0.006181686416214402,0.2993379099655226,15,11
HCP_1961,British Columbia,Ophthalmology,2.0639784108687027,564,358,186,0.5195530726256983,0.4804469273743017,-0.050859158260802964,0.17893107765465693,78,29
HCP_1962,British Columbia,Ophthalmology,2.0639784108687027,635,493,210,0.4259634888438134,0.5740365111561866,0.1324686140474346,0.29955987080118385,4,94
HCP_1963,British Columbia,Ophthalmology,2.0639784108687027,690,324,26,0.08024691358024691,0.9197530864197531,-0.002294767554836305,0.06409735695738576,66,86
HCP_1964,British Columbia,Ophthalmology,2.0639784108687027,720,424,204,0.4811320754716981,0.5188679245283019,-0.050973941695481015,0.18524544664070347,22,64
HCP_1965,British Columbia,Ophthalmology,2.0639784108687027,698,305,157,0.5147540983606558,0.4852459016393442,-0.007340782084454933,0.19221306114595277,60,40
HCP_1966,British Columbia,Ophthalmology,2.0639784108687027,593,386,189,0.4896373056994819,0.5103626943005182,0.04464721613803983,0.10839338204729215,73,19
HCP_1967,British Columbia,Ophthalmology,2.0639784108687027,536,332,109,0.32831325301204817,0.6716867469879518,0.21106161574938248,0.05807991819311956,4,5
HCP_1968,British Columbia,Ophthalmology,2.0639784108687027,545,307,55,0.1791530944625407,0.8208469055374593,-0.18209052945514925,0.09668343282320999,22,74
HCP_1969,British Columbia,Ophthalmology,2.0639784108687027,537,327,168,0.5137614678899083,0.4862385321100917,0.05276967907405048,0.2791175235289693,78,98
HCP_1970,British Columbia,Ophthalmology,2.0639784108687027,855,649,292,0.44992295839753466,0.5500770416024654,0.12498843135848516,0.33080108572729067,81,3
HCP_1971,British Columbia,Ophthalmology,2.0639784108687027,707,338,199,0.5887573964497042,0.41124260355029585,0.07321382899901553,0.39587122245444095,24,92
HCP_1972,British Columbia,Ophthalmology,2.0639784108687027,205,84,11,0.13095238095238096,0.8690476190476191,0.2071838203320241,0.17122722608797303,7,9
HCP_1973,British Columbia,Obstetrics/Gynecology,1.957941220469642,704,524,91,0.1736641221374046,0.8263358778625954,0.04107856042897709,0.2597827277913856,94,50
HCP_1974,British Columbia,Obstetrics/Gynecology,1.957941220469642,599,378,63,0.16666666666666666,0.8333333333333334,0.027853826937686586,0.3780007383852927,20,92
HCP_1975,British Columbia,Obstetrics/Gynecology,1.957941220469642,556,420,204,0.4857142857142857,0.5142857142857142,0.1210795456416012,0.10846462346835342,1,37
HCP_1976,British Columbia,Obstetrics/Gynecology,1.957941220469642,489,312,48,0.15384615384615385,0.8461538461538461,0.06191765779416196,0.30117595521995993,21,0
HCP_1977,British Columbia,Obstetrics/Gynecology,1.957941220469642,830,601,52,0.08652246256239601,0.913477537437604,0.0031509514063434857,0.3142425566022071,71,7
HCP_1978,British Columbia,Obstetrics/Gynecology,1.957941220469642,780,446,267,0.5986547085201793,0.4013452914798207,0.11193728475036556,0.08114143755426843,86,80
HCP_1979,British Columbia,Obstetrics/Gynecology,1.957941220469642,427,299,19,0.06354515050167224,0.9364548494983278,-0.02830339518599742,0.35143728481407277,95,82
HCP_1980,British Columbia,Obstetrics/Gynecology,1.957941220469642,645,494,252,0.5101214574898786,0.4898785425101214,-0.02334125824231925,0.3345867664887954,71,62
HCP_1981,British Columbia,Obstetrics/Gynecology,1.957941220469642,398,250,63,0.252,0.748,-0.013359282611873621,0.06169105230210206,67,32
HCP_1982,British Columbia,Obstetrics/Gynecology,1.957941220469642,345,163,84,0.5153374233128835,0.48466257668711654,0.21236829921996886,0.08187954520801802,63,14
HCP_1983,British Columbia,Obstetrics/Gynecology,1.957941220469642,449,228,81,0.35526315789473684,0.6447368421052632,-0.3365219627182856,0.06719441286214832,93,30
HCP_1984,British Columbia,Obstetrics/Gynecology,1.957941220469642,757,363,198,0.5454545454545454,0.4545454545454546,0.09747186017155307,0.1671602361297768,18,20
HCP_1985,British Columbia,Obstetrics/Gynecology,1.957941220469642,781,390,218,0.558974358974359,0.441025641025641,0.05411261770402667,0.2282511467379742,86,2
HCP_1986,British Columbia,Obstetrics/Gynecology,1.957941220469642,670,350,19,0.054285714285714284,0.9457142857142857,-0.15170445510857444,0.23632170478412012,81,65
HCP_1987,British Columbia,Obstetrics/Gynecology,1.957941220469642,721,449,41,0.09131403118040089,0.9086859688195991,0.08716721349632027,0.14368336591930495,52,34
HCP_1988,British Columbia,Obstetrics/Gynecology,1.957941220469642,671,426,80,0.18779342723004694,0.812206572769953,0.10709023901978384,0.369058910296096,92,40
HCP_1989,British Columbia,Obstetrics/Gynecology,1.957941220469642,447,255,107,0.4196078431372549,0.580392156862745,0.12075670776288801,0.17889197645516963,86,58
HCP_1990,British Columbia,Obstetrics/Gynecology,1.957941220469642,651,421,227,0.5391923990498813,0.46080760095011875,-0.2682193675653939,0.06594255458787338,96,15
HCP_1991,British Columbia,Obstetrics/Gynecology,1.957941220469642,741,321,97,0.30218068535825543,0.6978193146417446,0.2139667294225326,0.15507948903948526,51,55
HCP_1992,British Columbia,Obstetrics/Gynecology,1.957941220469642,729,317,122,0.38485804416403785,0.6151419558359621,-0.0385284045621809,0.23588829789045446,46,44
HCP_1993,British Columbia,Obstetrics/Gynecology,1.957941220469642,849,398,61,0.15326633165829145,0.8467336683417086,0.13238812961038113,0.19287763790588125,81,58
HCP_1994,British Columbia,Obstetrics/Gynecology,1.957941220469642,717,435,214,0.49195402298850577,0.5080459770114942,0.13892885368187433,0.14584488168474072,53,49
HCP_1995,British Columbia,Obstetrics/Gynecology,1.957941220469642,633,307,179,0.5830618892508144,0.41693811074918563,-0.05520365027431515,0.09596313741751111,43,84
HCP_1996,British Columbia,Obstetrics/Gynecology,1.957941220469642,814,418,83,0.19856459330143542,0.8014354066985646,0.12925519428218604,0.33670757503368043,96,11
HCP_1997,British Columbia,Obstetrics/Gynecology,1.957941220469642,555,311,100,0.3215434083601286,0.6784565916398714,0.003740811090517021,0.3986508347434672,6,91
HCP_1998,British Columbia,Obstetrics/Gynecology,1.957941220469642,411,298,29,0.09731543624161074,0.9026845637583892,-0.19856526152057885,0.16533974673335872,91,11
HCP_1999,British Columbia,Obstetrics/Gynecology,1.957941220469642,529,215,77,0.3581395348837209,0.6418604651162791,0.19012903106333345,0.1835673654618114,0,32
HCP_2000,British Columbia,Obstetrics/Gynecology,1.957941220469642,431,284,93,0.3274647887323944,0.6725352112676056,-0.04300539556194877,0.266313133636935,62,83
