HCP_ID,Province,Specialty,Market_Intensity,Patient_Volume,Category_TRx,Target_TRx,Target_Share,Competitor_Share,Category_Growth,New_Patient_Share,Field_Engagement,Digital_Engagement,Field_Engagement_Level,Digital_Engagement_Level,Business_Segment,KMeans_Cluster,Opportunity_Score,Priority_Tier,Recommended_Engagement_Strategy
HCP_0001,Newfoundland and Labrador,Internal Medicine,0.404681032415471,303,171,71,0.4152046783625731,0.5847953216374269,0.0279025021180157,0.1652737334874841,86,97,High,High,Core / Maintenance,2,-0.7380006361097435,Low Priority,Maintain efficiently
HCP_0002,Newfoundland and Labrador,Internal Medicine,0.404681032415471,242,103,50,0.4854368932038835,0.5145631067961165,-0.085621447538162,0.098381230374868,35,38,Medium,Medium,Core / Maintenance,2,-1.0289375715149909,Low Priority,Maintain efficiently
HCP_0003,Newfoundland and Labrador,Internal Medicine,0.404681032415471,319,172,97,0.563953488372093,0.436046511627907,0.0827612860993262,0.1896641582169064,2,18,Low,Low,Core / Maintenance,4,-0.9189834038011736,Low Priority,Maintain efficiently
HCP_0004,Newfoundland and Labrador,Internal Medicine,0.404681032415471,434,193,12,0.0621761658031088,0.9378238341968912,-0.1989568045055642,0.3929700514738331,97,30,High,Low,Core / Maintenance,3,0.3926033580500431,Medium Priority,Maintain efficiently
HCP_0005,Newfoundland and Labrador,Internal Medicine,0.404681032415471,234,169,23,0.136094674556213,0.863905325443787,0.0389651860874881,0.1290584945267515,18,76,Low,High,Core / Maintenance,2,-0.33464804554002725,Low Priority,Maintain efficiently
HCP_0006,Newfoundland and Labrador,Cardiology,0.4812710250285086,256,199,107,0.5376884422110553,0.4623115577889447,0.0519230338754192,0.2642555306301302,27,23,Low,Low,Core / Maintenance,4,-0.8559389687030157,Low Priority,Maintain efficiently
HCP_0007,Newfoundland and Labrador,Gastroenterology,0.3365264743427081,403,173,52,0.3005780346820809,0.699421965317919,0.1453520459534253,0.2015405674438972,22,68,Low,High,Core / Maintenance,0,-0.24944926424635394,Low Priority,Maintain efficiently
HCP_0008,Newfoundland and Labrador,Neurology,0.6988703840983378,437,342,123,0.3596491228070175,0.6403508771929824,0.1668346699313416,0.0748585986772643,6,86,Low,High,Core / Maintenance,0,-0.49158646458159927,Low Priority,Maintain efficiently
HCP_0009,Newfoundland and Labrador,Psychiatry,0.2150064436543791,157,96,40,0.4166666666666667,0.5833333333333333,-0.010428354268926,0.2207568120993208,75,82,High,High,Core / Maintenance,4,-0.7978764240339439,Low Priority,Maintain efficiently
HCP_0010,Newfoundland and Labrador,Psychiatry,0.2150064436543791,224,116,49,0.4224137931034483,0.5775862068965517,0.031926318244408,0.2957575150269094,13,64,Low,Medium,Core / Maintenance,4,-0.6316608899378816,Low Priority,Maintain efficiently
HCP_0011,Newfoundland and Labrador,Psychiatry,0.2150064436543791,158,68,38,0.5588235294117647,0.4411764705882353,-0.0419344996732805,0.2296269915397366,45,32,Medium,Low,Core / Maintenance,4,-1.0505200099809682,Low Priority,Maintain efficiently
HCP_0012,Newfoundland and Labrador,Psychiatry,0.2150064436543791,158,95,57,0.6,0.4,-0.0853675065769232,0.3552371223113034,14,58,Low,Medium,Core / Maintenance,4,-0.9392994272657601,Low Priority,Maintain efficiently
HCP_0013,Newfoundland and Labrador,Psychiatry,0.2150064436543791,202,145,65,0.4482758620689655,0.5517241379310345,0.0871873735256761,0.1511279558301539,66,32,Medium,Low,Core / Maintenance,0,-0.8667400826877292,Low Priority,Maintain efficiently
HCP_0014,Newfoundland and Labrador,Psychiatry,0.2150064436543791,95,65,14,0.2153846153846154,0.7846153846153846,-0.1028302658315919,0.0801872099563877,14,31,Low,Low,Core / Maintenance,2,-0.6905557155563573,Low Priority,Maintain efficiently
HCP_0015,Newfoundland and Labrador,Pediatrics,0.4361244562034001,144,60,32,0.5333333333333333,0.4666666666666667,0.0002447719313764,0.3777979640803021,50,58,Medium,Medium,Core / Maintenance,4,-0.7937246264780687,Low Priority,Maintain efficiently
HCP_0016,Newfoundland and Labrador,Pediatrics,0.4361244562034001,217,93,7,0.075268817204301,0.9247311827956988,-0.0694208751879084,0.1823687223348766,87,91,High,High,Core / Maintenance,2,-0.15677184608481243,Low Priority,Maintain efficiently
HCP_0017,Newfoundland and Labrador,Pediatrics,0.4361244562034001,185,104,18,0.173076923076923,0.8269230769230769,0.1159619823548311,0.2517419430087717,7,100,Low,High,Core / Maintenance,3,-0.18022432103044558,Low Priority,Maintain efficiently
HCP_0018,Newfoundland and Labrador,Pediatrics,0.4361244562034001,295,153,83,0.5424836601307189,0.4575163398692811,0.2661716119119786,0.3272010941455686,68,40,High,Medium,Core / Maintenance,4,-0.4714340820255586,Low Priority,Maintain efficiently
HCP_0019,Newfoundland and Labrador,Dermatology,0.9121682289219464,278,137,26,0.1897810218978102,0.8102189781021898,-0.1061905579363997,0.1635097823564532,61,11,Medium,Low,Core / Maintenance,2,-0.3414269045850177,Low Priority,Maintain efficiently
HCP_0020,Newfoundland and Labrador,General Surgery,0.4822892774579868,169,87,15,0.1724137931034483,0.8275862068965517,-0.1723622179477082,0.3006575883621639,50,72,Medium,High,Core / Maintenance,3,-0.2077903183206805,Low Priority,Maintain efficiently
HCP_0021,Newfoundland and Labrador,General Surgery,0.4822892774579868,464,335,42,0.1253731343283582,0.8746268656716418,0.0350135737579919,0.0973965974362398,62,10,Medium,Low,Core / Maintenance,2,-0.14084883693413675,Low Priority,Maintain efficiently
HCP_0022,Newfoundland and Labrador,General Surgery,0.4822892774579868,257,198,103,0.5202020202020202,0.4797979797979798,0.051883735514931,0.1519528115219268,67,96,High,High,Core / Maintenance,4,-0.990753322383106,Low Priority,Maintain efficiently
HCP_0023,Newfoundland and Labrador,General Surgery,0.4822892774579868,284,160,52,0.325,0.675,0.0762391168108757,0.1006487226477819,77,18,High,Low,Core / Maintenance,0,-0.6455443712464373,Low Priority,Maintain efficiently
HCP_0024,Newfoundland and Labrador,General Surgery,0.4822892774579868,169,129,54,0.4186046511627907,0.5813953488372092,-0.0035584618281213,0.3339306954404752,15,53,Low,Medium,Core / Maintenance,4,-0.620106031290331,Low Priority,Maintain efficiently
HCP_0025,Newfoundland and Labrador,Urology,0.6509447500333366,267,141,26,0.1843971631205673,0.8156028368794326,0.0259232841409481,0.1279272323293749,83,56,High,Medium,Core / Maintenance,2,-0.3953044548625409,Low Priority,Maintain efficiently
HCP_0026,Newfoundland and Labrador,Orthopedic Surgery,0.6551268910478969,337,199,93,0.4673366834170854,0.5326633165829145,0.0941012492648722,0.3010912443918236,23,41,Low,Medium,Core / Maintenance,4,-0.5391723323609126,Low Priority,Maintain efficiently
HCP_0027,Newfoundland and Labrador,Orthopedic Surgery,0.6551268910478969,216,106,50,0.4716981132075472,0.5283018867924528,0.1748517071173806,0.3801544390359784,5,97,Low,High,Core / Maintenance,4,-0.4464884924585324,Low Priority,Maintain efficiently
HCP_0028,Newfoundland and Labrador,Ophthalmology,0.5527655914309045,339,222,49,0.2207207207207207,0.7792792792792793,-0.1846058524381939,0.2347202731741069,56,70,Medium,High,Core / Maintenance,2,-0.2339730202524764,Low Priority,Maintain efficiently
HCP_0029,Newfoundland and Labrador,Obstetrics/Gynecology,0.6662353864896803,265,210,58,0.2761904761904762,0.7238095238095238,0.0057272673162245,0.2390102172912407,30,30,Low,Low,Core / Maintenance,3,-0.40285192257992297,Low Priority,Maintain efficiently
HCP_0030,Newfoundland and Labrador,Obstetrics/Gynecology,0.6662353864896803,295,189,31,0.164021164021164,0.835978835978836,0.0756570552729276,0.2113617488342342,5,51,Low,Medium,Core / Maintenance,3,-0.16724112033855795,Low Priority,Maintain efficiently
HCP_0031,Newfoundland and Labrador,Obstetrics/Gynecology,0.6662353864896803,264,143,84,0.5874125874125874,0.4125874125874126,-0.0601571325532883,0.1640615501877749,98,1,High,Low,Core / Maintenance,4,-1.1006703688581816,Low Priority,Maintain efficiently
HCP_0032,Newfoundland and Labrador,Obstetrics/Gynecology,0.6662353864896803,624,411,166,0.4038929440389294,0.5961070559610706,0.2577403558120759,0.216479260823721,78,82,High,High,Core / Maintenance,0,-0.07129161224667999,Low Priority,Maintain efficiently
HCP_0033,Prince Edward Island,Internal Medicine,0.0397224820633718,79,35,20,0.5714285714285714,0.4285714285714286,-0.0262491856274484,0.2609826362933658,28,37,Low,Medium,Core / Maintenance,4,-1.1030986542739303,Low Priority,Maintain efficiently
HCP_0034,Prince Edward Island,Psychiatry,0.3817615754515179,171,129,28,0.2170542635658914,0.7829457364341086,0.045044877559126,0.3950970502597308,66,31,Medium,Low,Core / Maintenance,3,-0.1476575629941172,Low Priority,Maintain efficiently
HCP_0035,Prince Edward Island,Pediatrics,0.0882053892938238,158,95,46,0.4842105263157895,0.5157894736842106,0.1167226516210749,0.3782175957613785,74,9,High,Low,Core / Maintenance,4,-0.5996235921748234,Low Priority,Maintain efficiently
HCP_0036,Prince Edward Island,General Surgery,0.3799612277778313,161,93,44,0.4731182795698925,0.5268817204301075,-0.0209541746562273,0.3517535354025926,2,7,Low,Low,Core / Maintenance,4,-0.7034051867503315,Low Priority,Maintain efficiently
HCP_0037,Prince Edward Island,Orthopedic Surgery,0.5935453892995415,332,211,91,0.4312796208530806,0.5687203791469194,-0.17158876573653,0.3611956874967004,27,89,Low,High,Core / Maintenance,4,-0.44622434763088337,Low Priority,Maintain efficiently
HCP_0038,Prince Edward Island,Obstetrics/Gynecology,0.035035792968041,38,25,15,0.6,0.4,-0.0014385432299839,0.213747214152215,73,93,High,High,Core / Maintenance,4,-1.2670733579183304,Low Priority,Maintain efficiently
HCP_0039,Nova Scotia,Internal Medicine,0.2396583639010528,123,53,14,0.2641509433962264,0.7358490566037736,0.1735328667112448,0.2801055145121127,96,74,High,High,Core / Maintenance,3,-0.29800704614297957,Low Priority,Maintain efficiently
HCP_0040,Nova Scotia,Internal Medicine,0.2396583639010528,210,141,17,0.1205673758865248,0.8794326241134752,0.0095725847857833,0.363273353027675,47,19,Medium,Low,Emerging Opportunity,3,0.022971561030851573,Medium Priority,Develop engagement
HCP_0041,Nova Scotia,Internal Medicine,0.2396583639010528,254,126,53,0.4206349206349206,0.5793650793650793,-0.0515721161750774,0.1875327677469735,79,19,High,Low,Core / Maintenance,2,-0.761910191674428,Low Priority,Maintain efficiently
HCP_0042,Nova Scotia,Internal Medicine,0.2396583639010528,208,143,65,0.4545454545454545,0.5454545454545454,0.1610806651403266,0.3866168674209141,9,8,Low,Low,Core / Maintenance,4,-0.4290855228461581,Low Priority,Maintain efficiently
HCP_0043,Nova Scotia,Internal Medicine,0.2396583639010528,188,137,50,0.364963503649635,0.635036496350365,0.0103070124772336,0.195525121724214,32,71,Low,High,Core / Maintenance,2,-0.7088555380614948,Low Priority,Maintain efficiently
HCP_0044,Nova Scotia,Internal Medicine,0.2396583639010528,176,127,21,0.1653543307086614,0.8346456692913385,-0.011219297638026,0.2603789328876255,99,14,High,Low,Core / Maintenance,3,-0.24825972406414562,Low Priority,Maintain efficiently
HCP_0045,Nova Scotia,Internal Medicine,0.2396583639010528,117,73,24,0.3287671232876712,0.6712328767123288,0.0679347307595971,0.2984316496453302,66,97,Medium,High,Core / Maintenance,3,-0.5264953159371137,Low Priority,Maintain efficiently
HCP_0046,Nova Scotia,Cardiology,0.1446910890951373,118,72,16,0.2222222222222222,0.7777777777777778,0.1424900251542545,0.3827072045765784,68,87,High,High,Core / Maintenance,3,-0.1079808136994321,Low Priority,Maintain efficiently
HCP_0047,Nova Scotia,Cardiology,0.1446910890951373,129,59,17,0.288135593220339,0.711864406779661,0.3358056238079055,0.1356156959182931,11,96,Low,High,Core / Maintenance,0,-0.35606468521919543,Low Priority,Maintain efficiently
HCP_0048,Nova Scotia,Cardiology,0.1446910890951373,220,156,63,0.4038461538461538,0.5961538461538461,0.1492683329188907,0.3111458423835248,56,62,Medium,Medium,Core / Maintenance,4,-0.4500475723819366,Low Priority,Maintain efficiently
HCP_0049,Nova Scotia,Cardiology,0.1446910890951373,172,87,40,0.4597701149425287,0.5402298850574713,0.1891807959666013,0.2322854551504288,43,90,Medium,High,Core / Maintenance,0,-0.670860545688063,Low Priority,Maintain efficiently
HCP_0050,Nova Scotia,Gastroenterology,0.1160192145149872,74,44,8,0.1818181818181818,0.8181818181818181,-0.0107159438785426,0.1439949992172244,12,20,Low,Low,Core / Maintenance,2,-0.5519532679243746,Low Priority,Maintain efficiently
HCP_0051,Nova Scotia,Gastroenterology,0.1160192145149872,153,79,22,0.2784810126582278,0.7215189873417722,-0.0731041727163371,0.3218123939287367,23,4,Low,Low,Core / Maintenance,3,-0.3905808922406924,Low Priority,Maintain efficiently
HCP_0052,Nova Scotia,Neurology,0.3941612802860897,219,99,20,0.202020202020202,0.797979797979798,0.0574797619542947,0.2432777980608463,43,34,Medium,Medium,Core / Maintenance,3,-0.28596245881354654,Low Priority,Maintain efficiently
HCP_0053,Nova Scotia,Neurology,0.3941612802860897,198,129,21,0.1627906976744186,0.8372093023255813,0.0628603898311515,0.2813408372273865,56,84,Medium,High,Core / Maintenance,3,-0.16880061382462813,Low Priority,Maintain efficiently
HCP_0054,Nova Scotia,Psychiatry,0.1248817077368397,175,74,36,0.4864864864864865,0.5135135135135135,-0.0794215289637516,0.1630153740022653,95,67,High,High,Core / Maintenance,2,-0.9983293657630192,Low Priority,Maintain efficiently
HCP_0055,Nova Scotia,Psychiatry,0.1248817077368397,203,142,78,0.5492957746478874,0.4507042253521126,0.0289646564115184,0.2184458831396618,15,47,Low,Medium,Core / Maintenance,4,-1.0061361544616676,Low Priority,Maintain efficiently
HCP_0056,Nova Scotia,Psychiatry,0.1248817077368397,196,103,26,0.2524271844660194,0.7475728155339806,0.0979181122062957,0.2660739878458235,95,79,High,High,Core / Maintenance,3,-0.31915023929653547,Low Priority,Maintain efficiently
HCP_0057,Nova Scotia,Psychiatry,0.1248817077368397,105,42,19,0.4523809523809524,0.5476190476190477,0.0932472074021696,0.1917187849944454,100,94,High,High,Core / Maintenance,0,-0.8994109467649359,Low Priority,Maintain efficiently
HCP_0058,Nova Scotia,Psychiatry,0.1248817077368397,127,77,42,0.5454545454545454,0.4545454545454546,0.1105145424061126,0.1194303889466954,99,89,High,High,Core / Maintenance,0,-1.1404360772635802,Low Priority,Maintain efficiently
HCP_0059,Nova Scotia,Psychiatry,0.1248817077368397,159,67,35,0.5223880597014925,0.4776119402985075,0.0849157676164931,0.3865741723103564,20,61,Low,Medium,Core / Maintenance,4,-0.6966278790457772,Low Priority,Maintain efficiently
HCP_0060,Nova Scotia,Psychiatry,0.1248817077368397,199,102,15,0.1470588235294117,0.8529411764705882,-0.0108410391124066,0.2290136390149161,75,34,High,Medium,Core / Maintenance,3,-0.23886615861866617,Low Priority,Maintain efficiently
HCP_0061,Nova Scotia,Psychiatry,0.1248817077368397,120,82,47,0.573170731707317,0.426829268292683,-0.0116680751978611,0.3068721296006952,50,69,Medium,High,Core / Maintenance,4,-0.998062051588878,Low Priority,Maintain efficiently
HCP_0062,Nova Scotia,Psychiatry,0.1248817077368397,132,56,14,0.25,0.75,-0.0938741677592651,0.1938665177446203,20,96,Low,High,Core / Maintenance,2,-0.549340496018021,Low Priority,Maintain efficiently
HCP_0063,Nova Scotia,Psychiatry,0.1248817077368397,96,71,17,0.2394366197183098,0.7605633802816901,0.2641730047022114,0.1742961174090007,59,20,Medium,Low,Core / Maintenance,0,-0.32574304664553144,Low Priority,Maintain efficiently
HCP_0064,Nova Scotia,Psychiatry,0.1248817077368397,93,37,3,0.081081081081081,0.9189189189189187,0.0516140437543151,0.1925075044634937,50,79,Medium,High,Core / Maintenance,3,-0.2634208300299679,Low Priority,Maintain efficiently
HCP_0065,Nova Scotia,Psychiatry,0.1248817077368397,188,94,30,0.3191489361702128,0.6808510638297872,0.0230176333046177,0.1932188253249774,20,38,Low,Medium,Core / Maintenance,2,-0.6262940452532849,Low Priority,Maintain efficiently
HCP_0066,Nova Scotia,Psychiatry,0.1248817077368397,227,158,17,0.1075949367088607,0.8924050632911392,-0.061455049774295,0.2404630405796837,5,33,Low,Medium,Core / Maintenance,3,-0.12065465461412744,Low Priority,Maintain efficiently
HCP_0067,Nova Scotia,Psychiatry,0.1248817077368397,138,73,14,0.1917808219178082,0.8082191780821918,0.4022789482793333,0.2402144544934771,72,14,High,Low,Core / Maintenance,0,0.07164894592324378,Medium Priority,Maintain efficiently
HCP_0068,Nova Scotia,Psychiatry,0.1248817077368397,201,89,20,0.2247191011235955,0.7752808988764045,-0.0787993638667474,0.2240038355590051,64,5,Medium,Low,Core / Maintenance,2,-0.39028007289221894,Low Priority,Maintain efficiently
HCP_0069,Nova Scotia,Pediatrics,0.2648249486139601,234,127,63,0.4960629921259842,0.5039370078740157,-0.0014617510727287,0.0971750247211033,75,65,High,Medium,Core / Maintenance,2,-1.058393593686117,Low Priority,Maintain efficiently
HCP_0070,Nova Scotia,Pediatrics,0.2648249486139601,164,83,44,0.5301204819277109,0.4698795180722891,0.0999004203543272,0.2236264174751859,57,87,Medium,High,Core / Maintenance,4,-0.9326240748755483,Low Priority,Maintain efficiently
HCP_0071,Nova Scotia,Pediatrics,0.2648249486139601,234,172,37,0.2151162790697674,0.7848837209302326,0.1220255558893133,0.109186365147228,77,55,High,Medium,Core / Maintenance,0,-0.41860351914409494,Low Priority,Maintain efficiently
HCP_0072,Nova Scotia,Pediatrics,0.2648249486139601,353,185,97,0.5243243243243243,0.4756756756756757,0.164951846625882,0.0941475252035178,5,48,Low,Medium,Core / Maintenance,0,-0.8549160776792278,Low Priority,Maintain efficiently
HCP_0073,Nova Scotia,Pediatrics,0.2648249486139601,203,145,76,0.5241379310344828,0.4758620689655172,0.2669130209323115,0.3764260010694087,64,91,Medium,High,Core / Maintenance,4,-0.4506745615152588,Low Priority,Maintain efficiently
HCP_0074,Nova Scotia,Pediatrics,0.2648249486139601,356,269,127,0.4721189591078067,0.5278810408921932,0.1107389186552854,0.2617325046016965,85,0,High,Low,Core / Maintenance,4,-0.5686461967613325,Low Priority,Maintain efficiently
HCP_0075,Nova Scotia,Pediatrics,0.2648249486139601,82,47,6,0.1276595744680851,0.8723404255319149,-0.0767236959960001,0.2808215203436045,33,64,Medium,Medium,Core / Maintenance,3,-0.23719910016696344,Low Priority,Maintain efficiently
HCP_0076,Nova Scotia,Dermatology,0.5363103623163641,391,299,128,0.4280936454849498,0.5719063545150502,0.0191665849853862,0.1906277846166773,55,27,Medium,Low,Core / Maintenance,4,-0.6395165307248151,Low Priority,Maintain efficiently
HCP_0077,Nova Scotia,Dermatology,0.5363103623163641,302,166,95,0.572289156626506,0.4277108433734939,0.0869398847016661,0.3681433121702024,74,99,High,High,Core / Maintenance,4,-0.6779939991441589,Low Priority,Maintain efficiently
HCP_0078,Nova Scotia,General Surgery,0.7172241063190541,305,240,102,0.425,0.575,0.2981871249806988,0.2732756713528829,2,19,Low,Low,Core / Maintenance,0,-0.2830850413401945,Low Priority,Maintain efficiently
HCP_0079,Nova Scotia,General Surgery,0.7172241063190541,350,153,36,0.2352941176470588,0.7647058823529411,-0.1177366574109156,0.3192094543332556,41,47,Medium,Medium,Core / Maintenance,3,-0.1239434740576939,Low Priority,Maintain efficiently
HCP_0080,Nova Scotia,General Surgery,0.7172241063190541,169,114,37,0.3245614035087719,0.6754385964912281,0.1943091806270273,0.1789968641596998,61,71,Medium,High,Core / Maintenance,0,-0.4935964769809238,Low Priority,Maintain efficiently
HCP_0081,Nova Scotia,General Surgery,0.7172241063190541,314,188,76,0.4042553191489361,0.5957446808510638,0.07158972434557,0.3860041582866939,5,64,Low,Medium,Core / Maintenance,4,-0.34287595714729163,Low Priority,Maintain efficiently
HCP_0082,Nova Scotia,General Surgery,0.7172241063190541,384,213,70,0.3286384976525822,0.6713615023474178,0.1505396642275376,0.3371614515554103,5,89,Low,High,Core / Maintenance,3,-0.11051590512078738,Low Priority,Maintain efficiently
HCP_0083,Nova Scotia,Urology,0.7412390624513446,578,377,44,0.1167108753315649,0.883289124668435,0.0377606340036881,0.3488819620550903,62,50,Medium,Medium,Emerging Opportunity,3,0.3625176170194121,Medium Priority,Develop engagement
HCP_0084,Nova Scotia,Urology,0.7412390624513446,287,196,43,0.2193877551020408,0.7806122448979592,-0.0510919156151591,0.110267993599014,19,42,Low,Medium,Core / Maintenance,2,-0.4682757935897376,Low Priority,Maintain efficiently
HCP_0085,Nova Scotia,Orthopedic Surgery,0.637043603328462,241,97,48,0.4948453608247423,0.5051546391752577,0.1401047335281598,0.1448371227549268,20,48,Low,Medium,Core / Maintenance,0,-0.861522743284592,Low Priority,Maintain efficiently
HCP_0086,Nova Scotia,Orthopedic Surgery,0.637043603328462,268,125,65,0.52,0.48,0.1285317232526745,0.149969309889252,1,24,Low,Low,Core / Maintenance,0,-0.889211606301496,Low Priority,Maintain efficiently
HCP_0087,Nova Scotia,Orthopedic Surgery,0.637043603328462,440,301,38,0.1262458471760797,0.8737541528239203,0.1666468358887666,0.1448182281364049,89,73,High,High,Core / Maintenance,0,0.05432224078126294,Medium Priority,Maintain efficiently
HCP_0088,Nova Scotia,Orthopedic Surgery,0.637043603328462,358,239,137,0.5732217573221757,0.4267782426778242,0.0484034437545637,0.3493928567365008,94,75,High,High,Core / Maintenance,4,-0.701073177749731,Low Priority,Maintain efficiently
HCP_0089,Nova Scotia,Ophthalmology,0.8151921117585501,300,236,54,0.2288135593220339,0.771186440677966,-0.0219786427983819,0.0611596783230072,89,40,High,Medium,Core / Maintenance,2,-0.5471812624230226,Low Priority,Maintain efficiently
HCP_0090,Nova Scotia,Ophthalmology,0.8151921117585501,432,304,126,0.4144736842105263,0.5855263157894737,-0.137054439402861,0.076634996143271,55,70,Medium,High,Core / Maintenance,2,-0.7456114240037727,Low Priority,Maintain efficiently
HCP_0091,Nova Scotia,Ophthalmology,0.8151921117585501,374,292,135,0.4623287671232877,0.5376712328767124,0.1483247921767287,0.1458702047204663,95,63,High,Medium,Core / Maintenance,0,-0.6609777422377505,Low Priority,Maintain efficiently
HCP_0092,Nova Scotia,Ophthalmology,0.8151921117585501,507,345,171,0.4956521739130435,0.5043478260869565,0.1008667378932783,0.1199555411273052,9,60,Low,Medium,Core / Maintenance,0,-0.6924675404384995,Low Priority,Maintain efficiently
HCP_0093,Nova Scotia,Obstetrics/Gynecology,0.2772844240674396,165,86,49,0.5697674418604651,0.4302325581395348,-0.0658939159436751,0.1311508648589969,86,11,High,Low,Core / Maintenance,2,-1.2121449635407506,Low Priority,Maintain efficiently
HCP_0094,Nova Scotia,Obstetrics/Gynecology,0.2772844240674396,188,83,18,0.216867469879518,0.7831325301204819,-0.0146288407955949,0.329280116238655,69,80,High,High,Core / Maintenance,3,-0.23002478446963692,Low Priority,Maintain efficiently
HCP_0095,Nova Scotia,Obstetrics/Gynecology,0.2772844240674396,184,131,68,0.5190839694656488,0.4809160305343511,-0.0060110574341728,0.2470943078622164,22,68,Low,High,Core / Maintenance,4,-0.9246816781263718,Low Priority,Maintain efficiently
HCP_0096,Nova Scotia,Obstetrics/Gynecology,0.2772844240674396,126,83,10,0.1204819277108433,0.8795180722891567,-0.1279581318378901,0.0520197314525388,91,13,High,Low,Core / Maintenance,2,-0.5248282768460029,Low Priority,Maintain efficiently
HCP_0097,Nova Scotia,Obstetrics/Gynecology,0.2772844240674396,234,98,43,0.4387755102040816,0.5612244897959184,-0.048121887592616,0.2002629679964683,29,33,Low,Medium,Core / Maintenance,2,-0.7960981993355133,Low Priority,Maintain efficiently
HCP_0098,Nova Scotia,Obstetrics/Gynecology,0.2772844240674396,231,126,58,0.4603174603174603,0.5396825396825398,-0.0860596428167625,0.1927597243976256,77,47,High,Medium,Core / Maintenance,2,-0.8506932937352765,Low Priority,Maintain efficiently
HCP_0099,New Brunswick,Internal Medicine,0.4657319262693425,273,214,90,0.4205607476635514,0.5794392523364487,0.0005025185734476,0.0898808443055902,36,60,Medium,Medium,Core / Maintenance,2,-0.8900696809510553,Low Priority,Maintain efficiently
HCP_0100,New Brunswick,Internal Medicine,0.4657319262693425,251,151,29,0.1920529801324503,0.8079470198675497,-0.0386436997995475,0.28664962601051,54,80,Medium,High,Core / Maintenance,3,-0.1868314606638861,Low Priority,Maintain efficiently
HCP_0101,New Brunswick,Internal Medicine,0.4657319262693425,166,95,50,0.5263157894736842,0.4736842105263158,-0.1452405905040098,0.2957340159328219,95,34,High,Medium,Core / Maintenance,4,-0.8825650451408693,Low Priority,Maintain efficiently
HCP_0102,New Brunswick,Internal Medicine,0.4657319262693425,236,138,20,0.144927536231884,0.855072463768116,0.2927108276683378,0.3023126266682342,48,64,Medium,Medium,Core / Maintenance,3,0.2133305812152316,Medium Priority,Maintain efficiently
HCP_0103,New Brunswick,Internal Medicine,0.4657319262693425,242,117,9,0.0769230769230769,0.9230769230769232,0.2003048877235076,0.3049648309455072,33,58,Medium,Medium,Core / Maintenance,3,0.2379734501182817,Medium Priority,Maintain efficiently
HCP_0104,New Brunswick,Cardiology,0.6490718001942408,243,133,59,0.4436090225563909,0.5563909774436091,-0.0434823305823982,0.0500184894263038,43,35,Medium,Medium,Core / Maintenance,2,-1.0220285640749782,Low Priority,Maintain efficiently
HCP_0105,New Brunswick,Cardiology,0.6490718001942408,305,167,52,0.311377245508982,0.688622754491018,0.0826905675984331,0.3838722813463527,21,78,Low,High,Core / Maintenance,3,-0.16678946854630966,Low Priority,Maintain efficiently
HCP_0106,New Brunswick,Cardiology,0.6490718001942408,371,156,81,0.5192307692307693,0.4807692307692307,0.1000958107785554,0.3349730684691321,30,18,Low,Low,Core / Maintenance,4,-0.5457404197329877,Low Priority,Maintain efficiently
HCP_0107,New Brunswick,Gastroenterology,0.9882464288542132,769,544,142,0.2610294117647059,0.7389705882352942,0.1929303025728172,0.3663935938062498,6,41,Low,Medium,Core / Maintenance,3,0.482304606192163,Medium Priority,Maintain efficiently
HCP_0108,New Brunswick,Neurology,0.5084010438098067,303,172,25,0.1453488372093023,0.8546511627906976,-0.0482326031992094,0.0554751533576019,20,68,Low,High,Core / Maintenance,2,-0.39611190219842923,Low Priority,Maintain efficiently
HCP_0109,New Brunswick,Neurology,0.5084010438098067,312,227,116,0.5110132158590308,0.4889867841409692,0.1810528140778911,0.3768505785250088,15,18,Low,Low,Core / Maintenance,4,-0.42537427428714025,Low Priority,Maintain efficiently
HCP_0110,New Brunswick,Psychiatry,0.3636765436798075,235,174,61,0.3505747126436782,0.6494252873563218,-0.0157486365048322,0.3334259850408366,19,38,Low,Medium,Core / Maintenance,4,-0.42965580253882696,Low Priority,Maintain efficiently
HCP_0111,New Brunswick,Psychiatry,0.3636765436798075,123,60,9,0.15,0.85,-0.1103034885002336,0.3430267000355445,42,68,Medium,High,Core / Maintenance,3,-0.1463494689200736,Low Priority,Maintain efficiently
HCP_0112,New Brunswick,Psychiatry,0.3636765436798075,239,158,71,0.4493670886075949,0.5506329113924051,0.1368963871177396,0.0826505846526889,43,51,Medium,Medium,Core / Maintenance,0,-0.8753098818004212,Low Priority,Maintain efficiently
HCP_0113,New Brunswick,Psychiatry,0.3636765436798075,246,145,48,0.3310344827586207,0.6689655172413793,0.2048910108946913,0.3085723101215092,46,11,Medium,Low,Core / Maintenance,3,-0.22429604695215344,Low Priority,Maintain efficiently
HCP_0114,New Brunswick,Psychiatry,0.3636765436798075,571,429,164,0.3822843822843823,0.6177156177156178,0.3605490768236821,0.3859708413747318,18,82,Low,High,Core / Maintenance,4,0.29820450422658584,Medium Priority,Maintain efficiently
HCP_0115,New Brunswick,Psychiatry,0.3636765436798075,226,110,33,0.3,0.7,-0.0939670318108256,0.2874915694963562,47,46,Medium,Medium,Core / Maintenance,3,-0.41229559803335336,Low Priority,Maintain efficiently
HCP_0116,New Brunswick,Psychiatry,0.3636765436798075,268,180,91,0.5055555555555555,0.4944444444444444,0.1338703622096946,0.2496964916186123,95,75,High,High,Core / Maintenance,4,-0.7058876016307778,Low Priority,Maintain efficiently
HCP_0117,New Brunswick,Pediatrics,0.569938076838692,298,192,97,0.5052083333333334,0.4947916666666666,0.000823850744776,0.380970387212149,78,35,High,Medium,Core / Maintenance,4,-0.5880525475918015,Low Priority,Maintain efficiently
HCP_0118,New Brunswick,Pediatrics,0.569938076838692,201,104,46,0.4423076923076923,0.5576923076923077,0.1440030452628837,0.2050279926070526,68,62,High,Medium,Core / Maintenance,0,-0.7062418393508728,Low Priority,Maintain efficiently
HCP_0119,New Brunswick,Pediatrics,0.569938076838692,450,205,22,0.1073170731707317,0.8926829268292683,-0.12645874614775,0.2597527482086675,10,75,Low,High,Core / Maintenance,3,0.12327924127922349,Medium Priority,Maintain efficiently
HCP_0120,New Brunswick,Pediatrics,0.569938076838692,393,260,133,0.5115384615384615,0.4884615384615385,-0.1015323730838276,0.2167184027230281,78,81,High,High,Core / Maintenance,4,-0.7551114004687097,Low Priority,Maintain efficiently
HCP_0121,New Brunswick,Pediatrics,0.569938076838692,398,277,116,0.4187725631768953,0.5812274368231047,-0.043104978779978,0.3764961774761047,28,50,Low,Medium,Core / Maintenance,4,-0.33630306536047355,Low Priority,Maintain efficiently
HCP_0122,New Brunswick,Dermatology,0.8280815046853209,265,139,60,0.4316546762589928,0.5683453237410072,0.0594756854801701,0.0766296543679275,44,42,Medium,Medium,Core / Maintenance,0,-0.9205893793629241,Low Priority,Maintain efficiently
HCP_0123,New Brunswick,General Surgery,0.7636248983815582,571,376,94,0.25,0.75,-0.0269297519846026,0.2253918952888718,67,33,High,Medium,Core / Maintenance,2,-0.07983584900764731,Low Priority,Maintain efficiently
HCP_0124,New Brunswick,General Surgery,0.7636248983815582,214,119,63,0.5294117647058824,0.4705882352941176,0.1290865212696103,0.2904333544849034,35,96,Medium,High,Core / Maintenance,4,-0.7473079907802962,Low Priority,Maintain efficiently
HCP_0125,New Brunswick,General Surgery,0.7636248983815582,429,294,132,0.4489795918367347,0.5510204081632653,0.1732273541909497,0.3271672884477829,47,48,Medium,Medium,Core / Maintenance,4,-0.2805032187749086,Low Priority,Maintain efficiently
HCP_0126,New Brunswick,General Surgery,0.7636248983815582,752,361,40,0.1108033240997229,0.889196675900277,0.1219493049494427,0.2540565266054477,86,17,High,Low,Core / Maintenance,3,0.49276960960949345,High Priority,Field-led opportunity development
HCP_0127,New Brunswick,Urology,0.5408313817759403,208,157,43,0.2738853503184713,0.7261146496815287,0.2442545167593041,0.3681212104425089,14,60,Low,Medium,Core / Maintenance,3,-0.016105846188944145,Low Priority,Maintain efficiently
HCP_0128,New Brunswick,Urology,0.5408313817759403,241,124,67,0.5403225806451613,0.4596774193548387,0.0998991955346411,0.3796970064093551,43,56,Medium,Medium,Core / Maintenance,4,-0.6434756647002139,Low Priority,Maintain efficiently
HCP_0129,New Brunswick,Orthopedic Surgery,1.012103355149148,417,228,17,0.0745614035087719,0.925438596491228,-0.09602760524082,0.0725117281177542,66,92,Medium,High,Core / Maintenance,2,-0.12799380993018644,Low Priority,Maintain efficiently
HCP_0130,New Brunswick,Orthopedic Surgery,1.012103355149148,337,143,83,0.5804195804195804,0.4195804195804196,0.2136051816246008,0.190829688839481,95,4,High,Low,Core / Maintenance,0,-0.7711253328490472,Low Priority,Maintain efficiently
HCP_0131,New Brunswick,Orthopedic Surgery,1.012103355149148,234,104,44,0.4230769230769231,0.5769230769230769,-0.0226187482727196,0.058210657602404,73,88,High,High,Core / Maintenance,2,-0.9798359639914771,Low Priority,Maintain efficiently
HCP_0132,New Brunswick,Ophthalmology,0.7363157741451272,352,213,85,0.3990610328638497,0.6009389671361502,0.1592502199622684,0.165295830081055,39,23,Medium,Low,Core / Maintenance,0,-0.5208481331365492,Low Priority,Maintain efficiently
HCP_0133,New Brunswick,Ophthalmology,0.7363157741451272,237,120,24,0.2,0.8,0.2388481059866127,0.2379038762897107,85,92,High,High,Core / Maintenance,0,-0.05153627490447231,Low Priority,Maintain efficiently
HCP_0134,New Brunswick,Ophthalmology,0.7363157741451272,405,297,55,0.1851851851851851,0.8148148148148149,0.1048025612876479,0.3687782256784821,13,63,Low,Medium,Emerging Opportunity,3,0.17065914254246312,Medium Priority,Develop engagement
HCP_0135,New Brunswick,Obstetrics/Gynecology,0.692421826300984,241,98,56,0.5714285714285714,0.4285714285714286,-0.1295390575797579,0.346294012862891,62,58,Medium,Medium,Core / Maintenance,4,-0.8192547094196383,Low Priority,Maintain efficiently
HCP_0136,New Brunswick,Obstetrics/Gynecology,0.692421826300984,573,316,68,0.2151898734177215,0.7848101265822784,-0.0601854599811749,0.094624904335195,80,37,High,Medium,Core / Maintenance,2,-0.20882692654038612,Low Priority,Maintain efficiently
HCP_0137,New Brunswick,Obstetrics/Gynecology,0.692421826300984,253,135,64,0.4740740740740741,0.5259259259259259,0.2087293360262163,0.0825606311593135,84,32,High,Low,Core / Maintenance,0,-0.8206885186230441,Low Priority,Maintain efficiently
HCP_0138,New Brunswick,Obstetrics/Gynecology,0.692421826300984,297,121,32,0.2644628099173554,0.7355371900826446,0.029705277722862,0.2562435685648335,50,9,Medium,Low,Core / Maintenance,3,-0.3241907336415162,Low Priority,Maintain efficiently
HCP_0139,New Brunswick,Obstetrics/Gynecology,0.692421826300984,442,199,25,0.1256281407035175,0.8743718592964824,0.0595488241930599,0.2362412903605739,78,36,High,Medium,Core / Maintenance,3,0.06389745868669106,Medium Priority,Maintain efficiently
HCP_0140,Quebec,Internal Medicine,3.2946590478052054,472,267,15,0.0561797752808988,0.9438202247191012,0.1410589299396331,0.1432321745005083,57,96,Medium,High,Core / Maintenance,0,0.18304069323657557,Medium Priority,Maintain efficiently
HCP_0141,Quebec,Internal Medicine,3.2946590478052054,786,469,164,0.3496801705756929,0.6503198294243071,0.1335587434496388,0.3648085795938423,14,86,Low,High,Core / Maintenance,4,0.25734825651252746,Medium Priority,Maintain efficiently
HCP_0142,Quebec,Internal Medicine,3.2946590478052054,1147,644,378,0.5869565217391305,0.4130434782608695,0.0834559774862552,0.3745782433115437,64,10,Medium,Low,High-Value Established,4,0.11250877574586904,Medium Priority,Retain and deepen
HCP_0143,Quebec,Internal Medicine,3.2946590478052054,414,254,64,0.2519685039370078,0.7480314960629921,0.0249597954535441,0.1909140034190569,87,23,High,Low,Core / Maintenance,2,-0.2862686939040903,Low Priority,Maintain efficiently
HCP_0144,Quebec,Internal Medicine,3.2946590478052054,775,494,122,0.2469635627530364,0.7530364372469636,0.0124797865121171,0.3616058949897321,54,87,Medium,High,Core / Maintenance,3,0.3265033500910686,Medium Priority,Maintain efficiently
HCP_0145,Quebec,Internal Medicine,3.2946590478052054,795,321,77,0.2398753894080997,0.7601246105919003,0.1529478590349611,0.1843821129920404,75,70,High,High,Core / Maintenance,0,0.22503268110916674,Medium Priority,Maintain efficiently
HCP_0146,Quebec,Internal Medicine,3.2946590478052054,955,559,188,0.3363148479427549,0.6636851520572451,0.1164283437281352,0.307885891140395,9,20,Low,Low,Core / Maintenance,3,0.3386221828517678,Medium Priority,Maintain efficiently
HCP_0147,Quebec,Internal Medicine,3.2946590478052054,471,370,108,0.2918918918918919,0.7081081081081081,0.0191239999258652,0.2165797761417034,41,19,Medium,Low,Core / Maintenance,2,-0.2678902580524548,Low Priority,Maintain efficiently
HCP_0148,Quebec,Internal Medicine,3.2946590478052054,457,278,148,0.5323741007194245,0.4676258992805755,0.1798534775591768,0.092904104777514,94,9,High,Low,Core / Maintenance,0,-0.7536903407816933,Low Priority,Maintain efficiently
HCP_0149,Quebec,Internal Medicine,3.2946590478052054,872,585,192,0.3282051282051282,0.6717948717948719,0.0345159061844259,0.3747769704329575,10,88,Low,High,Core / Maintenance,3,0.2870152863725546,Medium Priority,Maintain efficiently
HCP_0150,Quebec,Internal Medicine,3.2946590478052054,806,423,139,0.3286052009456264,0.6713947990543736,-0.0521994609201271,0.2089338076821378,15,46,Low,Medium,Core / Maintenance,2,-0.02613113193333895,Low Priority,Maintain efficiently
HCP_0151,Quebec,Internal Medicine,3.2946590478052054,793,563,71,0.1261101243339254,0.8738898756660746,-0.0410764838684013,0.3070704641128413,72,99,High,High,Core / Maintenance,3,0.4888776892917058,High Priority,Field-led opportunity development
HCP_0152,Quebec,Internal Medicine,3.2946590478052054,820,582,344,0.5910652920962199,0.40893470790378,-0.0674489003571719,0.1785108350509522,77,46,High,Medium,Core / Maintenance,4,-0.5511356569671203,Low Priority,Maintain efficiently
HCP_0153,Quebec,Internal Medicine,3.2946590478052054,572,348,65,0.1867816091954023,0.8132183908045977,0.0173107980075575,0.0566083075016821,18,14,Low,Low,Core / Maintenance,2,-0.21350938400914327,Low Priority,Maintain efficiently
HCP_0154,Quebec,Internal Medicine,3.2946590478052054,788,623,56,0.0898876404494382,0.9101123595505618,0.1980469134003431,0.0851856255421425,30,43,Low,Medium,Core / Maintenance,0,0.40608441054717576,Medium Priority,Maintain efficiently
HCP_0155,Quebec,Internal Medicine,3.2946590478052054,804,362,150,0.4143646408839779,0.5856353591160222,-0.046611421723661,0.2236768178214735,72,61,High,Medium,Core / Maintenance,4,-0.1669510676965372,Low Priority,Maintain efficiently
HCP_0156,Quebec,Internal Medicine,3.2946590478052054,565,230,87,0.3782608695652174,0.6217391304347826,0.0726170913221723,0.2914875249942268,99,5,High,Low,Core / Maintenance,4,-0.1932920761877936,Low Priority,Maintain efficiently
HCP_0157,Quebec,Internal Medicine,3.2946590478052054,1395,988,275,0.2783400809716599,0.7216599190283401,-0.0288027214752895,0.1671573643027477,52,100,Medium,High,Core / Maintenance,1,0.5719855656941081,High Priority,Digital-led opportunity development
HCP_0158,Quebec,Internal Medicine,3.2946590478052054,857,619,175,0.2827140549273021,0.7172859450726978,0.0187629150474274,0.2934209607121776,89,65,High,Medium,Core / Maintenance,3,0.2358938658733154,Medium Priority,Maintain efficiently
HCP_0159,Quebec,Internal Medicine,3.2946590478052054,479,215,104,0.4837209302325581,0.5162790697674419,-0.1312049454382302,0.2945224563011846,7,75,Low,High,Core / Maintenance,4,-0.5033936053621774,Low Priority,Maintain efficiently
HCP_0160,Quebec,Internal Medicine,3.2946590478052054,914,463,73,0.1576673866090712,0.8423326133909287,0.0235354125012155,0.2963775675647408,23,3,Low,Low,Core / Maintenance,3,0.5299408046595396,High Priority,Maintain efficiently
HCP_0161,Quebec,Internal Medicine,3.2946590478052054,516,210,105,0.5,0.5,0.0267553544234045,0.2223826489071779,7,22,Low,Low,Core / Maintenance,4,-0.6066554255588362,Low Priority,Maintain efficiently
HCP_0162,Quebec,Internal Medicine,3.2946590478052054,956,495,201,0.406060606060606,0.593939393939394,0.1148345532842834,0.3702101525425264,82,12,High,Low,Core / Maintenance,4,0.3002270442164674,Medium Priority,Maintain efficiently
HCP_0163,Quebec,Internal Medicine,3.2946590478052054,1089,772,216,0.2797927461139896,0.7202072538860104,0.0767937095906444,0.2212187812932154,47,80,Medium,High,Core / Maintenance,1,0.39515442254044264,Medium Priority,Maintain efficiently
HCP_0164,Quebec,Internal Medicine,3.2946590478052054,545,331,100,0.3021148036253776,0.6978851963746224,-0.0938070549942454,0.2075928177238233,29,30,Low,Low,Core / Maintenance,2,-0.2294083577209533,Low Priority,Maintain efficiently
HCP_0165,Quebec,Internal Medicine,3.2946590478052054,1017,548,105,0.1916058394160583,0.8083941605839416,0.1801037892852251,0.1197832866537194,57,15,Medium,Low,Core / Maintenance,0,0.4653510568304404,Medium Priority,Maintain efficiently
HCP_0166,Quebec,Internal Medicine,3.2946590478052054,839,460,213,0.4630434782608695,0.5369565217391304,0.0752363648266394,0.1576792805747178,85,40,High,Medium,Core / Maintenance,0,-0.2866199546542231,Low Priority,Maintain efficiently
HCP_0167,Quebec,Internal Medicine,3.2946590478052054,968,388,129,0.3324742268041237,0.6675257731958764,0.0738072220612984,0.0648170723814061,54,89,Medium,High,Core / Maintenance,0,-0.05852532344283673,Low Priority,Maintain efficiently
HCP_0168,Quebec,Internal Medicine,3.2946590478052054,1410,733,166,0.2264665757162346,0.7735334242837654,0.0488981175937833,0.2717373527656596,72,91,High,High,Core / Maintenance,1,0.8457626094334847,High Priority,Field-led opportunity development
HCP_0169,Quebec,Internal Medicine,3.2946590478052054,666,439,166,0.378132118451025,0.6218678815489749,-0.0121308936666663,0.1369875103744825,61,0,Medium,Low,Core / Maintenance,2,-0.36175087938909695,Low Priority,Maintain efficiently
HCP_0170,Quebec,Internal Medicine,3.2946590478052054,558,441,264,0.5986394557823129,0.4013605442176871,0.0761362807698471,0.1564543390699128,47,11,Medium,Low,Core / Maintenance,4,-0.812197932054067,Low Priority,Maintain efficiently
HCP_0171,Quebec,Internal Medicine,3.2946590478052054,532,393,114,0.2900763358778626,0.7099236641221374,0.1070706123114298,0.3197850825825124,3,100,Low,High,Core / Maintenance,3,0.02507961380232393,Medium Priority,Maintain efficiently
HCP_0172,Quebec,Internal Medicine,3.2946590478052054,546,224,125,0.5580357142857143,0.4419642857142857,-0.1596274829614665,0.1645274141065088,36,55,Medium,Medium,Core / Maintenance,2,-0.773612490094461,Low Priority,Maintain efficiently
HCP_0173,Quebec,Internal Medicine,3.2946590478052054,707,537,129,0.2402234636871508,0.7597765363128491,-0.0146513004815314,0.1347685622045997,7,49,Low,Medium,Core / Maintenance,2,-0.06670927427752736,Low Priority,Maintain efficiently
HCP_0174,Quebec,Internal Medicine,3.2946590478052054,818,583,47,0.0806174957118353,0.9193825042881648,0.0194063635515692,0.109170212196797,0,19,Low,Low,Core / Maintenance,2,0.3012996336413172,Medium Priority,Maintain efficiently
HCP_0175,Quebec,Internal Medicine,3.2946590478052054,800,570,93,0.1631578947368421,0.8368421052631578,0.0807404726833133,0.3212004407636846,91,65,High,Medium,Emerging Opportunity,3,0.49110646829104004,High Priority,Develop engagement
HCP_0176,Quebec,Internal Medicine,3.2946590478052054,970,566,159,0.2809187279151943,0.7190812720848057,0.1931973207112551,0.0953971902965094,69,35,High,Medium,Core / Maintenance,0,0.2318342147148728,Medium Priority,Maintain efficiently
HCP_0177,Quebec,Internal Medicine,3.2946590478052054,729,408,70,0.1715686274509804,0.8284313725490196,-0.0426088977516138,0.2088138160876237,46,78,Medium,High,Core / Maintenance,2,0.19449555025083137,Medium Priority,Maintain efficiently
HCP_0178,Quebec,Internal Medicine,3.2946590478052054,1208,630,32,0.0507936507936507,0.9492063492063492,-0.009755421618141,0.227425540627018,99,37,High,Medium,Core / Maintenance,3,0.9098570073212616,High Priority,Field-led opportunity development
HCP_0179,Quebec,Internal Medicine,3.2946590478052054,662,282,156,0.5531914893617021,0.4468085106382978,-0.011504093277586,0.2905864694400001,74,21,High,Low,Core / Maintenance,4,-0.46375066797627107,Low Priority,Maintain efficiently
HCP_0180,Quebec,Internal Medicine,3.2946590478052054,1881,924,475,0.5140692640692641,0.4859307359307359,-0.0461833108125449,0.2716492188165484,4,60,Low,Medium,High-Value Established,1,0.7535955830118771,High Priority,Retain and deepen
HCP_0181,Quebec,Internal Medicine,3.2946590478052054,904,451,207,0.458980044345898,0.541019955654102,0.0083376205865285,0.3337522355308112,49,49,Medium,Medium,Core / Maintenance,4,0.010665598400101728,Low Priority,Maintain efficiently
HCP_0182,Quebec,Internal Medicine,3.2946590478052054,538,319,45,0.1410658307210031,0.8589341692789969,0.1424962663985565,0.0656630018741833,23,95,Low,High,Core / Maintenance,0,-0.027545580439914064,Low Priority,Maintain efficiently
HCP_0183,Quebec,Internal Medicine,3.2946590478052054,499,349,41,0.1174785100286533,0.8825214899713467,-0.0764602594437214,0.153754253672789,46,58,Medium,Medium,Core / Maintenance,2,-0.007775817881147673,Low Priority,Maintain efficiently
HCP_0184,Quebec,Internal Medicine,3.2946590478052054,860,507,44,0.0867850098619329,0.9132149901380672,0.1013377274183483,0.1480469415713829,17,19,Low,Low,Core / Maintenance,0,0.4574557560078126,Medium Priority,Maintain efficiently
HCP_0185,Quebec,Internal Medicine,3.2946590478052054,671,284,127,0.4471830985915493,0.5528169014084507,-0.1542282676022002,0.1011059169572378,83,35,High,Medium,Core / Maintenance,2,-0.5404516985801604,Low Priority,Maintain efficiently
HCP_0186,Quebec,Internal Medicine,3.2946590478052054,932,730,409,0.5602739726027397,0.4397260273972603,-0.0173605595730647,0.1512123888497551,27,96,Low,High,Core / Maintenance,4,-0.4265839965464717,Low Priority,Maintain efficiently
HCP_0187,Quebec,Internal Medicine,3.2946590478052054,857,666,191,0.2867867867867867,0.7132132132132132,0.0104612839738416,0.1584178599500162,76,14,High,Low,Core / Maintenance,2,0.025613277385843736,Medium Priority,Maintain efficiently
HCP_0188,Quebec,Internal Medicine,3.2946590478052054,708,506,58,0.1146245059288537,0.8853754940711462,0.2509831607496878,0.2326595616746174,4,61,Low,Medium,Core / Maintenance,3,0.5686700976615737,High Priority,Maintain efficiently
HCP_0189,Quebec,Internal Medicine,3.2946590478052054,540,430,143,0.3325581395348837,0.6674418604651162,0.0170237234296774,0.2822965676241896,29,2,Low,Low,Core / Maintenance,4,-0.1792514916830485,Low Priority,Maintain efficiently
HCP_0190,Quebec,Internal Medicine,3.2946590478052054,427,264,64,0.2424242424242424,0.7575757575757576,-0.2141492168141102,0.1833851797641349,0,92,Low,High,Core / Maintenance,2,-0.26714634689672745,Low Priority,Maintain efficiently
HCP_0191,Quebec,Internal Medicine,3.2946590478052054,621,488,125,0.2561475409836065,0.7438524590163935,-0.1898666688233499,0.3018145809596834,85,90,High,High,Core / Maintenance,2,0.0714132751660351,Medium Priority,Maintain efficiently
HCP_0192,Quebec,Internal Medicine,3.2946590478052054,980,422,165,0.3909952606635071,0.6090047393364929,0.0540835503616017,0.167657868502853,81,4,High,Low,Core / Maintenance,0,-0.026582683125061395,Low Priority,Maintain efficiently
HCP_0193,Quebec,Internal Medicine,3.2946590478052054,783,428,191,0.4462616822429907,0.5537383177570093,0.123652502694789,0.1515992870601661,45,55,Medium,Medium,Core / Maintenance,0,-0.2589913915366909,Low Priority,Maintain efficiently
HCP_0194,Quebec,Internal Medicine,3.2946590478052054,469,230,25,0.108695652173913,0.8913043478260869,0.0950547029152703,0.2394158195499585,68,30,High,Low,Core / Maintenance,3,0.16976173327222163,Medium Priority,Maintain efficiently
HCP_0195,Quebec,Internal Medicine,3.2946590478052054,771,369,26,0.070460704607046,0.929539295392954,0.0701084126961188,0.0583007261070267,30,85,Low,High,Core / Maintenance,2,0.22969032313375015,Medium Priority,Maintain efficiently
HCP_0196,Quebec,Internal Medicine,3.2946590478052054,831,379,226,0.5963060686015831,0.4036939313984169,0.18947115170068,0.0779261932719001,69,34,High,Medium,Core / Maintenance,0,-0.5247967026723313,Low Priority,Maintain efficiently
HCP_0197,Quebec,Internal Medicine,3.2946590478052054,533,346,62,0.1791907514450867,0.8208092485549133,-0.0147509464884557,0.1962893402552845,90,70,High,High,Core / Maintenance,2,-0.02710798710804207,Low Priority,Maintain efficiently
HCP_0198,Quebec,Internal Medicine,3.2946590478052054,766,546,43,0.0787545787545787,0.9212454212454212,0.157389266723219,0.3800194489871147,55,69,Medium,High,Emerging Opportunity,3,0.7987339216100366,High Priority,Digital-first nurture
HCP_0199,Quebec,Internal Medicine,3.2946590478052054,741,468,72,0.1538461538461538,0.8461538461538461,-0.14584178620317,0.3025291229451983,88,25,High,Low,Core / Maintenance,3,0.37997471860143406,Medium Priority,Maintain efficiently
HCP_0200,Quebec,Internal Medicine,3.2946590478052054,487,223,16,0.0717488789237668,0.9282511210762332,-0.0585937399525679,0.0808442993251952,92,0,High,Low,Core / Maintenance,2,-0.042887069406598616,Low Priority,Maintain efficiently
HCP_0201,Quebec,Internal Medicine,3.2946590478052054,823,596,158,0.2651006711409396,0.7348993288590604,-0.1668449673918179,0.3462113044733058,27,82,Low,High,Core / Maintenance,3,0.315503485785827,Medium Priority,Maintain efficiently
HCP_0202,Quebec,Internal Medicine,3.2946590478052054,883,578,284,0.4913494809688581,0.5086505190311419,0.0170185639196249,0.3063052697128633,15,6,Low,Low,Core / Maintenance,4,-0.11150481031156154,Low Priority,Maintain efficiently
HCP_0203,Quebec,Internal Medicine,3.2946590478052054,1061,589,140,0.2376910016977928,0.7623089983022071,0.0444486539280389,0.2638312839959286,53,35,Medium,Medium,Core / Maintenance,3,0.4722049689712339,Medium Priority,Maintain efficiently
HCP_0204,Quebec,Internal Medicine,3.2946590478052054,1050,703,207,0.294452347083926,0.705547652916074,0.0636921790671823,0.337102536213212,52,75,Medium,High,Core / Maintenance,3,0.48806644113381115,High Priority,Digital-led opportunity development
HCP_0205,Quebec,Internal Medicine,3.2946590478052054,448,226,95,0.4203539823008849,0.5796460176991151,0.0574260023464562,0.191438446710035,11,83,Low,High,Core / Maintenance,4,-0.553558808409739,Low Priority,Maintain efficiently
HCP_0206,Quebec,Internal Medicine,3.2946590478052054,523,281,93,0.3309608540925267,0.6690391459074734,-0.0613063996974073,0.1275253677988485,19,86,Low,High,Core / Maintenance,2,-0.42490576414676506,Low Priority,Maintain efficiently
HCP_0207,Quebec,Internal Medicine,3.2946590478052054,869,667,349,0.5232383808095952,0.4767616191904048,0.0271710986704141,0.2292081861880657,81,24,High,Low,Core / Maintenance,4,-0.3005635964135554,Low Priority,Maintain efficiently
HCP_0208,Quebec,Internal Medicine,3.2946590478052054,869,449,236,0.5256124721603563,0.4743875278396436,-0.1296936002326898,0.2420946144577158,33,93,Medium,High,Core / Maintenance,4,-0.2856793396997098,Low Priority,Maintain efficiently
HCP_0209,Quebec,Cardiology,3.48654843928091,894,526,29,0.0551330798479087,0.9448669201520912,0.21358747701587,0.2384142302034692,52,58,Medium,Medium,Core / Maintenance,3,0.8222399225599729,High Priority,Maintain efficiently
HCP_0210,Quebec,Cardiology,3.48654843928091,2877,2175,1039,0.4777011494252873,0.5222988505747126,0.0135648712522398,0.2477758270180368,63,60,Medium,Medium,High-Value Established,1,1.7439024906289382,High Priority,Retain and deepen
HCP_0211,Quebec,Cardiology,3.48654843928091,912,623,189,0.3033707865168539,0.696629213483146,-0.0086663342852429,0.3820467213837133,22,28,Low,Low,Core / Maintenance,3,0.3830247527332812,Medium Priority,Maintain efficiently
HCP_0212,Quebec,Cardiology,3.48654843928091,1111,472,280,0.5932203389830508,0.4067796610169492,0.2406728394132899,0.3657859680836809,26,94,Low,High,High-Value Established,4,0.24483730556554703,Medium Priority,Retain and deepen
HCP_0213,Quebec,Cardiology,3.48654843928091,1043,479,151,0.3152400835073068,0.6847599164926932,-0.0990695840259075,0.3565009627956288,16,17,Low,Low,Core / Maintenance,3,0.44837826332171515,Medium Priority,Maintain efficiently
HCP_0214,Quebec,Cardiology,3.48654843928091,938,378,224,0.5925925925925926,0.4074074074074074,-0.0850704536838362,0.3304958838180195,47,40,Medium,Medium,Core / Maintenance,4,-0.21240011779519646,Low Priority,Maintain efficiently
HCP_0215,Quebec,Cardiology,3.48654843928091,669,436,203,0.4655963302752293,0.5344036697247707,-0.0815464389842278,0.3801998375428499,20,18,Low,Low,Core / Maintenance,4,-0.15804126772152938,Low Priority,Maintain efficiently
HCP_0216,Quebec,Cardiology,3.48654843928091,974,564,105,0.1861702127659574,0.8138297872340425,0.0418554341960621,0.0844731245877911,49,3,Medium,Low,Core / Maintenance,2,0.2160659932933641,Medium Priority,Maintain efficiently
HCP_0217,Quebec,Cardiology,3.48654843928091,570,259,90,0.3474903474903475,0.6525096525096525,0.1017957955565116,0.1427931415060088,39,64,Medium,Medium,Core / Maintenance,0,-0.31827399591743816,Low Priority,Maintain efficiently
HCP_0218,Quebec,Cardiology,3.48654843928091,687,538,320,0.5947955390334573,0.4052044609665427,0.13876105617414,0.2232695809791047,94,40,High,Medium,Core / Maintenance,4,-0.504191156833848,Low Priority,Maintain efficiently
HCP_0219,Quebec,Cardiology,3.48654843928091,630,385,201,0.522077922077922,0.4779220779220779,0.3586394380993962,0.3462870725931918,2,14,Low,Low,Core / Maintenance,4,0.0305687413653446,Medium Priority,Maintain efficiently
HCP_0220,Quebec,Cardiology,3.48654843928091,769,382,40,0.1047120418848167,0.8952879581151832,-0.2199318945040916,0.2268079990329564,16,53,Low,Medium,Core / Maintenance,2,0.3855044283231013,Medium Priority,Maintain efficiently
HCP_0221,Quebec,Cardiology,3.48654843928091,1679,1008,442,0.4384920634920635,0.5615079365079365,0.12304827069493,0.311812158769556,60,63,Medium,Medium,Core / Maintenance,1,0.8570153668111639,High Priority,Maintain efficiently
HCP_0222,Quebec,Cardiology,3.48654843928091,389,261,63,0.2413793103448276,0.7586206896551724,-0.0168556687086677,0.0986359668371206,49,71,Medium,High,Core / Maintenance,2,-0.42893365049230375,Low Priority,Maintain efficiently
HCP_0223,Quebec,Cardiology,3.48654843928091,950,409,22,0.0537897310513447,0.9462102689486552,-0.0203698178666528,0.138344834541796,89,14,High,Low,Core / Maintenance,2,0.5224066761706578,High Priority,Field-led opportunity development
HCP_0224,Quebec,Cardiology,3.48654843928091,425,217,59,0.271889400921659,0.728110599078341,-0.0243726553904653,0.3061216332631853,86,78,High,High,Core / Maintenance,3,-0.14017282740828846,Low Priority,Maintain efficiently
HCP_0225,Quebec,Cardiology,3.48654843928091,633,458,82,0.1790393013100436,0.8209606986899564,-0.0590523604969567,0.1076569031107034,5,49,Low,Medium,Core / Maintenance,2,-0.06368680521100395,Low Priority,Maintain efficiently
HCP_0226,Quebec,Cardiology,3.48654843928091,1093,638,319,0.5,0.5,0.2521429801524142,0.1729745771292243,27,21,Low,Low,High-Value Established,0,0.12716070191545786,Medium Priority,Retain and deepen
HCP_0227,Quebec,Cardiology,3.48654843928091,764,473,111,0.2346723044397463,0.7653276955602537,0.1510756792416683,0.14270319023475,71,17,High,Low,Core / Maintenance,0,0.14014602998637377,Medium Priority,Maintain efficiently
HCP_0228,Quebec,Cardiology,3.48654843928091,512,293,148,0.5051194539249146,0.4948805460750853,0.0527835174268849,0.1724515929778675,54,79,Medium,High,Core / Maintenance,4,-0.6853340620391325,Low Priority,Maintain efficiently
HCP_0229,Quebec,Cardiology,3.48654843928091,581,243,12,0.0493827160493827,0.9506172839506172,0.21212189029844,0.2979134171772896,57,1,Medium,Low,Core / Maintenance,3,0.6195413576097114,High Priority,Maintain efficiently
HCP_0230,Quebec,Cardiology,3.48654843928091,947,442,97,0.2194570135746606,0.7805429864253394,-0.131503475835865,0.1787465133999803,44,35,Medium,Medium,Core / Maintenance,2,0.26909958615845087,Medium Priority,Maintain efficiently
HCP_0231,Quebec,Cardiology,3.48654843928091,578,334,61,0.1826347305389221,0.8173652694610778,-0.1096846157597111,0.2443421629127791,71,19,High,Low,Core / Maintenance,2,0.0818270773394064,Medium Priority,Maintain efficiently
HCP_0232,Quebec,Cardiology,3.48654843928091,806,390,70,0.1794871794871795,0.8205128205128205,-0.2113561278633625,0.0849761569690433,18,15,Low,Low,Core / Maintenance,2,0.06780365821928006,Medium Priority,Maintain efficiently
HCP_0233,Quebec,Cardiology,3.48654843928091,759,319,28,0.0877742946708464,0.9122257053291536,-0.0339297448147944,0.3317561926321197,28,66,Low,Medium,Core / Maintenance,3,0.5652128041428122,High Priority,Maintain efficiently
HCP_0234,Quebec,Cardiology,3.48654843928091,595,439,67,0.1526195899772209,0.8473804100227791,0.0694038232045703,0.1794610189768437,22,29,Low,Low,Core / Maintenance,3,0.08716245361178607,Medium Priority,Maintain efficiently
HCP_0235,Quebec,Cardiology,3.48654843928091,1582,1254,446,0.3556618819776714,0.6443381180223285,0.06234302935188,0.2769869556616698,31,54,Low,Medium,Core / Maintenance,1,0.7928841960360877,High Priority,Maintain efficiently
HCP_0236,Quebec,Cardiology,3.48654843928091,932,668,140,0.2095808383233532,0.7904191616766467,0.0679210293271856,0.3038863605816414,9,65,Low,Medium,Core / Maintenance,3,0.4892497061196607,High Priority,Maintain efficiently
HCP_0237,Quebec,Cardiology,3.48654843928091,368,273,76,0.2783882783882784,0.7216117216117216,-0.1193268197279298,0.1233813227390951,90,98,High,High,Core / Maintenance,2,-0.48147713000529757,Low Priority,Maintain efficiently
HCP_0238,Quebec,Cardiology,3.48654843928091,797,396,102,0.2575757575757575,0.7424242424242424,0.1463785691136826,0.3596362447336725,48,25,Medium,Low,Core / Maintenance,3,0.4487507983348471,Medium Priority,Maintain efficiently
HCP_0239,Quebec,Cardiology,3.48654843928091,592,464,247,0.5323275862068966,0.4676724137931034,0.0787553021886797,0.2656784880624335,64,56,Medium,Medium,Core / Maintenance,4,-0.4878531075312828,Low Priority,Maintain efficiently
HCP_0240,Quebec,Cardiology,3.48654843928091,1007,482,264,0.5477178423236515,0.4522821576763485,0.1379665137759198,0.2000537996130185,28,68,Low,High,High-Value Established,4,-0.1438678640981711,Low Priority,Retain and deepen
HCP_0241,Quebec,Cardiology,3.48654843928091,566,442,142,0.3212669683257919,0.6787330316742082,-0.1771314613108062,0.1138173142523768,58,1,Medium,Low,Core / Maintenance,2,-0.38592620478453427,Low Priority,Maintain efficiently
HCP_0242,Quebec,Cardiology,3.48654843928091,717,572,132,0.2307692307692307,0.7692307692307692,0.0873789030557347,0.3798053282654223,44,55,Medium,Medium,Core / Maintenance,3,0.3804022628949777,Medium Priority,Maintain efficiently
HCP_0243,Quebec,Gastroenterology,3.613799779947457,907,621,68,0.109500805152979,0.8904991948470209,-0.0925318287901032,0.3142738714460688,66,83,Medium,High,Core / Maintenance,3,0.6405098017411617,High Priority,Digital-led opportunity development
HCP_0244,Quebec,Gastroenterology,3.613799779947457,1030,816,469,0.5747549019607843,0.4252450980392157,0.0023212096938365,0.1228085969566371,50,61,Medium,Medium,High-Value Established,4,-0.40216007623637906,Low Priority,Retain and deepen
HCP_0245,Quebec,Gastroenterology,3.613799779947457,500,314,26,0.0828025477707006,0.9171974522292994,0.114123787836366,0.1681987711534786,100,33,High,Medium,Core / Maintenance,3,0.16457556950108126,Medium Priority,Maintain efficiently
HCP_0246,Quebec,Gastroenterology,3.613799779947457,676,341,73,0.2140762463343108,0.7859237536656891,0.0609312327507095,0.3333859903308256,94,97,High,High,Core / Maintenance,3,0.2703591011903602,Medium Priority,Maintain efficiently
HCP_0247,Quebec,Gastroenterology,3.613799779947457,644,370,79,0.2135135135135135,0.7864864864864864,-0.0521847975735182,0.2934871821253687,10,55,Low,Medium,Core / Maintenance,3,0.16108457879993837,Medium Priority,Maintain efficiently
HCP_0248,Quebec,Gastroenterology,3.613799779947457,605,386,87,0.2253886010362694,0.7746113989637305,0.0507527787421301,0.3180245024505035,85,54,High,Medium,Core / Maintenance,3,0.14535658818423103,Medium Priority,Maintain efficiently
HCP_0249,Quebec,Gastroenterology,3.613799779947457,1411,606,85,0.1402640264026402,0.8597359735973598,-0.1337842378292371,0.2044203857745263,81,19,High,Low,Core / Maintenance,1,0.9025596050646806,High Priority,Field-led opportunity development
HCP_0250,Quebec,Gastroenterology,3.613799779947457,876,568,273,0.4806338028169014,0.5193661971830985,0.1880320875077955,0.3007666919247584,98,49,High,Medium,Core / Maintenance,4,0.06838715887692194,Medium Priority,Maintain efficiently
HCP_0251,Quebec,Gastroenterology,3.613799779947457,489,388,46,0.1185567010309278,0.8814432989690721,0.0253659176604498,0.1852728030023698,5,24,Low,Low,Core / Maintenance,3,0.02789062603830275,Medium Priority,Maintain efficiently
HCP_0252,Quebec,Gastroenterology,3.613799779947457,1048,499,199,0.3987975951903807,0.6012024048096192,0.1842259933106391,0.1239420209283687,66,83,Medium,High,Core / Maintenance,0,0.11740667723585707,Medium Priority,Maintain efficiently
HCP_0253,Quebec,Gastroenterology,3.613799779947457,1598,1146,135,0.1178010471204188,0.8821989528795812,-0.0131838024515251,0.271436962194476,61,24,Medium,Low,Core / Maintenance,1,1.2251637299675993,High Priority,Maintain efficiently
HCP_0254,Quebec,Gastroenterology,3.613799779947457,1091,833,74,0.0888355342136854,0.9111644657863144,-0.0128291186087899,0.391604873959578,4,52,Low,Medium,Core / Maintenance,3,0.9723348626534181,High Priority,Maintain efficiently
HCP_0255,Quebec,Gastroenterology,3.613799779947457,447,348,191,0.5488505747126436,0.4511494252873563,-0.0417024143965415,0.1587103399883653,8,13,Low,Low,Core / Maintenance,4,-0.8603056366590773,Low Priority,Maintain efficiently
HCP_0256,Quebec,Gastroenterology,3.613799779947457,642,503,78,0.1550695825049702,0.8449304174950298,0.155140871803169,0.2113393572743889,27,59,Low,Medium,Core / Maintenance,3,0.28026555783474616,Medium Priority,Maintain efficiently
HCP_0257,Quebec,Gastroenterology,3.613799779947457,1185,721,362,0.5020804438280166,0.4979195561719833,-0.035131738879417,0.2859004798744488,82,42,High,Medium,High-Value Established,4,0.12815321482661077,Medium Priority,Retain and deepen
HCP_0258,Quebec,Gastroenterology,3.613799779947457,594,470,164,0.3489361702127659,0.651063829787234,0.1273514518898211,0.2395271987428707,91,61,High,Medium,Core / Maintenance,0,-0.12151985464329618,Low Priority,Maintain efficiently
HCP_0259,Quebec,Gastroenterology,3.613799779947457,888,624,58,0.0929487179487179,0.907051282051282,0.0041057122796851,0.3451997284981672,90,75,High,High,Emerging Opportunity,3,0.6997346045724898,High Priority,Digital-first nurture
HCP_0260,Quebec,Gastroenterology,3.613799779947457,997,463,266,0.5745140388768899,0.4254859611231101,-0.1871155959869943,0.3166099472643305,76,68,High,High,High-Value Established,4,-0.14255698065610206,Low Priority,Retain and deepen
HCP_0261,Quebec,Neurology,5.709377405478776,691,408,76,0.1862745098039215,0.8137254901960784,-0.0184376881343759,0.0704040213518249,37,62,Medium,Medium,Core / Maintenance,2,-0.07740814649932243,Low Priority,Maintain efficiently
HCP_0262,Quebec,Neurology,5.709377405478776,936,643,336,0.5225505443234837,0.4774494556765163,-0.0914929857235417,0.3994474318733209,42,1,Medium,Low,Core / Maintenance,4,0.020683157555738435,Low Priority,Maintain efficiently
HCP_0263,Quebec,Neurology,5.709377405478776,307,153,22,0.1437908496732026,0.8562091503267975,0.0540683268418805,0.3133408588018135,20,53,Low,Medium,Emerging Opportunity,3,0.008998039872140692,Low Priority,Develop engagement
HCP_0264,Quebec,Neurology,5.709377405478776,668,438,228,0.5205479452054794,0.4794520547945206,-0.0928489282809388,0.3523661607029396,90,15,High,Low,Core / Maintenance,4,-0.3039592419577487,Low Priority,Maintain efficiently
HCP_0265,Quebec,Neurology,5.709377405478776,875,583,33,0.0566037735849056,0.9433962264150944,0.161117012085754,0.2779191992333713,61,54,Medium,Medium,Core / Maintenance,3,0.7964529407638233,High Priority,Maintain efficiently
HCP_0266,Quebec,Neurology,5.709377405478776,618,287,95,0.3310104529616725,0.6689895470383276,0.0390708967576367,0.3496997948163668,45,93,Medium,High,Core / Maintenance,3,-0.00016370339712329374,Low Priority,Maintain efficiently
HCP_0267,Quebec,Neurology,5.709377405478776,1692,1059,501,0.4730878186968839,0.5269121813031161,0.0286884806289513,0.0893340412250483,69,42,High,Medium,High-Value Established,1,0.3751357483560407,Medium Priority,Retain and deepen
HCP_0268,Quebec,Neurology,5.709377405478776,579,410,231,0.5634146341463414,0.4365853658536586,0.1287070565345099,0.1717082424457604,37,60,Medium,Medium,Core / Maintenance,0,-0.638796535392361,Low Priority,Maintain efficiently
HCP_0269,Quebec,Neurology,5.709377405478776,819,491,270,0.5498981670061099,0.45010183299389,0.1656688320891035,0.3567473302615724,48,37,Medium,Medium,Core / Maintenance,4,-0.05975658527414038,Low Priority,Maintain efficiently
HCP_0270,Quebec,Neurology,5.709377405478776,1001,405,203,0.5012345679012346,0.4987654320987654,0.0475881497876418,0.1205793239434123,74,44,High,Medium,High-Value Established,0,-0.29196779370443715,Low Priority,Retain and deepen
HCP_0271,Quebec,Neurology,5.709377405478776,1583,639,344,0.5383411580594679,0.4616588419405321,-0.0425440359459148,0.0773847345030079,80,50,High,Medium,High-Value Established,1,0.12985293647022736,Medium Priority,Retain and deepen
HCP_0272,Quebec,Neurology,5.709377405478776,578,314,50,0.1592356687898089,0.8407643312101911,-0.1628763539334555,0.3258416289808266,38,41,Medium,Medium,Core / Maintenance,3,0.24808899564882422,Medium Priority,Maintain efficiently
HCP_0273,Quebec,Neurology,5.709377405478776,1436,1106,228,0.2061482820976491,0.7938517179023508,-0.0323259708442215,0.3424201544751536,70,23,High,Low,Core / Maintenance,1,1.010026721054598,High Priority,Field-led opportunity development
HCP_0274,Quebec,Neurology,5.709377405478776,959,471,98,0.208067940552017,0.7919320594479831,-0.0240654695977553,0.1069282763664652,29,29,Low,Low,Core / Maintenance,2,0.19422865240495368,Medium Priority,Maintain efficiently
HCP_0275,Quebec,Neurology,5.709377405478776,678,443,114,0.2573363431151241,0.7426636568848759,0.0628468943590756,0.3490210939739504,20,36,Low,Medium,Core / Maintenance,3,0.21686167232241296,Medium Priority,Maintain efficiently
HCP_0276,Quebec,Neurology,5.709377405478776,1124,549,146,0.2659380692167577,0.7340619307832423,0.0085823742634367,0.2903687284590094,0,52,Low,Medium,Core / Maintenance,3,0.5195858410253941,High Priority,Maintain efficiently
HCP_0277,Quebec,Neurology,5.709377405478776,1025,542,189,0.3487084870848708,0.6512915129151291,0.1325519566461713,0.2320289391258044,88,62,High,Medium,Core / Maintenance,0,0.2884940296966921,Medium Priority,Maintain efficiently
HCP_0278,Quebec,Neurology,5.709377405478776,775,573,79,0.137870855148342,0.8621291448516579,-0.0235579925524827,0.3405875674734848,31,10,Low,Low,Core / Maintenance,3,0.49979233313549154,High Priority,Maintain efficiently
HCP_0279,Quebec,Neurology,5.709377405478776,979,677,291,0.4298375184638109,0.5701624815361891,0.0431550599776469,0.196737237261638,7,77,Low,High,Core / Maintenance,4,-0.06814101735578726,Low Priority,Maintain efficiently
HCP_0280,Quebec,Neurology,5.709377405478776,835,366,52,0.1420765027322404,0.8579234972677596,0.1920784931836267,0.117897884678189,68,22,High,Low,Core / Maintenance,0,0.3951067954062361,Medium Priority,Maintain efficiently
HCP_0281,Quebec,Neurology,5.709377405478776,995,569,126,0.2214411247803163,0.7785588752196837,0.0910190256745959,0.1496984368137147,29,79,Low,High,Core / Maintenance,0,0.3243332129375636,Medium Priority,Maintain efficiently
HCP_0282,Quebec,Psychiatry,2.40430650005598,782,322,105,0.3260869565217391,0.6739130434782609,0.0427954949973722,0.2268074064026602,7,49,Low,Medium,Core / Maintenance,3,-0.017656139603663037,Low Priority,Maintain efficiently
HCP_0283,Quebec,Psychiatry,2.40430650005598,1081,640,312,0.4875,0.5125,-0.0222333330322212,0.2359657774356115,18,84,Low,High,High-Value Established,4,-0.01943655074024921,Low Priority,Retain and deepen
HCP_0284,Quebec,Psychiatry,2.40430650005598,402,267,122,0.4569288389513108,0.5430711610486891,-0.0259877676057972,0.3319532892544318,58,54,Medium,Medium,Core / Maintenance,4,-0.4709567445825448,Low Priority,Maintain efficiently
HCP_0285,Quebec,Psychiatry,2.40430650005598,1309,586,237,0.4044368600682594,0.5955631399317406,-0.0520735903542337,0.326973453278317,54,54,Medium,Medium,Core / Maintenance,1,0.49239195342558617,High Priority,Maintain efficiently
HCP_0286,Quebec,Psychiatry,2.40430650005598,313,161,22,0.1366459627329192,0.8633540372670807,-0.0149208238939479,0.2534782950216012,29,3,Low,Low,Core / Maintenance,3,-0.07296040295157555,Low Priority,Maintain efficiently
HCP_0287,Quebec,Psychiatry,2.40430650005598,588,329,115,0.3495440729483283,0.6504559270516717,0.1406799006493177,0.3232749191779167,78,96,High,High,Core / Maintenance,4,0.013539469871841764,Low Priority,Maintain efficiently
HCP_0288,Quebec,Psychiatry,2.40430650005598,762,585,57,0.0974358974358974,0.9025641025641026,0.0233734074449277,0.1171207104027848,35,53,Medium,Medium,Core / Maintenance,2,0.227798884858303,Medium Priority,Maintain efficiently
HCP_0289,Quebec,Psychiatry,2.40430650005598,684,545,140,0.2568807339449541,0.7431192660550459,-0.1119727683257477,0.067522584482653,54,60,Medium,Medium,Core / Maintenance,2,-0.22103783052457815,Low Priority,Maintain efficiently
HCP_0290,Quebec,Psychiatry,2.40430650005598,499,209,58,0.277511961722488,0.722488038277512,0.262180315167174,0.355771837922145,43,77,Medium,High,Core / Maintenance,3,0.260284917182907,Medium Priority,Maintain efficiently
HCP_0291,Quebec,Psychiatry,2.40430650005598,577,406,29,0.0714285714285714,0.9285714285714286,0.0883958229374195,0.0764440728169693,26,82,Low,High,Core / Maintenance,0,0.09085810511293621,Medium Priority,Maintain efficiently
HCP_0292,Quebec,Psychiatry,2.40430650005598,522,286,57,0.1993006993006993,0.8006993006993007,-0.1188332080615803,0.136340950410399,76,4,High,Low,Core / Maintenance,2,-0.16542566857252147,Low Priority,Maintain efficiently
HCP_0293,Quebec,Psychiatry,2.40430650005598,505,281,162,0.5765124555160143,0.4234875444839857,-0.0030218712688988,0.2933616323685346,77,99,High,High,Core / Maintenance,4,-0.6543605608840765,Low Priority,Maintain efficiently
HCP_0294,Quebec,Psychiatry,2.40430650005598,835,586,337,0.5750853242320819,0.4249146757679181,0.0633063659394101,0.1933067781695582,100,94,High,High,Core / Maintenance,4,-0.4619278820761182,Low Priority,Maintain efficiently
HCP_0295,Quebec,Psychiatry,2.40430650005598,703,539,131,0.2430426716141001,0.7569573283858998,0.2545510511956852,0.3567098894704281,53,17,Medium,Low,Core / Maintenance,3,0.5132878967493045,High Priority,Maintain efficiently
HCP_0296,Quebec,Psychiatry,2.40430650005598,487,380,28,0.0736842105263157,0.9263157894736842,-0.0829734949910643,0.1542929281317943,47,43,Medium,Medium,Core / Maintenance,2,0.0637221101673451,Medium Priority,Maintain efficiently
HCP_0297,Quebec,Psychiatry,2.40430650005598,850,536,80,0.1492537313432835,0.8507462686567164,0.1671248863227136,0.0541549713342757,29,30,Low,Low,Core / Maintenance,0,0.269921101839909,Medium Priority,Maintain efficiently
HCP_0298,Quebec,Psychiatry,2.40430650005598,691,375,100,0.2666666666666666,0.7333333333333334,0.2179383712366811,0.1552294741962604,38,93,Medium,High,Core / Maintenance,0,0.11028582435182284,Medium Priority,Maintain efficiently
HCP_0299,Quebec,Psychiatry,2.40430650005598,824,589,336,0.5704584040747029,0.429541595925297,-0.0254385166089484,0.2523262672146911,12,20,Low,Low,Core / Maintenance,4,-0.39780300944088737,Low Priority,Maintain efficiently
HCP_0300,Quebec,Psychiatry,2.40430650005598,773,387,49,0.1266149870801033,0.8733850129198967,0.0166983657367719,0.1815784313911527,15,46,Low,Medium,Core / Maintenance,2,0.28033793352961656,Medium Priority,Maintain efficiently
HCP_0301,Quebec,Psychiatry,2.40430650005598,464,290,136,0.4689655172413793,0.5310344827586206,-0.0743571096848524,0.2372054645155643,43,29,Medium,Low,Core / Maintenance,4,-0.5761439805780254,Low Priority,Maintain efficiently
HCP_0302,Quebec,Psychiatry,2.40430650005598,510,277,30,0.1083032490974729,0.8916967509025271,0.0255846630703634,0.3568093415922566,70,54,High,Medium,Emerging Opportunity,3,0.3248070923312337,Medium Priority,Develop engagement
HCP_0303,Quebec,Psychiatry,2.40430650005598,806,534,315,0.5898876404494382,0.4101123595505618,0.0456092030788482,0.369369768980629,26,67,Low,High,Core / Maintenance,4,-0.2749502343786209,Low Priority,Maintain efficiently
HCP_0304,Quebec,Psychiatry,2.40430650005598,768,381,99,0.2598425196850393,0.7401574803149606,0.1291579997698844,0.1430909226289392,44,68,Medium,High,Core / Maintenance,0,0.07056031714976763,Medium Priority,Maintain efficiently
HCP_0305,Quebec,Psychiatry,2.40430650005598,616,294,140,0.4761904761904761,0.5238095238095238,0.1808220165224536,0.2117491656444652,34,40,Medium,Medium,Core / Maintenance,0,-0.31572425305633056,Low Priority,Maintain efficiently
HCP_0306,Quebec,Psychiatry,2.40430650005598,646,496,118,0.2379032258064516,0.7620967741935484,-0.0397715277545976,0.2422004053345079,78,44,High,Medium,Core / Maintenance,3,0.040233842879131405,Medium Priority,Maintain efficiently
HCP_0307,Quebec,Psychiatry,2.40430650005598,970,427,169,0.3957845433255269,0.6042154566744731,-0.1860790077071193,0.3821893599108865,27,73,Low,High,Core / Maintenance,4,0.26549796130885384,Medium Priority,Maintain efficiently
HCP_0308,Quebec,Psychiatry,2.40430650005598,504,304,47,0.1546052631578947,0.8453947368421053,0.0474506264868509,0.3995160617075347,98,90,High,High,Emerging Opportunity,3,0.29941458233954676,Medium Priority,Digital-first nurture
HCP_0309,Quebec,Psychiatry,2.40430650005598,751,367,48,0.1307901907356948,0.8692098092643052,0.0852245035962368,0.1323925370945343,6,79,Low,High,Core / Maintenance,0,0.22683939034201697,Medium Priority,Maintain efficiently
HCP_0310,Quebec,Psychiatry,2.40430650005598,578,240,136,0.5666666666666667,0.4333333333333333,0.079930122522205,0.3044429549710354,61,29,Medium,Low,Core / Maintenance,4,-0.5061755078900788,Low Priority,Maintain efficiently
HCP_0311,Quebec,Psychiatry,2.40430650005598,575,238,132,0.5546218487394958,0.4453781512605042,0.0107992102989147,0.1823108717816183,50,76,Medium,High,Core / Maintenance,4,-0.7126210198504085,Low Priority,Maintain efficiently
HCP_0312,Quebec,Psychiatry,2.40430650005598,911,428,230,0.5373831775700935,0.4626168224299065,0.0649702519596721,0.0528378689101746,45,99,Medium,High,Core / Maintenance,0,-0.5268540642808406,Low Priority,Maintain efficiently
HCP_0313,Quebec,Psychiatry,2.40430650005598,828,618,243,0.3932038834951456,0.6067961165048543,0.2318533770022697,0.0532383828525658,19,84,Low,High,Core / Maintenance,0,-0.1316507279008648,Low Priority,Maintain efficiently
HCP_0314,Quebec,Psychiatry,2.40430650005598,825,423,209,0.4940898345153664,0.5059101654846336,0.0958081002755011,0.2111981026467895,95,44,High,Medium,Core / Maintenance,4,-0.252937238363515,Low Priority,Maintain efficiently
HCP_0315,Quebec,Psychiatry,2.40430650005598,979,764,67,0.087696335078534,0.912303664921466,0.0051957889996298,0.2209172195515171,37,44,Medium,Medium,Core / Maintenance,3,0.6105690575272987,High Priority,Maintain efficiently
HCP_0316,Quebec,Psychiatry,2.40430650005598,625,395,92,0.2329113924050632,0.7670886075949367,-0.0100237380515194,0.0578993938007049,60,78,Medium,High,Core / Maintenance,2,-0.24721639758500655,Low Priority,Maintain efficiently
HCP_0317,Quebec,Psychiatry,2.40430650005598,787,452,101,0.2234513274336283,0.7765486725663717,0.0296177170786723,0.2904245958710059,31,83,Low,High,Core / Maintenance,3,0.27535133202213957,Medium Priority,Maintain efficiently
HCP_0318,Quebec,Psychiatry,2.40430650005598,556,351,140,0.3988603988603988,0.6011396011396011,0.2464087954196767,0.1529011860082336,25,83,Low,High,Core / Maintenance,0,-0.23649766775657022,Low Priority,Maintain efficiently
HCP_0319,Quebec,Psychiatry,2.40430650005598,695,422,104,0.2464454976303317,0.7535545023696683,0.0280039148568563,0.2459625855375823,57,44,Medium,Medium,Core / Maintenance,3,0.07696473758344391,Medium Priority,Maintain efficiently
HCP_0320,Quebec,Psychiatry,2.40430650005598,593,417,55,0.13189448441247,0.8681055155875299,0.047624678657515,0.1553216756078966,38,54,Medium,Medium,Core / Maintenance,2,0.06133638700802255,Medium Priority,Maintain efficiently
HCP_0321,Quebec,Psychiatry,2.40430650005598,642,329,124,0.3768996960486322,0.6231003039513678,-0.0078776285123563,0.1084970102042575,19,58,Low,Medium,Core / Maintenance,2,-0.42528058483338016,Low Priority,Maintain efficiently
HCP_0322,Quebec,Psychiatry,2.40430650005598,764,413,206,0.4987893462469733,0.5012106537530266,0.1818780028930357,0.1925108085096064,81,4,High,Low,Core / Maintenance,0,-0.2434119636429921,Low Priority,Maintain efficiently
HCP_0323,Quebec,Psychiatry,2.40430650005598,466,353,92,0.2606232294617563,0.7393767705382437,0.2851804705693609,0.1312956776766752,49,31,Medium,Low,Core / Maintenance,0,-0.04859344727617959,Low Priority,Maintain efficiently
HCP_0324,Quebec,Psychiatry,2.40430650005598,1290,1004,123,0.1225099601593625,0.8774900398406374,0.1040735659317665,0.2371803419217088,78,5,High,Low,High-Potential Conversion,1,0.9410331254737764,High Priority,Deepen field relationship
HCP_0325,Quebec,Psychiatry,2.40430650005598,436,330,52,0.1575757575757575,0.8424242424242424,0.059932748454251,0.119589985600268,51,93,Medium,High,Core / Maintenance,2,-0.17647840935943937,Low Priority,Maintain efficiently
HCP_0326,Quebec,Psychiatry,2.40430650005598,406,231,42,0.1818181818181818,0.8181818181818181,0.0544139399809081,0.2279420918256194,85,25,High,Low,Core / Maintenance,3,-0.09495291644557881,Low Priority,Maintain efficiently
HCP_0327,Quebec,Psychiatry,2.40430650005598,930,662,142,0.2145015105740181,0.7854984894259819,-0.2361168146542894,0.1050824802041036,21,36,Low,Medium,Core / Maintenance,2,0.15148897307705436,Medium Priority,Maintain efficiently
HCP_0328,Quebec,Psychiatry,2.40430650005598,818,483,195,0.4037267080745341,0.5962732919254659,0.139418103714178,0.2848411483200248,52,12,Medium,Low,Core / Maintenance,4,0.07376768888902016,Medium Priority,Maintain efficiently
HCP_0329,Quebec,Psychiatry,2.40430650005598,772,462,176,0.3809523809523809,0.6190476190476191,0.0660999699195012,0.3138781895544984,84,92,High,High,Core / Maintenance,4,0.026378433815305802,Medium Priority,Maintain efficiently
HCP_0330,Quebec,Psychiatry,2.40430650005598,773,372,161,0.4327956989247312,0.5672043010752688,0.1014010460792869,0.0886379819874768,65,68,Medium,High,Core / Maintenance,0,-0.36498757837580575,Low Priority,Maintain efficiently
HCP_0331,Quebec,Psychiatry,2.40430650005598,618,393,98,0.2493638676844783,0.7506361323155216,-0.0353754632900445,0.2137308442130687,42,24,Medium,Low,Core / Maintenance,2,-0.05094420603152691,Low Priority,Maintain efficiently
HCP_0332,Quebec,Psychiatry,2.40430650005598,453,215,108,0.5023255813953489,0.4976744186046511,0.003865174522749,0.0748050952292057,81,12,High,Low,Core / Maintenance,2,-0.8931163060273954,Low Priority,Maintain efficiently
HCP_0333,Quebec,Psychiatry,2.40430650005598,637,339,55,0.1622418879056047,0.8377581120943953,0.0006770076196192,0.2593638559397008,22,87,Low,High,Core / Maintenance,3,0.1994046385063941,Medium Priority,Maintain efficiently
HCP_0334,Quebec,Psychiatry,2.40430650005598,489,363,112,0.3085399449035813,0.6914600550964187,0.1725947580887646,0.1425415042753758,76,94,High,High,Core / Maintenance,0,-0.23699351474307892,Low Priority,Maintain efficiently
HCP_0335,Quebec,Psychiatry,2.40430650005598,873,422,207,0.490521327014218,0.509478672985782,0.0045488196076288,0.2346685598935478,63,19,Medium,Low,Core / Maintenance,4,-0.2270902649125467,Low Priority,Maintain efficiently
HCP_0336,Quebec,Psychiatry,2.40430650005598,589,252,38,0.1507936507936507,0.8492063492063492,0.2999192386531757,0.2311113532845019,8,71,Low,High,Core / Maintenance,0,0.4437255437644064,Medium Priority,Maintain efficiently
HCP_0337,Quebec,Psychiatry,2.40430650005598,465,199,22,0.1105527638190954,0.8894472361809045,0.1017034902818044,0.3735240211678302,6,59,Low,Medium,Emerging Opportunity,3,0.371834105306043,Medium Priority,Develop engagement
HCP_0338,Quebec,Psychiatry,2.40430650005598,554,430,230,0.5348837209302325,0.4651162790697675,-0.1030819191994878,0.242179127899053,40,72,Medium,High,Core / Maintenance,4,-0.6058961730542298,Low Priority,Maintain efficiently
HCP_0339,Quebec,Psychiatry,2.40430650005598,717,432,103,0.2384259259259259,0.7615740740740741,0.0345744448097651,0.2540494679014105,53,20,Medium,Low,Core / Maintenance,3,0.1253180343257791,Medium Priority,Maintain efficiently
HCP_0340,Quebec,Psychiatry,2.40430650005598,509,287,122,0.4250871080139373,0.5749128919860627,-0.0282010146587698,0.1905785940175331,64,60,Medium,Medium,Core / Maintenance,2,-0.5204645235724902,Low Priority,Maintain efficiently
HCP_0341,Quebec,Psychiatry,2.40430650005598,465,337,22,0.0652818991097922,0.9347181008902076,-0.2133258963784029,0.3821778611139859,1,83,Low,High,Core / Maintenance,3,0.40038604772411757,Medium Priority,Maintain efficiently
HCP_0342,Quebec,Psychiatry,2.40430650005598,675,496,213,0.4294354838709677,0.5705645161290323,0.2419365128136547,0.3220150683038634,3,78,Low,High,Core / Maintenance,4,0.06890884587812007,Medium Priority,Maintain efficiently
HCP_0343,Quebec,Psychiatry,2.40430650005598,676,360,81,0.225,0.775,0.1343771050664005,0.1498918516059945,77,25,High,Low,Core / Maintenance,0,0.06408410418083518,Medium Priority,Maintain efficiently
HCP_0344,Quebec,Psychiatry,2.40430650005598,519,352,28,0.0795454545454545,0.9204545454545454,0.1139848781479175,0.3454733550216812,31,53,Low,Medium,Emerging Opportunity,3,0.4548749936026173,Medium Priority,Develop engagement
HCP_0345,Quebec,Psychiatry,2.40430650005598,526,373,144,0.3860589812332439,0.613941018766756,0.0698484392359645,0.2013387260647815,99,41,High,Medium,Core / Maintenance,0,-0.3841292121000665,Low Priority,Maintain efficiently
HCP_0346,Quebec,Psychiatry,2.40430650005598,673,445,81,0.1820224719101123,0.8179775280898877,-0.1158421082430925,0.3400335002367579,1,10,Low,Low,Core / Maintenance,3,0.31796653758029747,Medium Priority,Maintain efficiently
HCP_0347,Quebec,Psychiatry,2.40430650005598,374,172,45,0.2616279069767442,0.7383720930232558,-0.0080340567466524,0.3380108239027257,63,36,Medium,Medium,Core / Maintenance,3,-0.1220879715774576,Low Priority,Maintain efficiently
HCP_0348,Quebec,Psychiatry,2.40430650005598,379,284,27,0.0950704225352112,0.9049295774647887,0.1510136929740815,0.116104565366999,13,10,Low,Low,Core / Maintenance,0,-0.007985933693691105,Low Priority,Maintain efficiently
HCP_0349,Quebec,Psychiatry,2.40430650005598,482,297,39,0.1313131313131313,0.8686868686868687,-0.0761464035739003,0.2953993959842519,19,26,Low,Low,Core / Maintenance,3,0.16250175012939622,Medium Priority,Maintain efficiently
HCP_0350,Quebec,Psychiatry,2.40430650005598,576,295,63,0.2135593220338983,0.7864406779661017,-0.2538123179500976,0.1517250392572859,88,93,High,High,Core / Maintenance,2,-0.11717555200306282,Low Priority,Maintain efficiently
HCP_0351,Quebec,Psychiatry,2.40430650005598,692,395,39,0.0987341772151898,0.9012658227848102,0.0227472790662888,0.1541224344974339,48,82,Medium,High,Core / Maintenance,2,0.21358004918048049,Medium Priority,Maintain efficiently
HCP_0352,Quebec,Psychiatry,2.40430650005598,1039,431,237,0.5498839907192575,0.4501160092807424,0.0329890935166953,0.1537218269082032,7,33,Low,Medium,High-Value Established,4,-0.3004068796397889,Low Priority,Retain and deepen
HCP_0353,Quebec,Psychiatry,2.40430650005598,837,378,20,0.0529100529100529,0.9470899470899472,0.0662676099697651,0.3039488866459819,91,37,High,Medium,Core / Maintenance,3,0.6901346570426581,High Priority,Field-led opportunity development
HCP_0354,Quebec,Psychiatry,2.40430650005598,586,414,131,0.3164251207729469,0.6835748792270531,0.1374222372217443,0.1304391146273876,62,60,Medium,Medium,Core / Maintenance,0,-0.2196127567946653,Low Priority,Maintain efficiently
HCP_0355,Quebec,Psychiatry,2.40430650005598,616,246,29,0.1178861788617886,0.8821138211382114,0.126512697467745,0.0503170423361315,45,86,Medium,High,Core / Maintenance,0,0.048446008149568176,Medium Priority,Maintain efficiently
HCP_0356,Quebec,Psychiatry,2.40430650005598,437,248,54,0.2177419354838709,0.782258064516129,0.0810523766292705,0.3003328987189216,20,52,Low,Medium,Core / Maintenance,3,0.008579678594173981,Low Priority,Maintain efficiently
HCP_0357,Quebec,Psychiatry,2.40430650005598,616,375,210,0.56,0.4399999999999999,0.1934637665704051,0.1099146603422938,86,64,High,Medium,Core / Maintenance,0,-0.6105058383568535,Low Priority,Maintain efficiently
HCP_0358,Quebec,Psychiatry,2.40430650005598,561,237,33,0.1392405063291139,0.8607594936708861,-0.1322763736975977,0.0865688383577421,31,2,Low,Low,Core / Maintenance,2,-0.08985375808994026,Low Priority,Maintain efficiently
HCP_0359,Quebec,Psychiatry,2.40430650005598,694,548,319,0.5821167883211679,0.4178832116788321,0.1105498177372868,0.133130642207921,7,66,Low,Medium,Core / Maintenance,0,-0.6433838017623944,Low Priority,Maintain efficiently
HCP_0360,Quebec,Psychiatry,2.40430650005598,464,228,37,0.1622807017543859,0.8377192982456141,0.1251846036004331,0.1829651828129464,94,27,High,Low,Core / Maintenance,0,0.01638837194077039,Low Priority,Maintain efficiently
HCP_0361,Quebec,Psychiatry,2.40430650005598,744,388,178,0.4587628865979381,0.5412371134020619,-0.0987474743296287,0.2165672146156202,100,13,High,Low,Core / Maintenance,2,-0.31868808345737243,Low Priority,Maintain efficiently
HCP_0362,Quebec,Psychiatry,2.40430650005598,1061,553,194,0.3508137432188065,0.6491862567811935,-0.1303444730418867,0.0655995142494207,15,51,Low,Medium,Core / Maintenance,2,-0.037735317272693386,Low Priority,Maintain efficiently
HCP_0363,Quebec,Psychiatry,2.40430650005598,597,294,158,0.5374149659863946,0.4625850340136054,-0.0395130551770721,0.3897006664195762,39,29,Medium,Low,Core / Maintenance,4,-0.3478727360269148,Low Priority,Maintain efficiently
HCP_0364,Quebec,Psychiatry,2.40430650005598,714,286,101,0.3531468531468531,0.6468531468531469,-0.029384973101835,0.3006220686968454,26,57,Low,Medium,Core / Maintenance,4,-0.02306801020036084,Low Priority,Maintain efficiently
HCP_0365,Quebec,Psychiatry,2.40430650005598,790,546,188,0.3443223443223443,0.6556776556776557,0.1404103356202917,0.1631179228635176,17,53,Low,Medium,Core / Maintenance,0,-0.023109894471452452,Low Priority,Maintain efficiently
HCP_0366,Quebec,Psychiatry,2.40430650005598,539,424,67,0.1580188679245283,0.8419811320754718,-0.0237446540429313,0.1615440400498891,34,68,Medium,High,Core / Maintenance,2,-0.03373577280458663,Low Priority,Maintain efficiently
HCP_0367,Quebec,Psychiatry,2.40430650005598,671,329,47,0.1428571428571428,0.8571428571428572,-0.0527618221937444,0.2069898922789608,51,14,Medium,Low,Core / Maintenance,2,0.18988905067195877,Medium Priority,Maintain efficiently
HCP_0368,Quebec,Psychiatry,2.40430650005598,623,414,229,0.5531400966183575,0.4468599033816425,-0.023396048403347,0.2691856879670615,14,37,Low,Medium,Core / Maintenance,4,-0.5332820821788602,Low Priority,Maintain efficiently
HCP_0369,Quebec,Psychiatry,2.40430650005598,642,447,103,0.2304250559284116,0.7695749440715883,0.1842358800985054,0.1012305733061387,62,77,Medium,High,Core / Maintenance,0,0.009022069246861553,Low Priority,Maintain efficiently
HCP_0370,Quebec,Psychiatry,2.40430650005598,473,350,89,0.2542857142857143,0.7457142857142858,0.0515652049252342,0.1161254348177333,52,13,Medium,Low,Core / Maintenance,2,-0.3378957345126204,Low Priority,Maintain efficiently
HCP_0371,Quebec,Psychiatry,2.40430650005598,626,356,167,0.4691011235955056,0.5308988764044944,0.0284898769571705,0.3508021039917428,90,56,High,Medium,Core / Maintenance,4,-0.25009977019170515,Low Priority,Maintain efficiently
HCP_0372,Quebec,Psychiatry,2.40430650005598,738,385,91,0.2363636363636363,0.7636363636363637,0.0367993401558738,0.1396892233611754,80,58,High,Medium,Core / Maintenance,2,-0.02226351756324907,Low Priority,Maintain efficiently
HCP_0373,Quebec,Psychiatry,2.40430650005598,1031,547,314,0.5740402193784278,0.4259597806215722,0.2050472401191827,0.1830682492913121,65,7,Medium,Low,High-Value Established,0,-0.11382296295922799,Low Priority,Retain and deepen
HCP_0374,Quebec,Psychiatry,2.40430650005598,868,595,271,0.4554621848739495,0.5445378151260505,-0.039900607192389,0.354945147832541,30,71,Low,High,Core / Maintenance,4,0.014459237523773094,Low Priority,Maintain efficiently
HCP_0375,Quebec,Psychiatry,2.40430650005598,1318,958,363,0.3789144050104384,0.6210855949895615,0.2078609949128124,0.2821017402899379,60,18,Medium,Low,Core / Maintenance,1,0.6806399271041688,High Priority,Maintain efficiently
HCP_0376,Quebec,Psychiatry,2.40430650005598,474,224,120,0.5357142857142857,0.4642857142857143,0.0752595558705804,0.1695991577695909,63,31,Medium,Low,Core / Maintenance,4,-0.7561705355151028,Low Priority,Maintain efficiently
HCP_0377,Quebec,Psychiatry,2.40430650005598,842,462,36,0.0779220779220779,0.922077922077922,0.0307496741629582,0.2892948410036173,100,94,High,High,Core / Maintenance,3,0.5998002852588069,High Priority,Field-led opportunity development
HCP_0378,Quebec,Psychiatry,2.40430650005598,661,503,96,0.1908548707753479,0.8091451292246521,0.3501080597521137,0.0568891253834948,97,28,High,Low,Core / Maintenance,0,0.2375112391437293,Medium Priority,Maintain efficiently
HCP_0379,Quebec,Psychiatry,2.40430650005598,1335,965,295,0.3056994818652849,0.694300518134715,-0.0766767387758315,0.3074749310039778,33,40,Medium,Medium,Core / Maintenance,1,0.6735227541729423,High Priority,Maintain efficiently
HCP_0380,Quebec,Pediatrics,8.307188696235798,869,690,121,0.1753623188405797,0.8246376811594203,0.0075577088519592,0.2204556141806838,54,74,Medium,High,Core / Maintenance,3,0.33948424332518357,Medium Priority,Maintain efficiently
HCP_0381,Quebec,Pediatrics,8.307188696235798,859,603,277,0.4593698175787728,0.5406301824212272,-0.09789174869968,0.3346137515495614,58,44,Medium,Medium,Core / Maintenance,4,-0.03204967853592175,Low Priority,Maintain efficiently
HCP_0382,Quebec,Pediatrics,8.307188696235798,935,521,289,0.5547024952015355,0.4452975047984645,0.1642954364643403,0.3841231782022639,2,12,Low,Low,Core / Maintenance,4,0.08219333259225939,Medium Priority,Maintain efficiently
HCP_0383,Quebec,Pediatrics,8.307188696235798,548,349,99,0.2836676217765043,0.7163323782234957,0.2527026720382014,0.3740259923230989,16,26,Low,Low,Core / Maintenance,3,0.31167984990980035,Medium Priority,Maintain efficiently
HCP_0384,Quebec,Pediatrics,8.307188696235798,959,637,152,0.23861852433281,0.7613814756671899,0.2503907337685566,0.3682427652093692,77,18,High,Low,Core / Maintenance,3,0.7800221577120855,High Priority,Field-led opportunity development
HCP_0385,Quebec,Pediatrics,8.307188696235798,884,381,221,0.5800524934383202,0.4199475065616798,0.1968738503775206,0.2292594845768605,77,25,High,Low,Core / Maintenance,4,-0.20712776714375605,Low Priority,Maintain efficiently
HCP_0386,Quebec,Pediatrics,8.307188696235798,1215,751,221,0.2942743009320905,0.7057256990679095,0.0262855438644841,0.1760497399486283,45,52,Medium,Medium,Core / Maintenance,1,0.3823078484774208,Medium Priority,Maintain efficiently
HCP_0387,Quebec,Pediatrics,8.307188696235798,1299,888,283,0.3186936936936937,0.6813063063063063,0.0061710827012184,0.2127623636557354,37,50,Medium,Medium,Core / Maintenance,1,0.4723438930386533,Medium Priority,Maintain efficiently
HCP_0388,Quebec,Pediatrics,8.307188696235798,2223,1038,253,0.2437379576107899,0.75626204238921,-0.1505403726992877,0.2914636011596763,34,36,Medium,Medium,Core / Maintenance,1,1.6198217472533625,High Priority,Maintain efficiently
HCP_0389,Quebec,Pediatrics,8.307188696235798,1608,1145,630,0.5502183406113537,0.4497816593886463,0.2943048242218151,0.3593992219049153,0,8,Low,Low,High-Value Established,1,0.8594245805467597,High Priority,Retain and deepen
HCP_0390,Quebec,Pediatrics,8.307188696235798,942,597,217,0.3634840871021775,0.6365159128978224,0.1062773693778161,0.1224452060500418,28,91,Low,High,Core / Maintenance,0,-0.01562272845557447,Low Priority,Maintain efficiently
HCP_0391,Quebec,Pediatrics,8.307188696235798,842,658,309,0.4696048632218845,0.5303951367781155,-0.0090348285843379,0.3713676054615961,3,95,Low,High,Core / Maintenance,4,-0.012450436503563339,Low Priority,Maintain efficiently
HCP_0392,Quebec,Pediatrics,8.307188696235798,1369,571,283,0.4956217162872154,0.5043782837127846,0.2093668266784361,0.3353130811894612,60,51,Medium,Medium,High-Value Established,4,0.5922585460949681,High Priority,Retain and deepen
HCP_0393,Quebec,Pediatrics,8.307188696235798,726,367,87,0.2370572207084468,0.7629427792915531,-0.0667317420112001,0.3925996053123821,96,53,High,Medium,Core / Maintenance,3,0.34450068541824597,Medium Priority,Maintain efficiently
HCP_0394,Quebec,Pediatrics,8.307188696235798,2189,1402,405,0.2888730385164051,0.7111269614835949,0.0987946441067209,0.3580881206485905,16,2,Low,Low,Core / Maintenance,1,1.6682656135155898,High Priority,Maintain efficiently
HCP_0395,Quebec,Pediatrics,8.307188696235798,1742,903,467,0.5171650055370985,0.4828349944629014,0.0292845038850998,0.1479780653921673,27,95,Low,High,High-Value Established,1,0.4284817996439636,Medium Priority,Retain and deepen
HCP_0396,Quebec,Pediatrics,8.307188696235798,978,671,168,0.2503725782414307,0.7496274217585692,0.1266412567856361,0.0870845689704166,49,68,Medium,High,Core / Maintenance,0,0.20316347538140983,Medium Priority,Maintain efficiently
HCP_0397,Quebec,Pediatrics,8.307188696235798,633,445,217,0.4876404494382022,0.5123595505617977,0.0423711752976654,0.089284375197056,89,7,High,Low,Core / Maintenance,0,-0.6707041375544253,Low Priority,Maintain efficiently
HCP_0398,Quebec,Pediatrics,8.307188696235798,1852,817,464,0.5679314565483476,0.4320685434516523,-0.1241113469333469,0.1519281615023966,7,13,Low,Low,High-Value Established,1,0.4448767836816567,Medium Priority,Retain and deepen
HCP_0399,Quebec,Pediatrics,8.307188696235798,1108,671,264,0.3934426229508196,0.6065573770491803,0.0590691647204045,0.2649643033945887,33,2,Medium,Low,Core / Maintenance,4,0.24405794206090894,Medium Priority,Maintain efficiently
HCP_0400,Quebec,Pediatrics,8.307188696235798,1778,1073,491,0.4575955265610438,0.5424044734389561,0.1758636970250434,0.3315121141340104,58,23,Medium,Low,Core / Maintenance,1,1.0103925427568785,High Priority,Maintain efficiently
HCP_0401,Quebec,Pediatrics,8.307188696235798,660,361,178,0.4930747922437673,0.5069252077562327,0.0464940312975217,0.3647376074435476,17,12,Low,Low,Core / Maintenance,4,-0.23945168241501918,Low Priority,Maintain efficiently
HCP_0402,Quebec,Pediatrics,8.307188696235798,935,723,372,0.5145228215767634,0.4854771784232365,0.1430138145906903,0.2683136845292315,94,42,High,Medium,Core / Maintenance,4,-0.04216610756279167,Low Priority,Maintain efficiently
HCP_0403,Quebec,Pediatrics,8.307188696235798,1155,844,226,0.2677725118483412,0.7322274881516588,-0.0754635382808863,0.0519709594618188,58,28,Medium,Low,Core / Maintenance,2,0.1881299968550394,Medium Priority,Maintain efficiently
HCP_0404,Quebec,Pediatrics,8.307188696235798,1172,796,62,0.0778894472361809,0.9221105527638191,0.0468487048076177,0.1152108717814867,26,71,Low,High,High-Potential Conversion,2,0.6584111394492516,High Priority,Increase field engagement
HCP_0405,Quebec,Pediatrics,8.307188696235798,985,675,183,0.2711111111111111,0.7288888888888889,-0.0249412546106292,0.0849041713486787,15,50,Low,Medium,Core / Maintenance,2,0.06780348557203167,Medium Priority,Maintain efficiently
HCP_0406,Quebec,Pediatrics,8.307188696235798,1434,838,352,0.4200477326968974,0.5799522673031026,0.1396377008125651,0.1771635664491535,9,41,Low,Medium,Core / Maintenance,1,0.4741791335810046,Medium Priority,Maintain efficiently
HCP_0407,Quebec,Pediatrics,8.307188696235798,793,609,181,0.2972085385878489,0.7027914614121511,0.0537789874714395,0.2254728477718111,75,30,High,Low,Core / Maintenance,3,0.056082645959374754,Medium Priority,Maintain efficiently
HCP_0408,Quebec,Pediatrics,8.307188696235798,1097,744,344,0.4623655913978494,0.5376344086021505,0.1328088411603935,0.0651890125024963,21,62,Low,Medium,Core / Maintenance,0,-0.10577587607409375,Low Priority,Maintain efficiently
HCP_0409,Quebec,Pediatrics,8.307188696235798,1202,831,205,0.246690734055355,0.753309265944645,0.1805252511389439,0.1719672915284794,15,25,Low,Low,Core / Maintenance,0,0.6186764536320766,High Priority,Maintain efficiently
HCP_0410,Quebec,Pediatrics,8.307188696235798,1380,1028,410,0.3988326848249027,0.6011673151750972,0.1329942290145666,0.1127128861188629,11,17,Low,Low,Core / Maintenance,1,0.3572345572375439,Medium Priority,Maintain efficiently
HCP_0411,Quebec,Pediatrics,8.307188696235798,1479,754,115,0.1525198938992042,0.8474801061007957,0.0827742121152373,0.2764745581906059,74,81,High,High,High-Potential Conversion,1,1.099426375090408,High Priority,Deepen field relationship
HCP_0412,Quebec,Pediatrics,8.307188696235798,778,562,260,0.4626334519572954,0.5373665480427046,-0.0697854710213686,0.212495329263519,83,56,High,Medium,Core / Maintenance,4,-0.2993694993314608,Low Priority,Maintain efficiently
HCP_0413,Quebec,Pediatrics,8.307188696235798,674,322,113,0.3509316770186335,0.6490683229813665,0.0496656667199718,0.2233611764268681,50,6,Medium,Low,Core / Maintenance,4,-0.16742274546701164,Low Priority,Maintain efficiently
HCP_0414,Quebec,Pediatrics,8.307188696235798,1803,970,157,0.1618556701030928,0.8381443298969072,-0.0139708482418999,0.1996921258117114,0,47,Low,Medium,Core / Maintenance,1,1.2319080058661929,High Priority,Maintain efficiently
HCP_0415,Quebec,Pediatrics,8.307188696235798,1295,692,146,0.2109826589595375,0.7890173410404624,0.0087123251954928,0.3846068986702984,26,79,Low,High,Core / Maintenance,3,0.9286701236174726,High Priority,Digital-led opportunity development
HCP_0416,Quebec,Pediatrics,8.307188696235798,887,702,324,0.4615384615384615,0.5384615384615384,0.0050559019099699,0.1251572937925471,66,59,Medium,Medium,Core / Maintenance,2,-0.32357854932490376,Low Priority,Maintain efficiently
HCP_0417,Quebec,Pediatrics,8.307188696235798,1984,1473,465,0.3156822810590631,0.6843177189409368,-0.0675910689738693,0.230832490945356,11,32,Low,Low,Core / Maintenance,1,1.163885476788634,High Priority,Maintain efficiently
HCP_0418,Quebec,Pediatrics,8.307188696235798,1201,817,138,0.1689106487148103,0.8310893512851897,-0.1848806306960788,0.3076060789278675,29,2,Low,Low,Core / Maintenance,3,0.8016915482038469,High Priority,Maintain efficiently
HCP_0419,Quebec,Pediatrics,8.307188696235798,1742,1203,700,0.5818786367414797,0.4181213632585203,-0.030177165799332,0.2448955445970969,8,3,Low,Low,High-Value Established,1,0.45244177619664877,Medium Priority,Retain and deepen
HCP_0420,Quebec,Pediatrics,8.307188696235798,1180,737,327,0.4436906377204884,0.5563093622795116,0.0732055342308991,0.3751573100008804,52,99,Medium,High,Core / Maintenance,4,0.401603136322628,Medium Priority,Maintain efficiently
HCP_0421,Quebec,Pediatrics,8.307188696235798,2372,1847,1065,0.576610720086627,0.423389279913373,-0.1117812454512988,0.1822889244744495,60,3,Medium,Low,High-Value Established,1,0.9742346256259913,High Priority,Retain and deepen
HCP_0422,Quebec,Pediatrics,8.307188696235798,2131,1275,363,0.2847058823529412,0.7152941176470589,0.0518818683765949,0.2122865320206123,53,41,Medium,Medium,Core / Maintenance,1,1.3442055164153166,High Priority,Maintain efficiently
HCP_0423,Quebec,Pediatrics,8.307188696235798,1057,584,182,0.3116438356164384,0.6883561643835616,0.2780322109173157,0.0809828103251549,36,8,Medium,Low,Core / Maintenance,0,0.3397304511273554,Medium Priority,Maintain efficiently
HCP_0424,Quebec,Pediatrics,8.307188696235798,1620,754,410,0.5437665782493368,0.4562334217506631,0.1727667866302687,0.263149688868175,64,50,Medium,Medium,High-Value Established,1,0.5902567613843507,High Priority,Retain and deepen
HCP_0425,Quebec,Pediatrics,8.307188696235798,1445,1032,350,0.3391472868217054,0.6608527131782946,0.2472249810944635,0.1508741889568371,41,16,Medium,Low,Core / Maintenance,0,0.7285274487967146,High Priority,Maintain efficiently
HCP_0426,Quebec,Pediatrics,8.307188696235798,1861,1291,567,0.4391944229279628,0.5608055770720372,0.0969353452319271,0.1061081638304491,48,16,Medium,Low,Core / Maintenance,1,0.6900988885295862,High Priority,Maintain efficiently
HCP_0427,Quebec,Pediatrics,8.307188696235798,822,455,86,0.189010989010989,0.810989010989011,0.1901011787583735,0.2405859525165778,3,96,Low,High,Core / Maintenance,3,0.47621430386064734,Medium Priority,Maintain efficiently
HCP_0428,Quebec,Pediatrics,8.307188696235798,1466,601,178,0.2961730449251248,0.7038269550748752,-0.0368757676561344,0.2363085921829687,63,19,Medium,Low,Core / Maintenance,1,0.7105752886378771,High Priority,Maintain efficiently
HCP_0429,Quebec,Pediatrics,8.307188696235798,1670,1228,145,0.1180781758957654,0.8819218241042346,-0.0273208320426381,0.0765550744284166,78,13,High,Low,Core / Maintenance,1,1.0013770209071737,High Priority,Field-led opportunity development
HCP_0430,Quebec,Pediatrics,8.307188696235798,623,252,41,0.1626984126984127,0.8373015873015873,-0.2786968247364967,0.2943754087230655,50,21,Medium,Low,Core / Maintenance,2,0.23763438256518044,Medium Priority,Maintain efficiently
HCP_0431,Quebec,Dermatology,2.415674087258362,411,280,14,0.05,0.95,0.1923374568850758,0.2683202667277985,90,51,High,Medium,Core / Maintenance,3,0.38632529131550275,Medium Priority,Maintain efficiently
HCP_0432,Quebec,Dermatology,2.415674087258362,305,240,17,0.0708333333333333,0.9291666666666668,0.2348388775783863,0.116156048961274,71,26,High,Low,Core / Maintenance,0,0.0687556936990654,Medium Priority,Maintain efficiently
HCP_0433,Quebec,Dermatology,2.415674087258362,566,325,191,0.5876923076923077,0.4123076923076922,-0.0163812694416723,0.2143022017539153,59,42,Medium,Medium,Core / Maintenance,4,-0.735353127149792,Low Priority,Maintain efficiently
HCP_0434,Quebec,Dermatology,2.415674087258362,799,395,72,0.1822784810126582,0.8177215189873418,0.0195257952323317,0.302113020767496,86,2,High,Low,Core / Maintenance,3,0.38174319807758833,Medium Priority,Maintain efficiently
HCP_0435,Quebec,Dermatology,2.415674087258362,1052,717,297,0.4142259414225941,0.5857740585774058,-0.0404634536429153,0.2353025091894467,78,87,High,High,Core / Maintenance,4,0.08926070218441166,Medium Priority,Maintain efficiently
HCP_0436,Quebec,Dermatology,2.415674087258362,638,464,237,0.5107758620689655,0.4892241379310345,0.0959184261772989,0.1884211766642495,90,93,High,High,Core / Maintenance,4,-0.49815798300311515,Low Priority,Maintain efficiently
HCP_0437,Quebec,Dermatology,2.415674087258362,1099,680,240,0.3529411764705882,0.6470588235294117,0.1849919054363888,0.1628184603283303,30,7,Low,Low,Core / Maintenance,0,0.3118417914367252,Medium Priority,Maintain efficiently
HCP_0438,Quebec,Dermatology,2.415674087258362,384,302,41,0.1357615894039735,0.8642384105960265,-0.1591326368657249,0.2636378533254188,71,85,High,High,Core / Maintenance,2,0.012229893430548616,Low Priority,Maintain efficiently
HCP_0439,Quebec,Dermatology,2.415674087258362,342,144,65,0.4513888888888889,0.5486111111111112,0.0991326236770702,0.3786880444085842,93,88,High,High,Core / Maintenance,4,-0.38180883377083924,Low Priority,Maintain efficiently
HCP_0440,Quebec,Dermatology,2.415674087258362,610,367,140,0.3814713896457766,0.6185286103542234,0.0167993873937025,0.2851106941671192,57,9,Medium,Low,Core / Maintenance,4,-0.19954992500229982,Low Priority,Maintain efficiently
HCP_0441,Quebec,Dermatology,2.415674087258362,711,489,221,0.4519427402862985,0.5480572597137015,0.0636073270360027,0.0761610662727104,81,28,High,Low,Core / Maintenance,0,-0.5254246183578191,Low Priority,Maintain efficiently
HCP_0442,Quebec,Dermatology,2.415674087258362,615,458,217,0.4737991266375546,0.5262008733624455,0.1050792802009149,0.2112397407187468,3,39,Low,Medium,Core / Maintenance,4,-0.40541632497226393,Low Priority,Maintain efficiently
HCP_0443,Quebec,Dermatology,2.415674087258362,302,142,83,0.5845070422535211,0.4154929577464789,0.0274157073472614,0.3617884460287197,21,64,Low,Medium,Core / Maintenance,4,-0.7618911707431691,Low Priority,Maintain efficiently
HCP_0444,Quebec,Dermatology,2.415674087258362,603,434,159,0.3663594470046083,0.6336405529953917,0.0375695775913063,0.0830618490303804,2,20,Low,Low,Core / Maintenance,2,-0.481173151101313,Low Priority,Maintain efficiently
HCP_0445,Quebec,Dermatology,2.415674087258362,394,245,58,0.236734693877551,0.763265306122449,0.0243349798934433,0.3961064992481402,78,23,High,Low,Core / Maintenance,3,0.031085411242427807,Medium Priority,Maintain efficiently
HCP_0446,Quebec,Dermatology,2.415674087258362,786,439,179,0.4077448747152619,0.5922551252847381,0.1664379442145937,0.3821742877758974,98,72,High,High,Core / Maintenance,4,0.2145231365064106,Medium Priority,Maintain efficiently
HCP_0447,Quebec,Dermatology,2.415674087258362,707,320,28,0.0875,0.9125,0.1002511952152995,0.0773960682554565,46,59,Medium,Medium,Core / Maintenance,0,0.20160308532391208,Medium Priority,Maintain efficiently
HCP_0448,Quebec,Dermatology,2.415674087258362,447,334,182,0.5449101796407185,0.4550898203592814,0.0764700245284833,0.3766946621573442,37,25,Medium,Low,Core / Maintenance,4,-0.4870845608255176,Low Priority,Maintain efficiently
HCP_0449,Quebec,General Surgery,3.7107842719909927,644,298,34,0.1140939597315436,0.8859060402684564,-0.1025142065310739,0.1770964065908117,32,8,Low,Low,Core / Maintenance,2,0.17306120847149337,Medium Priority,Maintain efficiently
HCP_0450,Quebec,General Surgery,3.7107842719909927,532,279,64,0.2293906810035842,0.7706093189964158,0.0045704308144215,0.3456482084765519,77,19,High,Low,Core / Maintenance,3,0.1018538805248721,Medium Priority,Maintain efficiently
HCP_0451,Quebec,General Surgery,3.7107842719909927,754,389,194,0.4987146529562982,0.5012853470437018,0.1578402992407009,0.196434168199645,47,55,Medium,Medium,Core / Maintenance,0,-0.27634170809316466,Low Priority,Maintain efficiently
HCP_0452,Quebec,General Surgery,3.7107842719909927,1076,805,305,0.3788819875776397,0.6211180124223603,0.0545235887748707,0.2042992894458805,64,98,Medium,High,Core / Maintenance,1,0.1440191243107683,Medium Priority,Maintain efficiently
HCP_0453,Quebec,General Surgery,3.7107842719909927,546,365,97,0.2657534246575342,0.7342465753424657,0.1291437763506966,0.2719850818421399,25,35,Low,Medium,Core / Maintenance,3,0.039411153520885825,Medium Priority,Maintain efficiently
HCP_0454,Quebec,General Surgery,3.7107842719909927,919,660,205,0.3106060606060606,0.6893939393939394,0.261981416039316,0.3210670967465941,7,35,Low,Medium,Core / Maintenance,3,0.5497273786052173,High Priority,Maintain efficiently
HCP_0455,Quebec,General Surgery,3.7107842719909927,640,320,166,0.51875,0.4812499999999999,0.174632728305058,0.061826202831887,49,72,Medium,High,Core / Maintenance,0,-0.6051372872783559,Low Priority,Maintain efficiently
HCP_0456,Quebec,General Surgery,3.7107842719909927,584,380,90,0.2368421052631578,0.7631578947368421,0.061179000523969,0.257604598434497,79,21,High,Low,Core / Maintenance,3,0.025694673429452603,Medium Priority,Maintain efficiently
HCP_0457,Quebec,General Surgery,3.7107842719909927,742,466,246,0.5278969957081545,0.4721030042918455,-0.0113187004234872,0.1153565479340798,37,0,Medium,Low,Core / Maintenance,2,-0.6023328408690869,Low Priority,Maintain efficiently
HCP_0458,Quebec,General Surgery,3.7107842719909927,536,393,39,0.099236641221374,0.900763358778626,-0.2564259515267078,0.171082331252121,9,68,Low,High,Core / Maintenance,2,0.08806736244721765,Medium Priority,Maintain efficiently
HCP_0459,Quebec,General Surgery,3.7107842719909927,635,484,231,0.4772727272727273,0.5227272727272727,0.0297938093032577,0.1717890331543257,41,72,Medium,High,Core / Maintenance,4,-0.5254781998440565,Low Priority,Maintain efficiently
HCP_0460,Quebec,General Surgery,3.7107842719909927,507,205,106,0.5170731707317073,0.4829268292682926,0.0108785005019781,0.2141711190774037,36,36,Medium,Medium,Core / Maintenance,4,-0.659693081287284,Low Priority,Maintain efficiently
HCP_0461,Quebec,General Surgery,3.7107842719909927,1533,1027,154,0.1499513145082765,0.8500486854917235,0.096843943327445,0.1669477441566607,25,82,Low,High,High-Potential Conversion,1,1.0089606282786694,High Priority,Increase field engagement
HCP_0462,Quebec,General Surgery,3.7107842719909927,780,328,94,0.2865853658536585,0.7134146341463414,0.0315313727630374,0.0875763914577337,91,71,High,High,Core / Maintenance,2,-0.1543892638848372,Low Priority,Maintain efficiently
HCP_0463,Quebec,General Surgery,3.7107842719909927,603,374,53,0.141711229946524,0.8582887700534759,0.0115537928675846,0.100970058483908,11,95,Low,High,Core / Maintenance,2,-0.03248588951236267,Low Priority,Maintain efficiently
HCP_0464,Quebec,General Surgery,3.7107842719909927,830,427,187,0.4379391100702576,0.5620608899297423,-0.1635278716608664,0.0617032949463841,83,12,High,Low,Core / Maintenance,2,-0.4293260019653952,Low Priority,Maintain efficiently
HCP_0465,Quebec,General Surgery,3.7107842719909927,741,387,133,0.3436692506459948,0.6563307493540051,-0.0627961394980079,0.214587179865064,48,83,Medium,High,Core / Maintenance,2,-0.10844102910919845,Low Priority,Maintain efficiently
HCP_0466,Quebec,General Surgery,3.7107842719909927,713,386,154,0.3989637305699481,0.6010362694300518,0.1071981248960669,0.384056693198546,13,99,Low,High,Core / Maintenance,4,0.09132076297901454,Medium Priority,Maintain efficiently
HCP_0467,Quebec,General Surgery,3.7107842719909927,955,619,98,0.1583198707592892,0.8416801292407108,0.2559089157359233,0.0904863282768408,45,42,Medium,Medium,Core / Maintenance,0,0.5167832014172211,High Priority,Maintain efficiently
HCP_0468,Quebec,General Surgery,3.7107842719909927,1004,536,89,0.166044776119403,0.833955223880597,0.0382969539505251,0.3811925725510787,34,36,Medium,Medium,High-Potential Conversion,3,0.7280675874455949,High Priority,Build field relationship
HCP_0469,Quebec,General Surgery,3.7107842719909927,640,444,32,0.072072072072072,0.927927927927928,0.0893373288288948,0.3066765301562327,28,93,Low,High,Core / Maintenance,3,0.49695460897638594,High Priority,Digital-led opportunity development
HCP_0470,Quebec,General Surgery,3.7107842719909927,630,354,80,0.2259887005649717,0.7740112994350282,0.1642973788343366,0.2731245810269571,11,73,Low,High,Core / Maintenance,3,0.23947851461237274,Medium Priority,Maintain efficiently
HCP_0471,Quebec,General Surgery,3.7107842719909927,700,299,107,0.3578595317725752,0.6421404682274248,-0.0473072723440299,0.275847214363247,81,94,High,High,Core / Maintenance,4,-0.08256643988735975,Low Priority,Maintain efficiently
HCP_0472,Quebec,General Surgery,3.7107842719909927,344,245,128,0.5224489795918368,0.4775510204081632,0.094017685194253,0.3393546769386987,43,24,Medium,Low,Core / Maintenance,4,-0.5785916709892795,Low Priority,Maintain efficiently
HCP_0473,Quebec,General Surgery,3.7107842719909927,453,233,97,0.4163090128755364,0.5836909871244635,-0.038858812759859,0.0874219525329375,65,92,Medium,High,Core / Maintenance,2,-0.7126710681311084,Low Priority,Maintain efficiently
HCP_0474,Quebec,General Surgery,3.7107842719909927,1243,712,206,0.2893258426966292,0.7106741573033708,0.1537789326189213,0.2266640132479396,1,87,Low,High,Core / Maintenance,1,0.6275021227768135,High Priority,Digital-led opportunity development
HCP_0475,Quebec,General Surgery,3.7107842719909927,1370,924,531,0.5746753246753247,0.4253246753246753,0.0681683657542079,0.2939818983912655,58,20,Medium,Low,High-Value Established,4,0.21039526749149307,Medium Priority,Retain and deepen
HCP_0476,Quebec,General Surgery,3.7107842719909927,706,376,168,0.4468085106382978,0.5531914893617021,0.0858142176777727,0.2553871557757473,16,40,Low,Medium,Core / Maintenance,4,-0.2244757651699298,Low Priority,Maintain efficiently
HCP_0477,Quebec,General Surgery,3.7107842719909927,943,399,224,0.5614035087719298,0.4385964912280702,-0.0439118316902306,0.3414726748581531,9,72,Low,High,Core / Maintenance,4,-0.1325541692269385,Low Priority,Maintain efficiently
HCP_0478,Quebec,General Surgery,3.7107842719909927,859,472,161,0.3411016949152542,0.6588983050847458,0.1348438831532942,0.075295098153973,17,41,Low,Medium,Core / Maintenance,0,-0.08931811679187637,Low Priority,Maintain efficiently
HCP_0479,Quebec,General Surgery,3.7107842719909927,2264,1761,339,0.1925042589437819,0.807495741056218,0.3001655505477219,0.2917453638247081,21,41,Low,Medium,Core / Maintenance,1,2.0675659454336746,High Priority,Maintain efficiently
HCP_0480,Quebec,General Surgery,3.7107842719909927,1140,749,59,0.0787716955941255,0.9212283044058744,-0.0709494034513847,0.2369097056346512,82,1,High,Low,Core / Maintenance,3,0.8061640553449492,High Priority,Field-led opportunity development
HCP_0481,Quebec,General Surgery,3.7107842719909927,737,493,222,0.4503042596348884,0.5496957403651115,0.0092289190822971,0.1827063023929802,57,67,Medium,High,Core / Maintenance,4,-0.3603614331223904,Low Priority,Maintain efficiently
HCP_0482,Quebec,General Surgery,3.7107842719909927,552,360,42,0.1166666666666666,0.8833333333333333,0.077792896900171,0.1690962437819108,52,7,Medium,Low,Core / Maintenance,3,0.10799900297365377,Medium Priority,Maintain efficiently
HCP_0483,Quebec,General Surgery,3.7107842719909927,439,211,46,0.2180094786729857,0.7819905213270142,0.144368745439498,0.2672914214709675,0,95,Low,High,Core / Maintenance,3,0.03769449866642669,Medium Priority,Maintain efficiently
HCP_0484,Quebec,General Surgery,3.7107842719909927,827,469,161,0.3432835820895522,0.6567164179104478,-0.0171455542347362,0.3618483811254927,87,60,High,Medium,Core / Maintenance,4,0.1960216786476474,Medium Priority,Maintain efficiently
HCP_0485,Quebec,General Surgery,3.7107842719909927,591,414,149,0.359903381642512,0.6400966183574879,-0.2899636348171288,0.2236615741353903,60,13,Medium,Low,Core / Maintenance,2,-0.2695576552903477,Low Priority,Maintain efficiently
HCP_0486,Quebec,General Surgery,3.7107842719909927,468,206,78,0.3786407766990291,0.6213592233009708,0.2131027392996829,0.338653107426922,99,76,High,High,Core / Maintenance,4,-0.04501230063052211,Low Priority,Maintain efficiently
HCP_0487,Quebec,General Surgery,3.7107842719909927,614,314,44,0.1401273885350318,0.8598726114649682,0.1412607343500971,0.1907547336453886,88,20,High,Low,Core / Maintenance,0,0.23355451233628993,Medium Priority,Maintain efficiently
HCP_0488,Quebec,General Surgery,3.7107842719909927,528,270,70,0.2592592592592592,0.7407407407407407,-0.1591537036583998,0.0858380619776117,99,23,High,Low,Core / Maintenance,2,-0.34803841518983336,Low Priority,Maintain efficiently
HCP_0489,Quebec,General Surgery,3.7107842719909927,1391,797,310,0.3889585947302384,0.6110414052697616,-0.0229082550135467,0.0715270077605235,30,49,Low,Medium,Core / Maintenance,1,0.21690053434916348,Medium Priority,Maintain efficiently
HCP_0490,Quebec,Urology,3.0888672729945728,957,758,442,0.58311345646438,0.41688654353562,0.2381818915432791,0.0679670299632871,30,81,Low,High,Core / Maintenance,0,-0.33434069134311206,Low Priority,Maintain efficiently
HCP_0491,Quebec,Urology,3.0888672729945728,701,299,135,0.451505016722408,0.548494983277592,0.2237355702149439,0.1830525496851844,65,44,Medium,Medium,Core / Maintenance,0,-0.1783189916989786,Low Priority,Maintain efficiently
HCP_0492,Quebec,Urology,3.0888672729945728,1180,717,400,0.5578800557880056,0.4421199442119944,0.1626368027214733,0.1680332127925447,18,63,Low,Medium,High-Value Established,0,-0.014522132501297746,Low Priority,Retain and deepen
HCP_0493,Quebec,Urology,3.0888672729945728,722,341,160,0.469208211143695,0.530791788856305,0.0288665079248164,0.3012779582678993,52,63,Medium,Medium,Core / Maintenance,4,-0.232311074554936,Low Priority,Maintain efficiently
HCP_0494,Quebec,Urology,3.0888672729945728,520,410,154,0.375609756097561,0.624390243902439,0.0599584902575012,0.309987525554703,75,25,High,Low,Core / Maintenance,4,-0.2192749118915377,Low Priority,Maintain efficiently
HCP_0495,Quebec,Urology,3.0888672729945728,1198,533,83,0.1557223264540337,0.8442776735459663,0.0342889033848648,0.0677988890918089,73,31,High,Low,High-Potential Conversion,2,0.4636297153607166,Medium Priority,Deepen field relationship
HCP_0496,Quebec,Urology,3.0888672729945728,849,477,199,0.4171907756813417,0.5828092243186582,0.1853887739922605,0.1273931420111552,94,56,High,Medium,Core / Maintenance,0,-0.10190810313298063,Low Priority,Maintain efficiently
HCP_0497,Quebec,Urology,3.0888672729945728,489,340,134,0.3941176470588235,0.6058823529411765,-0.0551010887794132,0.1459916475556149,21,52,Low,Medium,Core / Maintenance,2,-0.5484720853294348,Low Priority,Maintain efficiently
HCP_0498,Quebec,Urology,3.0888672729945728,658,449,171,0.3808463251670378,0.6191536748329621,-0.0466959585861045,0.2416641944499833,22,32,Low,Low,Core / Maintenance,4,-0.2174258666226662,Low Priority,Maintain efficiently
HCP_0499,Quebec,Urology,3.0888672729945728,517,294,94,0.3197278911564626,0.6802721088435374,0.1712329504203218,0.1005803283674326,86,51,High,Medium,Core / Maintenance,0,-0.29571691009977324,Low Priority,Maintain efficiently
HCP_0500,Quebec,Urology,3.0888672729945728,433,233,79,0.3390557939914163,0.6609442060085837,0.0446766253386126,0.0968794267900001,14,94,Low,High,Core / Maintenance,2,-0.5726563202633478,Low Priority,Maintain efficiently
HCP_0501,Quebec,Urology,3.0888672729945728,972,543,127,0.2338858195211786,0.7661141804788214,0.2154160826544569,0.3803261112227853,25,17,Low,Low,Core / Maintenance,3,0.7768550936615544,High Priority,Maintain efficiently
HCP_0502,Quebec,Urology,3.0888672729945728,1372,694,233,0.3357348703170029,0.6642651296829971,-0.0305814648376654,0.3314710175542233,2,34,Low,Medium,Core / Maintenance,1,0.6887271345909235,High Priority,Maintain efficiently
HCP_0503,Quebec,Urology,3.0888672729945728,431,208,33,0.1586538461538461,0.8413461538461539,0.0434265967593409,0.1132292157319096,86,11,High,Low,Core / Maintenance,2,-0.21131002037124316,Low Priority,Maintain efficiently
HCP_0504,Quebec,Urology,3.0888672729945728,856,508,250,0.4921259842519685,0.5078740157480315,-0.0606895581812743,0.1922987327669218,19,50,Low,Medium,Core / Maintenance,4,-0.3100473081268453,Low Priority,Maintain efficiently
HCP_0505,Quebec,Orthopedic Surgery,2.008531050434043,451,229,35,0.1528384279475982,0.8471615720524017,0.050883521770828,0.1744676997401479,39,88,Medium,High,Core / Maintenance,2,-0.0818349727182055,Low Priority,Maintain efficiently
HCP_0506,Quebec,Orthopedic Surgery,2.008531050434043,478,246,24,0.0975609756097561,0.902439024390244,-0.1274256324398558,0.3268514259228925,38,94,Medium,High,Core / Maintenance,3,0.26923731034051035,Medium Priority,Maintain efficiently
HCP_0507,Quebec,Orthopedic Surgery,2.008531050434043,461,306,89,0.2908496732026144,0.7091503267973855,-0.0085160105145955,0.2285745207673427,71,9,High,Low,Core / Maintenance,2,-0.25754679122867397,Low Priority,Maintain efficiently
HCP_0508,Quebec,Orthopedic Surgery,2.008531050434043,419,330,136,0.4121212121212121,0.5878787878787879,-0.1223504637913741,0.0947474079477134,17,51,Low,Medium,Core / Maintenance,2,-0.7265105395089644,Low Priority,Maintain efficiently
HCP_0509,Quebec,Orthopedic Surgery,2.008531050434043,577,370,108,0.2918918918918919,0.7081081081081081,0.1332707879829509,0.3086472221046853,40,33,Medium,Medium,Core / Maintenance,3,0.08021116458923033,Medium Priority,Maintain efficiently
HCP_0510,Quebec,Orthopedic Surgery,2.008531050434043,424,183,37,0.2021857923497267,0.7978142076502732,0.1359907207711582,0.1889107923787216,69,66,High,Medium,Core / Maintenance,0,-0.07489228943920045,Low Priority,Maintain efficiently
HCP_0511,Quebec,Orthopedic Surgery,2.008531050434043,623,268,96,0.3582089552238806,0.6417910447761195,-0.1576315276581213,0.1420234866712514,26,38,Low,Medium,Core / Maintenance,2,-0.3581367555978331,Low Priority,Maintain efficiently
HCP_0512,Quebec,Orthopedic Surgery,2.008531050434043,557,435,105,0.2413793103448276,0.7586206896551724,0.2100662894600687,0.181424517707252,99,7,High,Low,Core / Maintenance,0,0.05860690245532439,Medium Priority,Maintain efficiently
HCP_0513,Quebec,Orthopedic Surgery,2.008531050434043,521,270,152,0.562962962962963,0.437037037037037,0.3496898151703824,0.2242147972624137,14,95,Low,High,Core / Maintenance,0,-0.3451731936108121,Low Priority,Maintain efficiently
HCP_0514,Quebec,Orthopedic Surgery,2.008531050434043,413,180,100,0.5555555555555556,0.4444444444444444,0.0555207664083609,0.1700904307459533,36,28,Medium,Low,Core / Maintenance,4,-0.8754458662289325,Low Priority,Maintain efficiently
HCP_0515,Quebec,Orthopedic Surgery,2.008531050434043,463,296,97,0.3277027027027027,0.6722972972972974,-0.0269337112269573,0.1346670204071152,57,21,Medium,Low,Core / Maintenance,2,-0.4657708711303107,Low Priority,Maintain efficiently
HCP_0516,Quebec,Orthopedic Surgery,2.008531050434043,738,479,110,0.2296450939457202,0.7703549060542798,0.3889196709203655,0.1894757100813931,4,83,Low,High,Core / Maintenance,0,0.4851102325434947,High Priority,Digital-led opportunity development
HCP_0517,Quebec,Orthopedic Surgery,2.008531050434043,676,446,203,0.4551569506726457,0.5448430493273543,-0.1082762197963012,0.0567105187624643,72,69,High,High,Core / Maintenance,2,-0.6172506587743913,Low Priority,Maintain efficiently
HCP_0518,Quebec,Orthopedic Surgery,2.008531050434043,403,204,14,0.0686274509803921,0.931372549019608,0.0524127760242918,0.3203742461337098,6,60,Low,Medium,Emerging Opportunity,3,0.2509868141052542,Medium Priority,Develop engagement
HCP_0519,Quebec,Orthopedic Surgery,2.008531050434043,587,238,74,0.3109243697478991,0.6890756302521008,0.0715546727158308,0.109830712748655,40,42,Medium,Medium,Core / Maintenance,0,-0.3196565553720635,Low Priority,Maintain efficiently
HCP_0520,Quebec,Orthopedic Surgery,2.008531050434043,737,579,136,0.234887737478411,0.7651122625215889,0.2114177144542897,0.065366614770723,83,48,High,Medium,Core / Maintenance,0,0.07135382726682679,Medium Priority,Maintain efficiently
HCP_0521,Quebec,Orthopedic Surgery,2.008531050434043,316,158,88,0.5569620253164557,0.4430379746835443,0.0931686770152146,0.2787945425167777,9,28,Low,Low,Core / Maintenance,4,-0.7622566007391367,Low Priority,Maintain efficiently
HCP_0522,Quebec,Orthopedic Surgery,2.008531050434043,686,460,26,0.0565217391304347,0.9434782608695652,-0.0098360674946141,0.3208776450882853,61,80,Medium,High,Core / Maintenance,3,0.5373614314206907,High Priority,Digital-led opportunity development
HCP_0523,Quebec,Orthopedic Surgery,2.008531050434043,450,307,109,0.3550488599348534,0.6449511400651466,-0.0641421244465547,0.3348401960574951,25,30,Low,Low,Core / Maintenance,4,-0.22916836506219143,Low Priority,Maintain efficiently
HCP_0524,Quebec,Orthopedic Surgery,2.008531050434043,692,446,204,0.4573991031390134,0.5426008968609866,0.0089813815704637,0.22272821393121,67,52,High,Medium,Core / Maintenance,4,-0.3568884383180406,Low Priority,Maintain efficiently
HCP_0525,Quebec,Orthopedic Surgery,2.008531050434043,434,228,72,0.3157894736842105,0.6842105263157895,-0.0708312833134172,0.1218788646414948,23,33,Low,Medium,Core / Maintenance,2,-0.49048589825699596,Low Priority,Maintain efficiently
HCP_0526,Quebec,Orthopedic Surgery,2.008531050434043,301,153,15,0.0980392156862745,0.9019607843137256,0.0557390383741619,0.3080296870374394,77,37,High,Medium,Core / Maintenance,3,0.08320034756921066,Medium Priority,Maintain efficiently
HCP_0527,Quebec,Orthopedic Surgery,2.008531050434043,321,205,120,0.5853658536585366,0.4146341463414634,-0.0177035415832583,0.294899577004018,40,56,Medium,Medium,Core / Maintenance,4,-0.8456285295048774,Low Priority,Maintain efficiently
HCP_0528,Quebec,Orthopedic Surgery,2.008531050434043,577,431,144,0.334106728538283,0.665893271461717,-0.12928453519477,0.1361947569361106,64,100,Medium,High,Core / Maintenance,2,-0.36586839447407676,Low Priority,Maintain efficiently
HCP_0529,Quebec,Orthopedic Surgery,2.008531050434043,621,484,188,0.3884297520661157,0.6115702479338843,0.2006174946049884,0.3661927145519775,16,3,Low,Low,Core / Maintenance,4,0.10984322319043577,Medium Priority,Maintain efficiently
HCP_0530,Quebec,Orthopedic Surgery,2.008531050434043,413,183,33,0.180327868852459,0.819672131147541,-0.0097207028114847,0.0865300103289901,23,1,Low,Low,Core / Maintenance,2,-0.3093908660604133,Low Priority,Maintain efficiently
HCP_0531,Quebec,Orthopedic Surgery,2.008531050434043,709,328,104,0.3170731707317073,0.6829268292682926,-0.1021764165970375,0.393940883856964,26,11,Low,Low,Core / Maintenance,3,0.17992404769294587,Medium Priority,Maintain efficiently
HCP_0532,Quebec,Orthopedic Surgery,2.008531050434043,317,247,71,0.2874493927125506,0.7125506072874495,0.029808903861495,0.3510867338421126,6,34,Low,Medium,Core / Maintenance,3,-0.2057619382161433,Low Priority,Maintain efficiently
HCP_0533,Quebec,Orthopedic Surgery,2.008531050434043,554,385,35,0.0909090909090909,0.9090909090909092,0.058204587916119,0.2907645259176763,72,69,High,High,Core / Maintenance,3,0.31699372108839685,Medium Priority,Maintain efficiently
HCP_0534,Quebec,Orthopedic Surgery,2.008531050434043,371,279,30,0.1075268817204301,0.8924731182795699,-0.159576007069484,0.3785624608979415,98,71,High,High,Core / Maintenance,3,0.22523890237812513,Medium Priority,Maintain efficiently
HCP_0535,Quebec,Orthopedic Surgery,2.008531050434043,451,217,111,0.511520737327189,0.488479262672811,0.0897977200550915,0.3028089089132977,11,20,Low,Low,Core / Maintenance,4,-0.5151750995021678,Low Priority,Maintain efficiently
HCP_0536,Quebec,Ophthalmology,3.1815644880008933,725,460,84,0.1826086956521739,0.817391304347826,-0.0756589082428317,0.116659948960516,84,60,High,Medium,Core / Maintenance,2,0.03160076833886297,Medium Priority,Maintain efficiently
HCP_0537,Quebec,Ophthalmology,3.1815644880008933,528,359,56,0.1559888579387186,0.8440111420612814,0.2553234571028945,0.2047546483394841,2,34,Low,Medium,Core / Maintenance,0,0.2813107801153461,Medium Priority,Maintain efficiently
HCP_0538,Quebec,Ophthalmology,3.1815644880008933,624,419,137,0.3269689737470167,0.6730310262529833,0.1128752614492081,0.0750260585160723,78,47,High,Medium,Core / Maintenance,0,-0.31600154806830294,Low Priority,Maintain efficiently
HCP_0539,Quebec,Ophthalmology,3.1815644880008933,1015,572,270,0.472027972027972,0.5279720279720279,0.002012001186882,0.1863800978008404,84,14,High,Low,High-Value Established,4,-0.12828376030580818,Low Priority,Retain and deepen
HCP_0540,Quebec,Ophthalmology,3.1815644880008933,583,237,20,0.0843881856540084,0.9156118143459916,-0.039420132438082,0.309561056908023,9,70,Low,High,Core / Maintenance,3,0.368997526193314,Medium Priority,Maintain efficiently
HCP_0541,Quebec,Ophthalmology,3.1815644880008933,956,605,222,0.3669421487603306,0.6330578512396694,0.0374038750923651,0.185255172825786,32,14,Low,Low,Core / Maintenance,2,0.010600507589059935,Low Priority,Maintain efficiently
HCP_0542,Quebec,Ophthalmology,3.1815644880008933,480,241,28,0.1161825726141078,0.8838174273858921,0.1235348889899947,0.1656029614138469,45,5,Medium,Low,Core / Maintenance,0,0.09025750931342578,Medium Priority,Maintain efficiently
HCP_0543,Quebec,Ophthalmology,3.1815644880008933,859,498,35,0.0702811244979919,0.929718875502008,0.046940704569776,0.2583745028786092,58,80,Medium,High,Core / Maintenance,3,0.586678926378347,High Priority,Digital-led opportunity development
HCP_0544,Quebec,Ophthalmology,3.1815644880008933,1182,926,73,0.0788336933045356,0.9211663066954644,0.0239409431435772,0.3552715851496132,51,67,Medium,High,High-Potential Conversion,3,1.0240948291000107,High Priority,Build field relationship
HCP_0545,Quebec,Ophthalmology,3.1815644880008933,300,168,85,0.5059523809523809,0.494047619047619,0.0570044348981474,0.0666541173911393,5,21,Low,Low,Core / Maintenance,0,-1.0444233725334562,Low Priority,Maintain efficiently
HCP_0546,Quebec,Ophthalmology,3.1815644880008933,540,397,46,0.1158690176322418,0.8841309823677582,-0.0224630717484345,0.1849146521449074,1,31,Low,Low,Core / Maintenance,2,0.08144627545921262,Medium Priority,Maintain efficiently
HCP_0547,Quebec,Ophthalmology,3.1815644880008933,873,415,31,0.0746987951807229,0.9253012048192772,0.0088152887788354,0.1053842596353419,28,21,Low,Low,Core / Maintenance,2,0.359623789491604,Medium Priority,Maintain efficiently
HCP_0548,Quebec,Ophthalmology,3.1815644880008933,665,445,129,0.2898876404494382,0.7101123595505618,-0.2002950926686004,0.2933739877561544,39,26,Medium,Low,Core / Maintenance,2,0.03770748361102767,Medium Priority,Maintain efficiently
HCP_0549,Quebec,Ophthalmology,3.1815644880008933,812,642,330,0.514018691588785,0.485981308411215,0.1668471477022841,0.0870035961508972,96,14,High,Low,Core / Maintenance,0,-0.40255453034172306,Low Priority,Maintain efficiently
HCP_0550,Quebec,Ophthalmology,3.1815644880008933,578,255,50,0.196078431372549,0.803921568627451,0.0858557336386114,0.2826827155030856,60,43,Medium,Medium,Core / Maintenance,3,0.16422677431295374,Medium Priority,Maintain efficiently
HCP_0551,Quebec,Ophthalmology,3.1815644880008933,735,296,83,0.2804054054054054,0.7195945945945945,-0.0428147012840116,0.1501633047792676,67,85,High,High,Core / Maintenance,2,-0.0921219678626142,Low Priority,Maintain efficiently
HCP_0552,Quebec,Ophthalmology,3.1815644880008933,676,388,28,0.0721649484536082,0.9278350515463918,0.2778481977626286,0.1196208848080286,67,91,High,High,Core / Maintenance,0,0.48074642112581234,Medium Priority,Maintain efficiently
HCP_0553,Quebec,Ophthalmology,3.1815644880008933,1074,469,139,0.2963752665245202,0.7036247334754797,0.0604419776470863,0.3777233952387449,28,8,Low,Low,Core / Maintenance,3,0.5645393788191176,High Priority,Maintain efficiently
HCP_0554,Quebec,Ophthalmology,3.1815644880008933,780,545,200,0.3669724770642202,0.6330275229357798,-0.0743372286370236,0.0564836018610845,100,33,High,Medium,Core / Maintenance,2,-0.351995951853708,Low Priority,Maintain efficiently
HCP_0555,Quebec,Ophthalmology,3.1815644880008933,803,615,224,0.3642276422764228,0.6357723577235772,0.152808490576455,0.2032220451613491,61,99,Medium,High,Core / Maintenance,0,0.027345618506702814,Medium Priority,Maintain efficiently
HCP_0556,Quebec,Ophthalmology,3.1815644880008933,618,354,82,0.231638418079096,0.768361581920904,0.0977657859811114,0.0575694473616278,59,72,Medium,High,Core / Maintenance,0,-0.18742059726036175,Low Priority,Maintain efficiently
HCP_0557,Quebec,Ophthalmology,3.1815644880008933,602,303,68,0.2244224422442244,0.7755775577557755,0.0973495982581063,0.2192575668365151,83,14,High,Low,Core / Maintenance,3,0.05291962563978848,Medium Priority,Maintain efficiently
HCP_0558,Quebec,Ophthalmology,3.1815644880008933,613,352,38,0.1079545454545454,0.8920454545454546,-0.0010906725581908,0.2253665822280464,40,61,Medium,Medium,Core / Maintenance,3,0.22722741179125844,Medium Priority,Maintain efficiently
HCP_0559,Quebec,Ophthalmology,3.1815644880008933,819,565,142,0.2513274336283186,0.7486725663716813,0.1040594868533641,0.1625818649881614,86,44,High,Medium,Core / Maintenance,0,0.1342136418032357,Medium Priority,Maintain efficiently
HCP_0560,Quebec,Ophthalmology,3.1815644880008933,616,249,26,0.1044176706827309,0.8955823293172691,0.0185890051734686,0.0962566221337583,81,83,High,High,Core / Maintenance,2,0.04296533989714196,Medium Priority,Maintain efficiently
HCP_0561,Quebec,Ophthalmology,3.1815644880008933,790,502,237,0.4721115537848606,0.5278884462151394,0.116712974197501,0.1817356382070664,88,71,High,High,Core / Maintenance,0,-0.2640336640556178,Low Priority,Maintain efficiently
HCP_0562,Quebec,Ophthalmology,3.1815644880008933,1475,952,554,0.5819327731092437,0.4180672268907562,-0.1785933344812766,0.2852920289763981,64,57,Medium,Medium,High-Value Established,1,0.25619938141717036,Medium Priority,Retain and deepen
HCP_0563,Quebec,Obstetrics/Gynecology,3.487286910114414,1013,664,387,0.5828313253012049,0.4171686746987951,-0.0020648155575026,0.3238385330255607,63,91,Medium,High,High-Value Established,4,-0.13193684378875972,Low Priority,Retain and deepen
HCP_0564,Quebec,Obstetrics/Gynecology,3.487286910114414,666,331,174,0.525679758308157,0.4743202416918429,0.2566586117369833,0.2357627108358498,78,18,High,Low,Core / Maintenance,0,-0.2319485130291845,Low Priority,Maintain efficiently
HCP_0565,Quebec,Obstetrics/Gynecology,3.487286910114414,1137,780,297,0.3807692307692307,0.6192307692307693,-0.042048094648036,0.2564420380539144,62,15,Medium,Low,Core / Maintenance,1,0.2655542718065617,Medium Priority,Maintain efficiently
HCP_0566,Quebec,Obstetrics/Gynecology,3.487286910114414,648,283,123,0.4346289752650176,0.5653710247349824,-0.0224605956991823,0.1202157298936284,97,74,High,High,Core / Maintenance,2,-0.5103157648505888,Low Priority,Maintain efficiently
HCP_0567,Quebec,Obstetrics/Gynecology,3.487286910114414,366,176,36,0.2045454545454545,0.7954545454545454,-0.003755360613997,0.1505656166296773,47,7,Medium,Low,Core / Maintenance,2,-0.30394811379881503,Low Priority,Maintain efficiently
HCP_0568,Quebec,Obstetrics/Gynecology,3.487286910114414,525,394,156,0.3959390862944162,0.6040609137055837,-0.0957767363066371,0.1066634635183254,19,32,Low,Low,Core / Maintenance,2,-0.576300675504642,Low Priority,Maintain efficiently
HCP_0569,Quebec,Obstetrics/Gynecology,3.487286910114414,388,270,81,0.3,0.7,-0.2149936931473902,0.1372533725016139,36,73,Medium,High,Core / Maintenance,2,-0.482000782548467,Low Priority,Maintain efficiently
HCP_0570,Quebec,Obstetrics/Gynecology,3.487286910114414,660,268,84,0.3134328358208955,0.6865671641791045,0.0223296321771664,0.1287103730789361,63,17,Medium,Low,Core / Maintenance,2,-0.25846290372170144,Low Priority,Maintain efficiently
HCP_0571,Quebec,Obstetrics/Gynecology,3.487286910114414,752,376,176,0.4680851063829787,0.5319148936170213,0.0663031308897988,0.2318070752369331,90,34,High,Medium,Core / Maintenance,4,-0.27939622222995,Low Priority,Maintain efficiently
HCP_0572,Quebec,Obstetrics/Gynecology,3.487286910114414,1343,652,134,0.205521472392638,0.7944785276073619,0.0436993917753617,0.2469410645267553,85,42,High,Medium,Core / Maintenance,1,0.7784557561627831,High Priority,Field-led opportunity development
HCP_0573,Quebec,Obstetrics/Gynecology,3.487286910114414,838,426,96,0.2253521126760563,0.7746478873239436,0.0326145725662535,0.3807315972875266,4,49,Low,Medium,Core / Maintenance,3,0.4563757458685661,Medium Priority,Maintain efficiently
HCP_0574,Quebec,Obstetrics/Gynecology,3.487286910114414,692,345,193,0.5594202898550724,0.4405797101449276,0.0551649045020465,0.118449726485533,33,2,Medium,Low,Core / Maintenance,0,-0.692332727981658,Low Priority,Maintain efficiently
HCP_0575,Quebec,Obstetrics/Gynecology,3.487286910114414,999,425,34,0.08,0.92,0.1727409765860917,0.2745864985565236,38,90,Medium,High,High-Potential Conversion,3,0.8809608029517539,High Priority,Build field relationship
HCP_0576,Quebec,Obstetrics/Gynecology,3.487286910114414,345,201,64,0.3184079601990049,0.681592039800995,0.0271464576884939,0.336040744145633,66,58,Medium,Medium,Core / Maintenance,3,-0.2595466267800212,Low Priority,Maintain efficiently
HCP_0577,Quebec,Obstetrics/Gynecology,3.487286910114414,811,562,310,0.5516014234875445,0.4483985765124555,-0.0188899092504723,0.2460845123240684,80,27,High,Low,Core / Maintenance,4,-0.3842671346972024,Low Priority,Maintain efficiently
HCP_0578,Quebec,Obstetrics/Gynecology,3.487286910114414,978,629,243,0.3863275039745628,0.6136724960254372,0.0162649418134296,0.1392512783753765,61,45,Medium,Medium,Core / Maintenance,2,-0.07369048747021216,Low Priority,Maintain efficiently
HCP_0579,Quebec,Obstetrics/Gynecology,3.487286910114414,445,298,104,0.348993288590604,0.651006711409396,0.119521611170813,0.1418925805070001,87,63,High,Medium,Core / Maintenance,0,-0.42102310598274034,Low Priority,Maintain efficiently
HCP_0580,Quebec,Obstetrics/Gynecology,3.487286910114414,1115,482,90,0.1867219917012448,0.8132780082987552,0.2194432254251899,0.0637385685748499,23,69,Low,High,Core / Maintenance,0,0.5326671622639707,High Priority,Digital-led opportunity development
HCP_0581,Quebec,Obstetrics/Gynecology,3.487286910114414,841,656,157,0.2393292682926829,0.7606707317073171,-0.0253772487003013,0.1569054792919686,2,46,Low,Medium,Core / Maintenance,2,0.0970640601765435,Medium Priority,Maintain efficiently
HCP_0582,Quebec,Obstetrics/Gynecology,3.487286910114414,646,475,246,0.5178947368421053,0.4821052631578947,0.061872054443466,0.310611287651183,70,13,High,Low,Core / Maintenance,4,-0.3619881917140312,Low Priority,Maintain efficiently
HCP_0583,Quebec,Obstetrics/Gynecology,3.487286910114414,932,673,241,0.3580980683506686,0.6419019316493313,0.0906028930323151,0.0666312150224886,88,6,High,Low,Core / Maintenance,0,-0.11803413517291556,Low Priority,Maintain efficiently
HCP_0584,Quebec,Obstetrics/Gynecology,3.487286910114414,1654,1206,402,0.3333333333333333,0.6666666666666667,-0.0691093608074587,0.1267533488766907,66,73,Medium,High,Core / Maintenance,1,0.6571640259236545,High Priority,Digital-led opportunity development
HCP_0585,Quebec,Obstetrics/Gynecology,3.487286910114414,796,615,64,0.1040650406504065,0.8959349593495936,0.0524500600655501,0.2971813744861237,78,78,High,High,Core / Maintenance,3,0.5276302254840128,High Priority,Field-led opportunity development
HCP_0586,Quebec,Obstetrics/Gynecology,3.487286910114414,815,503,30,0.0596421471172962,0.9403578528827038,-0.1258808628810513,0.3239280469880068,92,30,High,Low,Core / Maintenance,3,0.6601403090433592,High Priority,Field-led opportunity development
HCP_0587,Quebec,Obstetrics/Gynecology,3.487286910114414,636,305,177,0.580327868852459,0.419672131147541,-0.1622860364487278,0.2093614435216749,49,92,Medium,High,Core / Maintenance,4,-0.6616222028963723,Low Priority,Maintain efficiently
HCP_0588,Quebec,Obstetrics/Gynecology,3.487286910114414,555,359,92,0.2562674094707521,0.7437325905292479,0.0940095689470708,0.2943260184675271,28,80,Low,High,Core / Maintenance,3,0.05652369093128471,Medium Priority,Maintain efficiently
HCP_0589,Quebec,Obstetrics/Gynecology,3.487286910114414,999,696,266,0.382183908045977,0.617816091954023,0.003935031040306,0.1857832590292122,73,50,High,Medium,Core / Maintenance,2,0.024127765344397173,Medium Priority,Maintain efficiently
HCP_0590,Quebec,Obstetrics/Gynecology,3.487286910114414,554,385,36,0.0935064935064935,0.9064935064935064,0.0742736489145463,0.1059696357584446,31,28,Low,Low,Core / Maintenance,2,0.054362866452821734,Medium Priority,Maintain efficiently
HCP_0591,Quebec,Obstetrics/Gynecology,3.487286910114414,766,466,198,0.4248927038626609,0.5751072961373391,0.047852602758998,0.1893523227330172,86,14,High,Low,Core / Maintenance,4,-0.2710771429538777,Low Priority,Maintain efficiently
HCP_0592,Quebec,Obstetrics/Gynecology,3.487286910114414,632,270,152,0.562962962962963,0.437037037037037,-0.0671680058396556,0.2529887370711,38,89,Medium,High,Core / Maintenance,4,-0.5673814397918377,Low Priority,Maintain efficiently
HCP_0593,Quebec,Obstetrics/Gynecology,3.487286910114414,883,484,177,0.365702479338843,0.634297520661157,0.0445694837642796,0.3818186486485116,8,75,Low,High,Core / Maintenance,4,0.23775680507346159,Medium Priority,Maintain efficiently
HCP_0594,Quebec,Obstetrics/Gynecology,3.487286910114414,840,645,77,0.1193798449612403,0.8806201550387597,-0.0979721566017826,0.074062833231037,100,24,High,Low,Core / Maintenance,2,0.19698084396789917,Medium Priority,Maintain efficiently
HCP_0595,Quebec,Obstetrics/Gynecology,3.487286910114414,1074,681,252,0.3700440528634361,0.6299559471365639,0.216916682960168,0.2275879328457362,13,60,Low,Medium,Core / Maintenance,0,0.39187147157933305,Medium Priority,Maintain efficiently
HCP_0596,Quebec,Obstetrics/Gynecology,3.487286910114414,625,385,182,0.4727272727272727,0.5272727272727273,-0.1127164413831956,0.1651219223737535,67,40,High,Medium,Core / Maintenance,2,-0.5365675177628039,Low Priority,Maintain efficiently
HCP_0597,Quebec,Obstetrics/Gynecology,3.487286910114414,680,345,94,0.272463768115942,0.7275362318840579,0.0265057674837702,0.2279090929968431,63,68,Medium,High,Core / Maintenance,3,-0.013411108875035289,Low Priority,Maintain efficiently
HCP_0598,Quebec,Obstetrics/Gynecology,3.487286910114414,530,290,155,0.5344827586206896,0.4655172413793104,-0.0750725905656698,0.058391406581786,19,3,Low,Low,Core / Maintenance,2,-0.9040810802872921,Low Priority,Maintain efficiently
HCP_0599,Quebec,Obstetrics/Gynecology,3.487286910114414,639,484,197,0.4070247933884297,0.5929752066115703,0.1184505408032954,0.1595588741455534,27,56,Low,Medium,Core / Maintenance,0,-0.3182064434587526,Low Priority,Maintain efficiently
HCP_0600,Quebec,Obstetrics/Gynecology,3.487286910114414,852,568,309,0.5440140845070423,0.4559859154929577,0.0102282354462196,0.3369538516344517,13,30,Low,Low,Core / Maintenance,4,-0.19420042652013253,Low Priority,Maintain efficiently
HCP_0601,Quebec,Obstetrics/Gynecology,3.487286910114414,974,696,273,0.3922413793103448,0.6077586206896552,-0.0122400063545452,0.2438796068491231,43,2,Medium,Low,Core / Maintenance,4,0.06840093059242772,Medium Priority,Maintain efficiently
HCP_0602,Quebec,Obstetrics/Gynecology,3.487286910114414,541,315,38,0.1206349206349206,0.8793650793650793,0.1523841854061865,0.2077038724856411,97,66,High,Medium,Core / Maintenance,3,0.23896795339273164,Medium Priority,Maintain efficiently
HCP_0603,Quebec,Obstetrics/Gynecology,3.487286910114414,1013,661,146,0.2208774583963691,0.7791225416036309,0.0535316710013062,0.1499337751003688,76,89,High,High,Core / Maintenance,2,0.29729624499665885,Medium Priority,Maintain efficiently
HCP_0604,Ontario,Internal Medicine,4.589472940874459,1377,688,111,0.1613372093023256,0.8386627906976745,0.111997333512316,0.1543148829769746,94,49,High,Medium,High-Potential Conversion,1,0.8370925098331221,High Priority,Deepen field relationship
HCP_0605,Ontario,Internal Medicine,4.589472940874459,990,675,371,0.5496296296296296,0.4503703703703704,-0.0677591123820957,0.1840855017567045,96,16,High,Low,Core / Maintenance,4,-0.3014781176292768,Low Priority,Maintain efficiently
HCP_0606,Ontario,Internal Medicine,4.589472940874459,1653,944,442,0.4682203389830508,0.5317796610169492,-0.1185780332713008,0.3424497484875962,38,59,Medium,Medium,High-Value Established,1,0.7266838840297468,High Priority,Retain and deepen
HCP_0607,Ontario,Internal Medicine,4.589472940874459,654,377,159,0.4217506631299735,0.5782493368700266,0.062864955444816,0.388524622382894,27,73,Low,High,Core / Maintenance,4,-0.05561455444269103,Low Priority,Maintain efficiently
HCP_0608,Ontario,Internal Medicine,4.589472940874459,554,365,79,0.2164383561643835,0.7835616438356164,0.0117384373406322,0.2035293834726311,63,65,Medium,Medium,Core / Maintenance,2,-0.06598279393537504,Low Priority,Maintain efficiently
HCP_0609,Ontario,Internal Medicine,4.589472940874459,460,356,54,0.1516853932584269,0.848314606741573,0.1251721606944733,0.1876734935617166,88,87,High,High,Core / Maintenance,0,0.03948748639953487,Medium Priority,Maintain efficiently
HCP_0610,Ontario,Internal Medicine,4.589472940874459,1447,616,287,0.4659090909090909,0.5340909090909092,0.040410985680494,0.346292771536952,31,74,Low,High,Core / Maintenance,1,0.5386814782153518,High Priority,Digital-led opportunity development
HCP_0611,Ontario,Internal Medicine,4.589472940874459,1077,786,244,0.3104325699745547,0.6895674300254453,0.0746090407081555,0.1994168622227062,8,23,Low,Low,Core / Maintenance,0,0.29069313058593427,Medium Priority,Maintain efficiently
HCP_0612,Ontario,Internal Medicine,4.589472940874459,840,434,76,0.1751152073732718,0.8248847926267281,-0.1448059035929492,0.2432063603034779,27,98,Low,High,Core / Maintenance,2,0.346206744611149,Medium Priority,Maintain efficiently
HCP_0613,Ontario,Internal Medicine,4.589472940874459,945,546,212,0.3882783882783883,0.6117216117216118,0.2766124327537108,0.1308295826095605,94,86,High,High,Core / Maintenance,0,0.16121277334839762,Medium Priority,Maintain efficiently
HCP_0614,Ontario,Internal Medicine,4.589472940874459,578,236,17,0.0720338983050847,0.9279661016949152,0.0302909617961561,0.3102258875226763,16,31,Low,Low,Core / Maintenance,3,0.38838377429247545,Medium Priority,Maintain efficiently
HCP_0615,Ontario,Internal Medicine,4.589472940874459,2017,1050,241,0.2295238095238095,0.7704761904761905,0.1337104364407038,0.2361959113947737,86,86,High,High,Core / Maintenance,1,1.4739550069190683,High Priority,Field-led opportunity development
HCP_0616,Ontario,Internal Medicine,4.589472940874459,897,539,166,0.3079777365491651,0.6920222634508348,-0.0503310004263551,0.3331620925841196,76,97,High,High,Core / Maintenance,3,0.2865754745137562,Medium Priority,Maintain efficiently
HCP_0617,Ontario,Internal Medicine,4.589472940874459,890,376,49,0.1303191489361702,0.8696808510638298,0.0869611882660809,0.3232564555100344,54,18,Medium,Low,Emerging Opportunity,3,0.6499980996368141,High Priority,Develop engagement
HCP_0618,Ontario,Internal Medicine,4.589472940874459,1105,659,390,0.5918057663125948,0.4081942336874051,-0.1063413716229694,0.12525166889451,9,65,Low,Medium,High-Value Established,2,-0.3583809411415263,Low Priority,Retain and deepen
HCP_0619,Ontario,Internal Medicine,4.589472940874459,1014,782,129,0.1649616368286445,0.8350383631713555,0.1042481405911605,0.3004724426952168,79,59,High,Medium,High-Potential Conversion,3,0.6911065939263197,High Priority,Deepen field relationship
HCP_0620,Ontario,Internal Medicine,4.589472940874459,927,410,50,0.1219512195121951,0.8780487804878049,0.0072831098737,0.33001904278298,5,65,Low,Medium,Emerging Opportunity,3,0.6599992306403322,High Priority,Develop engagement
HCP_0621,Ontario,Internal Medicine,4.589472940874459,650,459,74,0.1612200435729847,0.8387799564270153,0.0535028604722681,0.1711375342738383,47,14,Medium,Low,Core / Maintenance,2,0.09200466933294647,Medium Priority,Maintain efficiently
HCP_0622,Ontario,Internal Medicine,4.589472940874459,1011,570,270,0.4736842105263157,0.5263157894736843,0.1337568836156117,0.1104131895157961,74,84,High,High,High-Value Established,0,-0.1406977219814829,Low Priority,Retain and deepen
HCP_0623,Ontario,Internal Medicine,4.589472940874459,1656,1096,311,0.2837591240875912,0.7162408759124088,-0.0979048373464336,0.0509212544528558,66,34,Medium,Medium,Core / Maintenance,1,0.6383493053017515,High Priority,Maintain efficiently
HCP_0624,Ontario,Internal Medicine,4.589472940874459,1372,692,250,0.361271676300578,0.6387283236994219,-0.0321390076735356,0.2078162785826018,91,68,High,High,Core / Maintenance,1,0.45517817281141215,Medium Priority,Maintain efficiently
HCP_0625,Ontario,Internal Medicine,4.589472940874459,1497,694,43,0.0619596541786743,0.9380403458213256,0.1048789137304118,0.1733514560385946,40,26,Medium,Low,High-Potential Conversion,1,1.1589754447767602,High Priority,Build field relationship
HCP_0626,Ontario,Internal Medicine,4.589472940874459,717,333,23,0.069069069069069,0.9309309309309308,0.3017865769456096,0.2442184418388931,78,87,High,High,Core / Maintenance,3,0.7422248377799958,High Priority,Field-led opportunity development
HCP_0627,Ontario,Internal Medicine,4.589472940874459,606,259,76,0.2934362934362934,0.7065637065637065,0.0334301198406221,0.115814382406075,59,6,Medium,Low,Core / Maintenance,2,-0.29220476717424465,Low Priority,Maintain efficiently
HCP_0628,Ontario,Internal Medicine,4.589472940874459,820,389,194,0.4987146529562982,0.5012853470437018,0.1209363341508719,0.3508829416832663,76,5,High,Low,Core / Maintenance,4,-0.026095989050524293,Low Priority,Maintain efficiently
HCP_0629,Ontario,Internal Medicine,4.589472940874459,874,582,312,0.5360824742268041,0.4639175257731959,0.0371634236169824,0.1402143254698384,41,32,Medium,Low,Core / Maintenance,4,-0.45344735420143084,Low Priority,Maintain efficiently
HCP_0630,Ontario,Internal Medicine,4.589472940874459,1257,946,92,0.0972515856236786,0.9027484143763214,0.2830694713707559,0.1292503617806775,80,57,High,Medium,High-Potential Conversion,0,1.013217562964116,High Priority,Deepen field relationship
HCP_0631,Ontario,Internal Medicine,4.589472940874459,474,344,119,0.3459302325581395,0.6540697674418605,-0.1596666000358306,0.2182499197695246,70,48,High,Medium,Core / Maintenance,2,-0.3639627485108706,Low Priority,Maintain efficiently
HCP_0632,Ontario,Internal Medicine,4.589472940874459,1464,987,545,0.5521783181357649,0.4478216818642351,0.0613545253603229,0.224597858310496,27,16,Low,Low,High-Value Established,1,0.23057670262381125,Medium Priority,Retain and deepen
HCP_0633,Ontario,Internal Medicine,4.589472940874459,811,360,95,0.2638888888888889,0.7361111111111112,-0.1450652840274472,0.1252798300747825,12,41,Low,Medium,Core / Maintenance,2,-0.025369663702209305,Low Priority,Maintain efficiently
HCP_0634,Ontario,Internal Medicine,4.589472940874459,738,381,193,0.5065616797900262,0.4934383202099738,-0.250788588464406,0.1451512543540705,80,93,High,High,Core / Maintenance,2,-0.5213991682229514,Low Priority,Maintain efficiently
HCP_0635,Ontario,Internal Medicine,4.589472940874459,601,315,39,0.1238095238095238,0.8761904761904762,0.0856954463741379,0.1093968337043357,14,71,Low,High,Core / Maintenance,0,0.06175084368879691,Medium Priority,Maintain efficiently
HCP_0636,Ontario,Internal Medicine,4.589472940874459,480,240,135,0.5625,0.4375,0.066739735537695,0.3014610624131084,35,39,Medium,Medium,Core / Maintenance,4,-0.6131752745225479,Low Priority,Maintain efficiently
HCP_0637,Ontario,Internal Medicine,4.589472940874459,1143,693,321,0.4632034632034632,0.5367965367965368,0.0158195674709358,0.3195311609389287,91,45,High,Medium,Core / Maintenance,4,0.2112367756466008,Medium Priority,Maintain efficiently
HCP_0638,Ontario,Internal Medicine,4.589472940874459,879,540,307,0.5685185185185185,0.4314814814814814,0.0372567091952296,0.2118149741107489,14,70,Low,High,Core / Maintenance,4,-0.40207268009037783,Low Priority,Maintain efficiently
HCP_0639,Ontario,Internal Medicine,4.589472940874459,546,296,125,0.4222972972972973,0.5777027027027026,0.4217959320885509,0.2999304579397561,74,69,High,High,Core / Maintenance,0,0.1446509248225333,Medium Priority,Maintain efficiently
HCP_0640,Ontario,Internal Medicine,4.589472940874459,545,295,74,0.2508474576271186,0.7491525423728813,0.0190189834362278,0.3075773871781059,55,67,Medium,High,Core / Maintenance,3,0.016925383143017697,Low Priority,Maintain efficiently
HCP_0641,Ontario,Internal Medicine,4.589472940874459,762,557,315,0.5655296229802513,0.4344703770197486,0.1112149233500089,0.098396434687233,94,0,High,Low,Core / Maintenance,0,-0.5981660822221351,Low Priority,Maintain efficiently
HCP_0642,Ontario,Internal Medicine,4.589472940874459,1537,1100,222,0.2018181818181818,0.7981818181818182,-0.0279237783536657,0.3881623086920879,3,78,Low,High,Core / Maintenance,1,1.183945704161991,High Priority,Digital-led opportunity development
HCP_0643,Ontario,Internal Medicine,4.589472940874459,782,409,95,0.2322738386308068,0.7677261613691931,0.0854279090048723,0.3373611814837509,98,94,High,High,Core / Maintenance,3,0.3739994698921659,Medium Priority,Maintain efficiently
HCP_0644,Ontario,Internal Medicine,4.589472940874459,506,387,169,0.4366925064599483,0.5633074935400517,0.0214119589933259,0.1215692114185382,97,88,High,High,Core / Maintenance,2,-0.6487202781470504,Low Priority,Maintain efficiently
HCP_0645,Ontario,Internal Medicine,4.589472940874459,786,614,289,0.4706840390879478,0.5293159609120521,0.0007377820724323,0.1151577625111246,51,96,Medium,High,Core / Maintenance,2,-0.4528912107247054,Low Priority,Maintain efficiently
HCP_0646,Ontario,Internal Medicine,4.589472940874459,779,413,232,0.5617433414043583,0.4382566585956416,0.2682678238640389,0.0939814009528539,90,51,High,Medium,Core / Maintenance,0,-0.38962709000101026,Low Priority,Maintain efficiently
HCP_0647,Ontario,Internal Medicine,4.589472940874459,333,180,29,0.1611111111111111,0.8388888888888889,0.1912621955821206,0.0984324968896714,9,34,Low,Medium,Core / Maintenance,0,-0.15361999563103665,Low Priority,Maintain efficiently
HCP_0648,Ontario,Internal Medicine,4.589472940874459,841,506,247,0.4881422924901186,0.5118577075098814,0.0664095976879076,0.3118566296600437,93,68,High,High,Core / Maintenance,4,-0.11118432481340987,Low Priority,Maintain efficiently
HCP_0649,Ontario,Internal Medicine,4.589472940874459,790,613,280,0.4567699836867863,0.5432300163132138,-0.226505432313276,0.2143789899330682,44,4,Medium,Low,Core / Maintenance,2,-0.2739923390654542,Low Priority,Maintain efficiently
HCP_0650,Ontario,Internal Medicine,4.589472940874459,1093,820,70,0.0853658536585365,0.9146341463414634,0.0066788932096916,0.3240269604589535,83,99,High,High,High-Potential Conversion,3,0.8793417097041064,High Priority,Deepen field relationship
HCP_0651,Ontario,Internal Medicine,4.589472940874459,1637,722,190,0.2631578947368421,0.736842105263158,0.37436330772861,0.3111892130225719,28,16,Low,Low,Core / Maintenance,1,1.4516721389726612,High Priority,Maintain efficiently
HCP_0652,Ontario,Internal Medicine,4.589472940874459,1271,708,146,0.2062146892655367,0.7937853107344632,0.022320600003235,0.2616144497268275,52,52,Medium,Medium,Core / Maintenance,1,0.7299357934641548,High Priority,Maintain efficiently
HCP_0653,Ontario,Internal Medicine,4.589472940874459,780,485,105,0.2164948453608247,0.7835051546391752,0.1823861086464389,0.2902283123025378,28,51,Low,Medium,Core / Maintenance,3,0.4493116350962254,Medium Priority,Maintain efficiently
HCP_0654,Ontario,Internal Medicine,4.589472940874459,582,350,207,0.5914285714285714,0.4085714285714286,0.2230330882343121,0.0564245035326996,22,13,Low,Low,Core / Maintenance,0,-0.7464074135757428,Low Priority,Maintain efficiently
HCP_0655,Ontario,Internal Medicine,4.589472940874459,2109,1007,406,0.4031777557100298,0.5968222442899702,0.076275669902717,0.1591221763817576,56,28,Medium,Low,Core / Maintenance,1,1.0505800834939938,High Priority,Maintain efficiently
HCP_0656,Ontario,Internal Medicine,4.589472940874459,875,651,290,0.445468509984639,0.5545314900153611,-0.0510185958241782,0.2732377627407936,49,7,Medium,Low,Core / Maintenance,4,-0.08268340862229477,Low Priority,Maintain efficiently
HCP_0657,Ontario,Internal Medicine,4.589472940874459,861,578,339,0.5865051903114187,0.4134948096885813,-0.2422374798139466,0.0532707337201854,20,97,Low,High,Core / Maintenance,2,-0.6911233816716819,Low Priority,Maintain efficiently
HCP_0658,Ontario,Internal Medicine,4.589472940874459,850,625,161,0.2576,0.7424,0.1320995850330745,0.0615419302889077,42,0,Medium,Low,Core / Maintenance,0,0.03481975151069619,Medium Priority,Maintain efficiently
HCP_0659,Ontario,Internal Medicine,4.589472940874459,918,683,335,0.4904831625183016,0.5095168374816984,-0.0477707203388257,0.3481607938646341,9,28,Low,Low,Core / Maintenance,4,-0.013395436603553662,Low Priority,Maintain efficiently
HCP_0660,Ontario,Internal Medicine,4.589472940874459,815,570,165,0.2894736842105263,0.7105263157894737,0.071138054226523,0.2894087015922251,75,35,High,Medium,Core / Maintenance,3,0.2089175480681023,Medium Priority,Maintain efficiently
HCP_0661,Ontario,Internal Medicine,4.589472940874459,701,404,213,0.5272277227722773,0.4727722772277227,-0.0999784407507237,0.1428794065921204,29,50,Low,Medium,Core / Maintenance,2,-0.5991953563969934,Low Priority,Maintain efficiently
HCP_0662,Ontario,Internal Medicine,4.589472940874459,708,456,68,0.1491228070175438,0.8508771929824561,0.0181714951435757,0.2907869940415482,50,36,Medium,Medium,Core / Maintenance,3,0.33948293754571146,Medium Priority,Maintain efficiently
HCP_0663,Ontario,Internal Medicine,4.589472940874459,847,393,224,0.5699745547073791,0.4300254452926209,0.0540462865881263,0.3273598341987421,32,92,Low,High,Core / Maintenance,4,-0.2508871762252868,Low Priority,Maintain efficiently
HCP_0664,Ontario,Internal Medicine,4.589472940874459,708,474,81,0.170886075949367,0.8291139240506329,0.0822312297253157,0.1573779990885354,17,68,Low,High,Core / Maintenance,0,0.14404902042850296,Medium Priority,Maintain efficiently
HCP_0665,Ontario,Internal Medicine,4.589472940874459,668,315,72,0.2285714285714285,0.7714285714285715,-0.0837786624822897,0.0626130821247156,77,52,High,Medium,Core / Maintenance,2,-0.19063937001020415,Low Priority,Maintain efficiently
HCP_0666,Ontario,Internal Medicine,4.589472940874459,889,602,280,0.4651162790697674,0.5348837209302326,0.1936293138513622,0.376472693640707,21,95,Low,High,Core / Maintenance,4,0.23048907754843082,Medium Priority,Maintain efficiently
HCP_0667,Ontario,Internal Medicine,4.589472940874459,784,386,103,0.266839378238342,0.733160621761658,-0.0216273741678365,0.1708129434034707,63,51,Medium,Medium,Core / Maintenance,2,0.011467594586867427,Low Priority,Maintain efficiently
HCP_0668,Ontario,Internal Medicine,4.589472940874459,1451,649,250,0.3852080123266564,0.6147919876733436,-0.1509363352543894,0.0872686171496472,20,87,Low,High,Core / Maintenance,1,0.30527222987112146,Medium Priority,Maintain efficiently
HCP_0669,Ontario,Internal Medicine,4.589472940874459,339,158,47,0.2974683544303797,0.7025316455696202,0.0369171896043843,0.2221499049876016,0,82,Low,High,Core / Maintenance,3,-0.39694478291339164,Low Priority,Maintain efficiently
HCP_0670,Ontario,Internal Medicine,4.589472940874459,1256,503,231,0.4592445328031809,0.5407554671968191,0.0541250370831752,0.3189637284824468,14,11,Low,Low,Core / Maintenance,4,0.33785307824926036,Medium Priority,Maintain efficiently
HCP_0671,Ontario,Internal Medicine,4.589472940874459,1325,911,160,0.1756311745334797,0.8243688254665202,0.0692707319806111,0.1275765601161457,35,51,Medium,Medium,High-Potential Conversion,1,0.6679577182141891,High Priority,Build field relationship
HCP_0672,Ontario,Internal Medicine,4.589472940874459,415,288,24,0.0833333333333333,0.9166666666666666,0.2134558884422095,0.1443215175466771,46,0,Medium,Low,Core / Maintenance,0,0.16724608045884443,Medium Priority,Maintain efficiently
HCP_0673,Ontario,Internal Medicine,4.589472940874459,760,461,99,0.2147505422993492,0.7852494577006508,0.0216261395916968,0.1349502453795041,53,6,Medium,Low,Core / Maintenance,2,0.03236245365004167,Medium Priority,Maintain efficiently
HCP_0674,Ontario,Internal Medicine,4.589472940874459,752,349,108,0.3094555873925501,0.6905444126074498,0.0356456450757474,0.3970855684910874,85,16,High,Low,Core / Maintenance,3,0.24030025298924668,Medium Priority,Maintain efficiently
HCP_0675,Ontario,Internal Medicine,4.589472940874459,524,227,32,0.1409691629955947,0.8590308370044053,-0.0823821257479712,0.1190913068056899,31,97,Low,High,Core / Maintenance,2,-0.07986772826439034,Low Priority,Maintain efficiently
HCP_0676,Ontario,Internal Medicine,4.589472940874459,653,266,65,0.244360902255639,0.7556390977443609,0.1484664203465476,0.2514320759381434,57,42,Medium,Medium,Core / Maintenance,3,0.17521768112088243,Medium Priority,Maintain efficiently
HCP_0677,Ontario,Internal Medicine,4.589472940874459,581,271,73,0.2693726937269373,0.7306273062730627,0.0721170876893724,0.3738426245799375,45,70,Medium,High,Core / Maintenance,3,0.1495485280416306,Medium Priority,Maintain efficiently
HCP_0678,Ontario,Internal Medicine,4.589472940874459,1582,1197,98,0.0818713450292397,0.9181286549707602,-0.0004033272752995,0.1014137991072227,53,16,Medium,Low,Core / Maintenance,1,1.0220424832714963,High Priority,Maintain efficiently
HCP_0679,Ontario,Internal Medicine,4.589472940874459,1189,590,219,0.3711864406779661,0.6288135593220339,-0.1785609632158556,0.3897989692536951,32,58,Low,Medium,Core / Maintenance,4,0.5337183491388302,High Priority,Maintain efficiently
HCP_0680,Ontario,Internal Medicine,4.589472940874459,1337,724,388,0.5359116022099447,0.4640883977900553,0.2233294634066104,0.3816170320384686,38,2,Medium,Low,High-Value Established,4,0.5723780303769407,High Priority,Retain and deepen
HCP_0681,Ontario,Internal Medicine,4.589472940874459,1103,488,65,0.1331967213114754,0.8668032786885246,-0.0973215957347268,0.3596001954703919,22,28,Low,Low,Core / Maintenance,3,0.8525434934191505,High Priority,Maintain efficiently
HCP_0682,Ontario,Internal Medicine,4.589472940874459,577,282,107,0.3794326241134751,0.6205673758865249,-0.0209533611243646,0.1250947824655008,42,21,Medium,Low,Core / Maintenance,2,-0.4676345377176467,Low Priority,Maintain efficiently
HCP_0683,Ontario,Internal Medicine,4.589472940874459,713,433,180,0.4157043879907621,0.5842956120092379,0.0930013413291203,0.2719192696038442,54,37,Medium,Medium,Core / Maintenance,4,-0.12575465021141427,Low Priority,Maintain efficiently
HCP_0684,Ontario,Internal Medicine,4.589472940874459,1017,654,184,0.2813455657492354,0.7186544342507646,-0.0935869514340023,0.316312015536434,1,53,Low,Medium,Core / Maintenance,3,0.4266938899633901,Medium Priority,Maintain efficiently
HCP_0685,Ontario,Internal Medicine,4.589472940874459,559,278,121,0.4352517985611511,0.564748201438849,-0.1292211733903772,0.3951097748687504,65,92,Medium,High,Core / Maintenance,4,-0.1844731609872894,Low Priority,Maintain efficiently
HCP_0686,Ontario,Internal Medicine,4.589472940874459,1100,465,128,0.2752688172043011,0.7247311827956989,-0.2048737099240797,0.1131483377284796,37,49,Medium,Medium,Core / Maintenance,2,0.2129855747444265,Medium Priority,Maintain efficiently
HCP_0687,Ontario,Internal Medicine,4.589472940874459,788,438,143,0.3264840182648402,0.6735159817351598,0.1365196343486763,0.3181090648317538,28,68,Low,High,Core / Maintenance,3,0.23634601215538792,Medium Priority,Maintain efficiently
HCP_0688,Ontario,Internal Medicine,4.589472940874459,752,371,20,0.0539083557951482,0.9460916442048516,-0.0154223493671586,0.1685804094744895,66,29,Medium,Low,Core / Maintenance,2,0.3771494667219181,Medium Priority,Maintain efficiently
HCP_0689,Ontario,Internal Medicine,4.589472940874459,1099,536,231,0.4309701492537313,0.5690298507462687,0.4012724110967995,0.1114692629488008,70,22,High,Low,Core / Maintenance,0,0.3522630147653175,Medium Priority,Maintain efficiently
HCP_0690,Ontario,Internal Medicine,4.589472940874459,1001,785,325,0.4140127388535032,0.5859872611464968,-0.0693226078757048,0.1974819294248492,35,84,Medium,High,Core / Maintenance,2,-0.016152663019984102,Low Priority,Maintain efficiently
HCP_0691,Ontario,Internal Medicine,4.589472940874459,755,488,35,0.0717213114754098,0.9282786885245902,-0.0605741228114705,0.3278425692520157,28,89,Low,High,Core / Maintenance,3,0.5856335118625102,High Priority,Digital-led opportunity development
HCP_0692,Ontario,Internal Medicine,4.589472940874459,1286,801,202,0.2521847690387016,0.7478152309612984,-0.0178471564342481,0.2126974312964182,36,46,Medium,Medium,Core / Maintenance,1,0.5846239605638208,High Priority,Maintain efficiently
HCP_0693,Ontario,Internal Medicine,4.589472940874459,587,332,195,0.5873493975903614,0.4126506024096386,0.0791761586166187,0.238133085071067,99,20,High,Low,Core / Maintenance,4,-0.636803280218723,Low Priority,Maintain efficiently
HCP_0694,Ontario,Internal Medicine,4.589472940874459,1063,608,171,0.28125,0.71875,-0.0064244006542373,0.3983057935700424,86,19,High,Low,Core / Maintenance,3,0.5941804567029383,High Priority,Field-led opportunity development
HCP_0695,Ontario,Internal Medicine,4.589472940874459,1055,650,212,0.3261538461538461,0.6738461538461539,0.1234798656803014,0.1896882548450991,44,22,Medium,Low,Core / Maintenance,0,0.2850691443747065,Medium Priority,Maintain efficiently
HCP_0696,Ontario,Internal Medicine,4.589472940874459,769,522,287,0.5498084291187739,0.4501915708812261,-0.0674306067986385,0.2653902641482339,15,67,Low,High,Core / Maintenance,4,-0.39231491074384073,Low Priority,Maintain efficiently
HCP_0697,Ontario,Internal Medicine,4.589472940874459,961,654,291,0.4449541284403669,0.555045871559633,-0.1157910062156297,0.1778354705653801,30,20,Low,Low,Core / Maintenance,2,-0.14220582207514393,Low Priority,Maintain efficiently
HCP_0698,Ontario,Internal Medicine,4.589472940874459,553,259,96,0.3706563706563706,0.6293436293436294,-0.1657857687290929,0.1874749762150467,33,20,Medium,Low,Core / Maintenance,2,-0.38060691238684485,Low Priority,Maintain efficiently
HCP_0699,Ontario,Internal Medicine,4.589472940874459,1184,710,347,0.4887323943661972,0.5112676056338028,-0.2168289001524636,0.2934742637058928,49,0,Medium,Low,High-Value Established,4,0.16362221205655395,Medium Priority,Retain and deepen
HCP_0700,Ontario,Internal Medicine,4.589472940874459,803,454,239,0.526431718061674,0.473568281938326,-0.0121682823370068,0.3782604416332092,64,14,Medium,Low,Core / Maintenance,4,-0.14631114150593136,Low Priority,Maintain efficiently
HCP_0701,Ontario,Internal Medicine,4.589472940874459,714,534,161,0.301498127340824,0.6985018726591761,0.0138823625128133,0.2398256326723125,81,16,High,Low,Core / Maintenance,3,-0.01734310706060748,Low Priority,Maintain efficiently
HCP_0702,Ontario,Internal Medicine,4.589472940874459,1237,807,251,0.3110285006195787,0.6889714993804212,-0.0257724432979819,0.3189399751320729,61,50,Medium,Medium,Core / Maintenance,1,0.5864786523659548,High Priority,Maintain efficiently
HCP_0703,Ontario,Internal Medicine,4.589472940874459,670,411,108,0.2627737226277372,0.7372262773722628,0.1992086956624594,0.0812222955859373,42,62,Medium,Medium,Core / Maintenance,0,-0.03654422956815126,Low Priority,Maintain efficiently
HCP_0704,Ontario,Internal Medicine,4.589472940874459,523,233,136,0.5836909871244635,0.4163090128755364,0.1973636251529761,0.1239053131011744,55,13,Medium,Low,Core / Maintenance,0,-0.7186673443393051,Low Priority,Maintain efficiently
HCP_0705,Ontario,Internal Medicine,4.589472940874459,497,319,138,0.4326018808777429,0.567398119122257,0.0098236415066597,0.2257460743218363,14,58,Low,Medium,Core / Maintenance,4,-0.4933301679835471,Low Priority,Maintain efficiently
HCP_0706,Ontario,Internal Medicine,4.589472940874459,1059,473,45,0.095137420718816,0.904862579281184,-0.1652705335830355,0.0570041032700711,47,82,Medium,High,Core / Maintenance,2,0.42750734849499433,Medium Priority,Maintain efficiently
HCP_0707,Ontario,Internal Medicine,4.589472940874459,547,293,154,0.5255972696245734,0.4744027303754266,-0.0180046129666063,0.1384992425668956,48,49,Medium,Medium,Core / Maintenance,2,-0.7508102520903185,Low Priority,Maintain efficiently
HCP_0708,Ontario,Internal Medicine,4.589472940874459,1584,724,228,0.3149171270718232,0.6850828729281768,-0.0219785672700473,0.2310904514387382,80,33,High,Medium,Core / Maintenance,1,0.7810291647508468,High Priority,Field-led opportunity development
HCP_0709,Ontario,Internal Medicine,4.589472940874459,414,280,25,0.0892857142857142,0.9107142857142856,-0.0288561954733669,0.0552364193897052,43,5,Medium,Low,Core / Maintenance,2,-0.18445527332020695,Low Priority,Maintain efficiently
HCP_0710,Ontario,Internal Medicine,4.589472940874459,1552,749,264,0.3524699599465954,0.6475300400534045,-0.0337262684677893,0.1425912001791146,9,48,Low,Medium,Core / Maintenance,1,0.5469108270004486,High Priority,Maintain efficiently
HCP_0711,Ontario,Internal Medicine,4.589472940874459,923,514,144,0.2801556420233463,0.7198443579766537,-0.0284155474869768,0.2299107868165543,19,5,Low,Low,Core / Maintenance,2,0.20884400270920528,Medium Priority,Maintain efficiently
HCP_0712,Ontario,Internal Medicine,4.589472940874459,828,628,335,0.5334394904458599,0.4665605095541401,0.0036150060922688,0.250602236793436,69,68,High,High,Core / Maintenance,4,-0.32703580748536115,Low Priority,Maintain efficiently
HCP_0713,Ontario,Internal Medicine,4.589472940874459,708,341,55,0.1612903225806451,0.8387096774193549,-0.0262649318578667,0.3740130925693569,7,6,Low,Low,Core / Maintenance,3,0.44155532200263814,Medium Priority,Maintain efficiently
HCP_0714,Ontario,Internal Medicine,4.589472940874459,985,594,300,0.5050505050505051,0.4949494949494949,0.074998701035071,0.2758709681377128,44,96,Medium,High,Core / Maintenance,4,-0.047975438786272445,Low Priority,Maintain efficiently
HCP_0715,Ontario,Internal Medicine,4.589472940874459,846,480,171,0.35625,0.64375,0.0932442459085833,0.1951575308854978,33,76,Medium,High,Core / Maintenance,0,-0.0011340707030606176,Low Priority,Maintain efficiently
HCP_0716,Ontario,Internal Medicine,4.589472940874459,1261,514,41,0.0797665369649805,0.9202334630350196,-0.0592774104618987,0.3756229119965737,95,50,High,Medium,Core / Maintenance,3,1.1288640329261528,High Priority,Field-led opportunity development
HCP_0717,Ontario,Internal Medicine,4.589472940874459,892,640,374,0.584375,0.415625,0.202527839120844,0.324709044185728,50,0,Medium,Low,Core / Maintenance,4,-0.05738326637800936,Low Priority,Maintain efficiently
HCP_0718,Ontario,Internal Medicine,4.589472940874459,903,386,128,0.3316062176165803,0.6683937823834196,-0.0676074762208737,0.1200031223894616,3,12,Low,Low,Core / Maintenance,2,-0.07196189729141035,Low Priority,Maintain efficiently
HCP_0719,Ontario,Internal Medicine,4.589472940874459,755,445,93,0.2089887640449438,0.7910112359550562,-0.1441360736578404,0.0957948264720869,38,42,Medium,Medium,Core / Maintenance,2,-0.020398010901736513,Low Priority,Maintain efficiently
HCP_0720,Ontario,Internal Medicine,4.589472940874459,840,524,161,0.3072519083969465,0.6927480916030535,0.0956933685638062,0.2865340725099565,83,26,High,Low,Core / Maintenance,3,0.22523791165178308,Medium Priority,Maintain efficiently
HCP_0721,Ontario,Internal Medicine,4.589472940874459,954,621,324,0.5217391304347826,0.4782608695652174,-0.0480889761297207,0.2459591079519443,23,70,Low,High,Core / Maintenance,4,-0.1908616427887847,Low Priority,Maintain efficiently
HCP_0722,Ontario,Internal Medicine,4.589472940874459,471,318,69,0.2169811320754717,0.7830188679245282,0.0885549764908865,0.3263857648274645,87,2,High,Low,Core / Maintenance,3,0.09096826087336402,Medium Priority,Maintain efficiently
HCP_0723,Ontario,Internal Medicine,4.589472940874459,535,268,42,0.1567164179104477,0.8432835820895522,-0.2384402321320636,0.3085817675275403,54,57,Medium,Medium,Core / Maintenance,2,0.1855598534154665,Medium Priority,Maintain efficiently
HCP_0724,Ontario,Internal Medicine,4.589472940874459,1112,449,54,0.1202672605790645,0.8797327394209354,0.2170947129779681,0.2688240368501303,25,88,Low,High,High-Potential Conversion,3,0.9595171145069726,High Priority,Increase field engagement
HCP_0725,Ontario,Internal Medicine,4.589472940874459,910,627,134,0.2137161084529505,0.7862838915470495,0.1306752089648482,0.3952337600701123,24,96,Low,High,Core / Maintenance,3,0.6740372985495882,High Priority,Digital-led opportunity development
HCP_0726,Ontario,Internal Medicine,4.589472940874459,803,493,236,0.4787018255578093,0.5212981744421907,-0.1300571858995601,0.236756405538643,35,16,Medium,Low,Core / Maintenance,4,-0.2690827996294695,Low Priority,Maintain efficiently
HCP_0727,Ontario,Internal Medicine,4.589472940874459,862,633,196,0.3096366508688783,0.6903633491311216,-0.1274532548615543,0.0895870147756019,70,44,High,Medium,Core / Maintenance,2,-0.11579392452519949,Low Priority,Maintain efficiently
HCP_0728,Ontario,Internal Medicine,4.589472940874459,968,705,123,0.1744680851063829,0.825531914893617,0.2506719084917033,0.3398957476855959,73,77,High,High,Emerging Opportunity,3,0.8669243573116243,High Priority,Digital-first nurture
HCP_0729,Ontario,Internal Medicine,4.589472940874459,709,523,74,0.141491395793499,0.858508604206501,-0.038485588419755,0.1381486768209981,57,100,Medium,High,Core / Maintenance,2,0.12567053167352554,Medium Priority,Maintain efficiently
HCP_0730,Ontario,Cardiology,4.098744662672619,617,367,86,0.2343324250681198,0.7656675749318801,-0.0501021818479148,0.3220557518503714,11,57,Low,Medium,Core / Maintenance,3,0.13890841856956757,Medium Priority,Maintain efficiently
HCP_0731,Ontario,Cardiology,4.098744662672619,867,463,263,0.5680345572354212,0.4319654427645788,-0.2219262512979139,0.384987483600018,0,55,Low,Medium,Core / Maintenance,4,-0.15278037073343573,Low Priority,Maintain efficiently
HCP_0732,Ontario,Cardiology,4.098744662672619,575,412,98,0.2378640776699029,0.7621359223300971,0.0079066153278135,0.2938784298875194,49,53,Medium,Medium,Core / Maintenance,3,0.04959296650211413,Medium Priority,Maintain efficiently
HCP_0733,Ontario,Cardiology,4.098744662672619,934,542,322,0.5940959409594095,0.4059040590405904,0.0226736462197096,0.2586105563324304,24,86,Low,High,Core / Maintenance,4,-0.3269662490160988,Low Priority,Maintain efficiently
HCP_0734,Ontario,Cardiology,4.098744662672619,446,211,67,0.3175355450236967,0.6824644549763033,0.1358591716123382,0.2111351614862642,79,87,High,High,Core / Maintenance,0,-0.23712268645884851,Low Priority,Maintain efficiently
HCP_0735,Ontario,Cardiology,4.098744662672619,1161,861,128,0.148664343786295,0.851335656213705,-0.117889411382137,0.1775434530983911,4,28,Low,Low,Core / Maintenance,2,0.6060206975964918,High Priority,Maintain efficiently
HCP_0736,Ontario,Cardiology,4.098744662672619,955,719,388,0.5396383866481224,0.4603616133518776,-0.1324344150688731,0.1735516628401427,82,53,High,Medium,Core / Maintenance,2,-0.33218851361129564,Low Priority,Maintain efficiently
HCP_0737,Ontario,Cardiology,4.098744662672619,886,520,158,0.3038461538461538,0.6961538461538461,0.1041155161731772,0.2727304469983567,67,26,High,Low,Core / Maintenance,3,0.2654328399230846,Medium Priority,Maintain efficiently
HCP_0738,Ontario,Cardiology,4.098744662672619,1142,491,216,0.439918533604888,0.560081466395112,0.1708076085472477,0.312945590928211,5,44,Low,Medium,Core / Maintenance,4,0.39790278903495474,Medium Priority,Maintain efficiently
HCP_0739,Ontario,Cardiology,4.098744662672619,1451,805,476,0.591304347826087,0.408695652173913,-0.1385382821341459,0.287480974319545,25,86,Low,High,High-Value Established,1,0.21880765965157628,Medium Priority,Retain and deepen
HCP_0740,Ontario,Cardiology,4.098744662672619,1155,833,65,0.0780312124849939,0.921968787515006,0.1797816903559689,0.1194435354177469,54,30,Medium,Low,High-Potential Conversion,0,0.810414545367755,High Priority,Build field relationship
HCP_0741,Ontario,Cardiology,4.098744662672619,425,323,33,0.1021671826625387,0.8978328173374613,0.0545050209784185,0.2228955130502219,38,35,Medium,Medium,Core / Maintenance,3,0.06541156935559556,Medium Priority,Maintain efficiently
HCP_0742,Ontario,Cardiology,4.098744662672619,517,249,111,0.4457831325301205,0.5542168674698795,0.1810166406889574,0.327074025264072,8,80,Low,High,Core / Maintenance,4,-0.18050373151870278,Low Priority,Maintain efficiently
HCP_0743,Ontario,Cardiology,4.098744662672619,651,278,57,0.2050359712230215,0.7949640287769784,0.041573556617886,0.2164964273661697,44,60,Medium,Medium,Core / Maintenance,3,0.06817463188178394,Medium Priority,Maintain efficiently
HCP_0744,Ontario,Cardiology,4.098744662672619,817,614,93,0.1514657980456026,0.8485342019543973,-0.2526733500985541,0.2378181479074228,13,36,Low,Medium,Core / Maintenance,2,0.36040518574602176,Medium Priority,Maintain efficiently
HCP_0745,Ontario,Cardiology,4.098744662672619,971,540,39,0.0722222222222222,0.9277777777777778,0.0317639141220753,0.3198976168597878,54,66,Medium,Medium,Emerging Opportunity,3,0.7804952707697852,High Priority,Develop engagement
HCP_0746,Ontario,Cardiology,4.098744662672619,628,387,24,0.0620155038759689,0.937984496124031,0.1772172582405524,0.281442857192782,8,35,Low,Medium,Core / Maintenance,3,0.5736933763260443,High Priority,Maintain efficiently
HCP_0747,Ontario,Cardiology,4.098744662672619,865,681,324,0.4757709251101321,0.5242290748898679,-0.0572495222900457,0.1932707223088374,14,4,Low,Low,Core / Maintenance,4,-0.2692242240991565,Low Priority,Maintain efficiently
HCP_0748,Ontario,Cardiology,4.098744662672619,622,265,33,0.1245283018867924,0.8754716981132076,0.0034442037311057,0.3633944489179767,36,45,Medium,Medium,Emerging Opportunity,3,0.4119367242183817,Medium Priority,Develop engagement
HCP_0749,Ontario,Cardiology,4.098744662672619,654,431,132,0.3062645011600928,0.6937354988399071,0.0288639795738826,0.1068984740322175,49,78,Medium,High,Core / Maintenance,2,-0.28351223649374513,Low Priority,Maintain efficiently
HCP_0750,Ontario,Cardiology,4.098744662672619,495,213,82,0.3849765258215962,0.6150234741784038,-0.2979416655842178,0.3984307570066137,83,51,High,Medium,Core / Maintenance,4,-0.1466386232066132,Low Priority,Maintain efficiently
HCP_0751,Ontario,Cardiology,4.098744662672619,586,322,92,0.2857142857142857,0.7142857142857143,0.2505617090524971,0.091598402466683,71,48,High,Medium,Core / Maintenance,0,-0.08214269127722781,Low Priority,Maintain efficiently
HCP_0752,Ontario,Cardiology,4.098744662672619,505,364,24,0.0659340659340659,0.934065934065934,-0.0581650815876609,0.0552324898864836,95,5,High,Low,Core / Maintenance,2,-0.05310050562899399,Low Priority,Maintain efficiently
HCP_0753,Ontario,Cardiology,4.098744662672619,576,330,159,0.4818181818181818,0.5181818181818182,0.1106882518967358,0.3615066154020677,20,9,Low,Low,Core / Maintenance,4,-0.22558919204514766,Low Priority,Maintain efficiently
HCP_0754,Ontario,Cardiology,4.098744662672619,1171,935,52,0.055614973262032,0.944385026737968,0.0395958636622149,0.1357337279280846,56,95,Medium,High,High-Potential Conversion,2,0.727596181652808,High Priority,Build field relationship
HCP_0755,Ontario,Cardiology,4.098744662672619,581,362,170,0.4696132596685083,0.5303867403314917,0.2009142867631232,0.3053948696063523,18,22,Low,Low,Core / Maintenance,4,-0.17195047374184438,Low Priority,Maintain efficiently
HCP_0756,Ontario,Cardiology,4.098744662672619,2035,1075,582,0.5413953488372093,0.4586046511627907,0.0987267346913697,0.3338553812262242,92,16,High,Low,High-Value Established,1,1.0095633227331577,High Priority,Retain and deepen
HCP_0757,Ontario,Cardiology,4.098744662672619,962,469,135,0.2878464818763326,0.7121535181236673,0.021809087417483,0.3506452368612409,57,83,Medium,High,Core / Maintenance,3,0.4131265967639717,Medium Priority,Maintain efficiently
HCP_0758,Ontario,Cardiology,4.098744662672619,864,467,161,0.3447537473233404,0.6552462526766596,-0.0572218111023136,0.3970579824824584,94,43,High,Medium,Core / Maintenance,4,0.2816921585294128,Medium Priority,Maintain efficiently
HCP_0759,Ontario,Cardiology,4.098744662672619,600,329,103,0.3130699088145897,0.6869300911854104,0.1457420841658566,0.1529138985139996,5,40,Low,Medium,Core / Maintenance,0,-0.15595978542603361,Low Priority,Maintain efficiently
HCP_0760,Ontario,Cardiology,4.098744662672619,1035,442,117,0.2647058823529412,0.7352941176470589,-0.1748129564745539,0.2985851696745407,3,14,Low,Low,Core / Maintenance,2,0.4486406030145056,Medium Priority,Maintain efficiently
HCP_0761,Ontario,Cardiology,4.098744662672619,662,363,195,0.5371900826446281,0.4628099173553719,0.1275068504331071,0.0903899503982898,42,43,Medium,Medium,Core / Maintenance,0,-0.6332552769029517,Low Priority,Maintain efficiently
HCP_0762,Ontario,Cardiology,4.098744662672619,845,495,268,0.5414141414141415,0.4585858585858585,-0.0818853701865847,0.1923832519748973,92,57,High,Medium,Core / Maintenance,4,-0.413044433132469,Low Priority,Maintain efficiently
HCP_0763,Ontario,Cardiology,4.098744662672619,1984,1367,321,0.2348207754206291,0.7651792245793709,0.2002740394347967,0.3467900926594066,41,85,Medium,High,Core / Maintenance,1,1.679521185662053,High Priority,Digital-led opportunity development
HCP_0764,Ontario,Cardiology,4.098744662672619,783,519,202,0.3892100192678227,0.6107899807321773,0.0693559451195234,0.1786803161206879,2,49,Low,Medium,Core / Maintenance,0,-0.17749910472315666,Low Priority,Maintain efficiently
HCP_0765,Ontario,Cardiology,4.098744662672619,1211,828,464,0.5603864734299517,0.4396135265700482,0.127294852142013,0.2568833831874649,0,51,Low,Medium,High-Value Established,4,0.10080410926875577,Medium Priority,Retain and deepen
HCP_0766,Ontario,Cardiology,4.098744662672619,633,255,148,0.5803921568627451,0.4196078431372548,0.0598386576589663,0.2263207053036219,54,69,Medium,High,Core / Maintenance,4,-0.6208361655342526,Low Priority,Maintain efficiently
HCP_0767,Ontario,Cardiology,4.098744662672619,800,390,129,0.3307692307692307,0.6692307692307693,-0.1602852514169195,0.2760830358892158,14,67,Low,High,Core / Maintenance,2,0.06482332064401268,Medium Priority,Maintain efficiently
HCP_0768,Ontario,Cardiology,4.098744662672619,1505,1000,299,0.299,0.7010000000000001,-0.0532874996074406,0.3905130362856932,46,62,Medium,Medium,Core / Maintenance,1,0.9742274231335167,High Priority,Maintain efficiently
HCP_0769,Ontario,Cardiology,4.098744662672619,650,386,78,0.2020725388601036,0.7979274611398963,0.1306867205133658,0.0695074342754907,84,57,High,Medium,Core / Maintenance,0,-0.04302867455443407,Low Priority,Maintain efficiently
HCP_0770,Ontario,Cardiology,4.098744662672619,1527,614,355,0.5781758957654723,0.4218241042345276,0.0699986980831812,0.2508865311255704,45,22,Medium,Low,High-Value Established,1,0.29235946818467157,Medium Priority,Retain and deepen
HCP_0771,Ontario,Cardiology,4.098744662672619,1037,749,96,0.1281708945260347,0.8718291054739653,0.1917187886366806,0.3520600727375997,57,43,Medium,Medium,High-Potential Conversion,3,0.9665076261002963,High Priority,Build field relationship
HCP_0772,Ontario,Cardiology,4.098744662672619,665,472,174,0.3686440677966102,0.6313559322033898,0.0983929475644606,0.2184839491119496,94,82,High,High,Core / Maintenance,0,-0.15717673531551576,Low Priority,Maintain efficiently
HCP_0773,Ontario,Cardiology,4.098744662672619,1010,626,129,0.2060702875399361,0.7939297124600639,-0.0660042268843191,0.0774845150795505,70,94,High,High,Core / Maintenance,2,0.20283250499894262,Medium Priority,Maintain efficiently
HCP_0774,Ontario,Cardiology,4.098744662672619,1138,485,99,0.2041237113402061,0.7958762886597939,-0.045527696526476,0.2461887733458698,80,43,High,Medium,Core / Maintenance,3,0.5828024972047311,High Priority,Field-led opportunity development
HCP_0775,Ontario,Cardiology,4.098744662672619,1007,712,194,0.2724719101123595,0.7275280898876404,0.0623500868627884,0.1662258617883371,82,51,High,Medium,Core / Maintenance,0,0.2298683080328132,Medium Priority,Maintain efficiently
HCP_0776,Ontario,Cardiology,4.098744662672619,467,296,177,0.597972972972973,0.402027027027027,-0.2276852879200126,0.1042296248682775,38,66,Medium,Medium,Core / Maintenance,2,-1.015078731988169,Low Priority,Maintain efficiently
HCP_0777,Ontario,Cardiology,4.098744662672619,628,448,36,0.0803571428571428,0.9196428571428572,0.2508130262747582,0.3471620796492156,2,27,Low,Low,Emerging Opportunity,3,0.7277311019372031,High Priority,Develop engagement
HCP_0778,Ontario,Cardiology,4.098744662672619,743,521,192,0.3685220729366603,0.6314779270633397,0.1030096083653068,0.2325598295468925,29,66,Low,Medium,Core / Maintenance,0,-0.05517243042258606,Low Priority,Maintain efficiently
HCP_0779,Ontario,Gastroenterology,4.3514780994329785,813,586,56,0.0955631399317406,0.9044368600682594,0.1972441516458646,0.3766467443326733,34,77,Medium,High,Emerging Opportunity,3,0.8559602963961012,High Priority,Digital-first nurture
HCP_0780,Ontario,Gastroenterology,4.3514780994329785,1037,630,85,0.1349206349206349,0.8650793650793651,-0.1396724728971002,0.3321057766110742,56,17,Medium,Low,Core / Maintenance,3,0.7445665148792632,High Priority,Maintain efficiently
HCP_0781,Ontario,Gastroenterology,4.3514780994329785,888,405,118,0.291358024691358,0.7086419753086419,0.1993478192426306,0.2925401278207836,28,26,Low,Low,Core / Maintenance,3,0.4367837354418422,Medium Priority,Maintain efficiently
HCP_0782,Ontario,Gastroenterology,4.3514780994329785,523,350,116,0.3314285714285714,0.6685714285714286,0.3177798693233298,0.0517589261778591,49,50,Medium,Medium,Core / Maintenance,0,-0.2063116366525632,Low Priority,Maintain efficiently
HCP_0783,Ontario,Gastroenterology,4.3514780994329785,953,618,119,0.1925566343042071,0.8074433656957929,-0.1085054026452781,0.1997382098233875,61,59,Medium,Medium,Core / Maintenance,2,0.3568865184140261,Medium Priority,Maintain efficiently
HCP_0784,Ontario,Gastroenterology,4.3514780994329785,1033,720,161,0.2236111111111111,0.7763888888888889,0.142568215388452,0.1191201985782113,51,73,Medium,High,Core / Maintenance,0,0.37383068095884175,Medium Priority,Maintain efficiently
HCP_0785,Ontario,Gastroenterology,4.3514780994329785,1015,475,46,0.0968421052631579,0.9031578947368422,0.0501331933624751,0.3687792688671037,13,48,Low,Medium,High-Potential Conversion,3,0.8564417418898717,High Priority,Increase field engagement
HCP_0786,Ontario,Gastroenterology,4.3514780994329785,1218,582,126,0.2164948453608247,0.7835051546391752,-0.1353320617897893,0.1111043946367261,34,14,Medium,Low,Core / Maintenance,2,0.43375456139847945,Medium Priority,Maintain efficiently
HCP_0787,Ontario,Gastroenterology,4.3514780994329785,1117,845,491,0.5810650887573965,0.4189349112426035,0.1091460766222243,0.1501210180807499,27,82,Low,High,High-Value Established,0,-0.21082150917000086,Low Priority,Retain and deepen
HCP_0788,Ontario,Gastroenterology,4.3514780994329785,980,686,391,0.5699708454810496,0.4300291545189504,0.1500323845804818,0.2308928687070747,57,72,Medium,High,Core / Maintenance,4,-0.1506005334034705,Low Priority,Maintain efficiently
HCP_0789,Ontario,Gastroenterology,4.3514780994329785,814,621,145,0.2334943639291465,0.7665056360708534,-0.0221351863202616,0.1421772666493277,29,67,Low,High,Core / Maintenance,2,0.05994760862774584,Medium Priority,Maintain efficiently
HCP_0790,Ontario,Gastroenterology,4.3514780994329785,467,329,120,0.364741641337386,0.6352583586626139,0.1899099824306267,0.1234526370476924,89,14,High,Low,Core / Maintenance,0,-0.3711929044141391,Low Priority,Maintain efficiently
HCP_0791,Ontario,Gastroenterology,4.3514780994329785,970,620,341,0.55,0.4499999999999999,-0.1500116088147037,0.2596847637859634,6,50,Low,Medium,Core / Maintenance,4,-0.20793651555263992,Low Priority,Maintain efficiently
HCP_0792,Ontario,Gastroenterology,4.3514780994329785,897,594,32,0.0538720538720538,0.9461279461279462,-0.1293707375739572,0.0811253329642583,38,47,Medium,Medium,Core / Maintenance,2,0.3853981267873373,Medium Priority,Maintain efficiently
HCP_0793,Ontario,Gastroenterology,4.3514780994329785,918,694,344,0.4956772334293948,0.5043227665706052,0.0663916874706502,0.0703587155523236,94,71,High,High,Core / Maintenance,0,-0.4137804542843805,Low Priority,Maintain efficiently
HCP_0794,Ontario,Gastroenterology,4.3514780994329785,534,337,193,0.5727002967359051,0.4272997032640949,0.0530462333566726,0.180285853315125,68,0,High,Low,Core / Maintenance,4,-0.7789894074328676,Low Priority,Maintain efficiently
HCP_0795,Ontario,Gastroenterology,4.3514780994329785,572,373,37,0.099195710455764,0.900804289544236,-0.0359888186108926,0.3022325590777518,34,6,Medium,Low,Core / Maintenance,3,0.3196159213555067,Medium Priority,Maintain efficiently
HCP_0796,Ontario,Gastroenterology,4.3514780994329785,1206,558,77,0.1379928315412186,0.8620071684587813,0.1471513323166263,0.2441823653958818,51,52,Medium,Medium,High-Potential Conversion,3,0.8942719277480509,High Priority,Build field relationship
HCP_0797,Ontario,Gastroenterology,4.3514780994329785,823,485,281,0.5793814432989691,0.4206185567010309,0.1137073177059139,0.1980067639633726,13,30,Low,Low,Core / Maintenance,4,-0.4129581466478156,Low Priority,Maintain efficiently
HCP_0798,Ontario,Gastroenterology,4.3514780994329785,1059,727,251,0.3452544704264099,0.6547455295735901,0.1529766885120819,0.2480130474786038,62,17,Medium,Low,Core / Maintenance,0,0.37660022447570646,Medium Priority,Maintain efficiently
HCP_0799,Ontario,Gastroenterology,4.3514780994329785,843,429,25,0.0582750582750582,0.9417249417249416,0.0352236277577278,0.1779080196286457,35,11,Medium,Low,Core / Maintenance,3,0.47046544053340594,Medium Priority,Maintain efficiently
HCP_0800,Ontario,Gastroenterology,4.3514780994329785,843,405,78,0.1925925925925926,0.8074074074074074,0.1223096321574009,0.3776512174012395,90,47,High,Medium,Core / Maintenance,3,0.6126635839832864,High Priority,Field-led opportunity development
HCP_0801,Ontario,Gastroenterology,4.3514780994329785,1159,609,181,0.2972085385878489,0.7027914614121511,-0.0034780363635993,0.069216711818771,23,29,Low,Low,Core / Maintenance,2,0.16259170357264296,Medium Priority,Maintain efficiently
HCP_0802,Ontario,Gastroenterology,4.3514780994329785,697,346,149,0.430635838150289,0.569364161849711,0.2964582428103914,0.2856870176604423,39,96,Medium,High,Core / Maintenance,0,0.09983796816014273,Medium Priority,Maintain efficiently
HCP_0803,Ontario,Gastroenterology,4.3514780994329785,863,419,190,0.4534606205250596,0.5465393794749404,-0.0475054924146382,0.3619489326897127,28,6,Low,Low,Core / Maintenance,4,0.02392130755546787,Medium Priority,Maintain efficiently
HCP_0804,Ontario,Neurology,7.194335700141704,913,520,311,0.5980769230769231,0.4019230769230769,0.3026356915349974,0.3313596480573387,52,91,Medium,High,Core / Maintenance,4,0.06926471718586241,Medium Priority,Maintain efficiently
HCP_0805,Ontario,Neurology,7.194335700141704,922,704,147,0.2088068181818181,0.7911931818181819,0.054186553650729,0.1144143621875063,21,2,Low,Low,Core / Maintenance,2,0.17993216090289246,Medium Priority,Maintain efficiently
HCP_0806,Ontario,Neurology,7.194335700141704,963,581,201,0.3459552495697074,0.6540447504302926,-0.1150613067482491,0.1535742221431009,71,62,High,Medium,Core / Maintenance,2,0.009186537262242042,Low Priority,Maintain efficiently
HCP_0807,Ontario,Neurology,7.194335700141704,1160,551,189,0.3430127041742287,0.6569872958257713,0.2141695220586321,0.3009667785474866,14,5,Low,Low,Core / Maintenance,0,0.6321177276558729,High Priority,Maintain efficiently
HCP_0808,Ontario,Neurology,7.194335700141704,907,391,107,0.2736572890025575,0.7263427109974425,0.065108166607395,0.0794946957132679,68,94,High,High,Core / Maintenance,0,0.004659707477383701,Low Priority,Maintain efficiently
HCP_0809,Ontario,Neurology,7.194335700141704,1665,1130,162,0.1433628318584071,0.856637168141593,0.1521348918056285,0.3341515949414044,63,14,Medium,Low,High-Potential Conversion,1,1.4667324306243865,High Priority,Build field relationship
HCP_0810,Ontario,Neurology,7.194335700141704,784,434,255,0.5875576036866359,0.4124423963133641,0.1968627102251112,0.3016174306116766,3,70,Low,High,Core / Maintenance,4,-0.20879731974416876,Low Priority,Maintain efficiently
HCP_0811,Ontario,Neurology,7.194335700141704,1005,732,380,0.5191256830601093,0.4808743169398907,0.090554666497403,0.3053623272323699,74,42,High,Medium,High-Value Established,4,0.008084156574107687,Low Priority,Retain and deepen
HCP_0812,Ontario,Neurology,7.194335700141704,920,611,198,0.3240589198036006,0.6759410801963994,-0.0210689013775377,0.0850844795936569,17,93,Low,High,Core / Maintenance,2,-0.09385318685598944,Low Priority,Maintain efficiently
HCP_0813,Ontario,Neurology,7.194335700141704,1780,1279,488,0.3815480844409695,0.6184519155590305,0.16708560532031,0.3012161906856808,41,90,Medium,High,Core / Maintenance,1,1.098917627263364,High Priority,Digital-led opportunity development
HCP_0814,Ontario,Neurology,7.194335700141704,1149,585,102,0.1743589743589743,0.8256410256410256,0.0500906608945514,0.2879363438269895,29,80,Low,High,High-Potential Conversion,3,0.7183675940253114,High Priority,Increase field engagement
HCP_0815,Ontario,Neurology,7.194335700141704,1540,1042,364,0.3493282149712092,0.6506717850287909,0.1323029382330102,0.3408228717876477,14,17,Low,Low,Core / Maintenance,1,0.9455968858331006,High Priority,Maintain efficiently
HCP_0816,Ontario,Neurology,7.194335700141704,638,323,140,0.4334365325077399,0.56656346749226,-0.2084476688549753,0.0645585846897643,69,21,High,Low,Core / Maintenance,2,-0.6012326220880414,Low Priority,Maintain efficiently
HCP_0817,Ontario,Neurology,7.194335700141704,1178,914,305,0.3336980306345733,0.6663019693654266,0.1036378060411822,0.0580887339637272,54,60,Medium,Medium,Core / Maintenance,0,0.16744786869456008,Medium Priority,Maintain efficiently
HCP_0818,Ontario,Neurology,7.194335700141704,1465,959,570,0.59436913451512,0.40563086548488,-0.0266302990174036,0.1805524849574962,52,60,Medium,Medium,High-Value Established,1,0.06602213967655629,Medium Priority,Retain and deepen
HCP_0819,Ontario,Neurology,7.194335700141704,1104,585,226,0.3863247863247863,0.6136752136752137,0.2483971564614236,0.1020758993472035,15,52,Low,Medium,Core / Maintenance,0,0.24019218851657778,Medium Priority,Maintain efficiently
HCP_0820,Ontario,Neurology,7.194335700141704,1558,791,201,0.2541087231352718,0.7458912768647281,0.1247704817466914,0.2454345671495776,72,25,High,Low,Core / Maintenance,1,0.9893271393411905,High Priority,Field-led opportunity development
HCP_0821,Ontario,Neurology,7.194335700141704,895,426,202,0.4741784037558685,0.5258215962441315,0.0787829295019156,0.3710721155273621,33,90,Medium,High,Core / Maintenance,4,0.07094993448686934,Medium Priority,Maintain efficiently
HCP_0822,Ontario,Neurology,7.194335700141704,1757,1191,171,0.1435768261964735,0.8564231738035264,0.1083571992020265,0.1870179056169055,26,39,Low,Medium,High-Potential Conversion,1,1.2805286261249589,High Priority,Increase field engagement
HCP_0823,Ontario,Neurology,7.194335700141704,2399,1169,306,0.2617621899059025,0.7382378100940975,-0.0698129023452061,0.3457326320454115,12,87,Low,High,Core / Maintenance,1,1.8366933884656444,High Priority,Digital-led opportunity development
HCP_0824,Ontario,Neurology,7.194335700141704,945,603,145,0.2404643449419568,0.7595356550580431,0.2447908028633664,0.0500843060812532,99,7,High,Low,Core / Maintenance,0,0.27871569413383096,Medium Priority,Maintain efficiently
HCP_0825,Ontario,Neurology,7.194335700141704,918,464,133,0.2866379310344827,0.7133620689655172,0.2889644502100285,0.1089801252107144,26,20,Low,Low,Core / Maintenance,0,0.30837329922538637,Medium Priority,Maintain efficiently
HCP_0826,Ontario,Neurology,7.194335700141704,1784,1186,569,0.4797639123102867,0.5202360876897133,0.0971496212657859,0.0606482388789299,72,92,High,High,High-Value Established,1,0.4719014601928726,Medium Priority,Retain and deepen
HCP_0827,Ontario,Neurology,7.194335700141704,1865,1354,428,0.3161004431314623,0.6838995568685377,0.2408484282288366,0.164851513180274,68,42,High,Medium,Core / Maintenance,1,1.1889109960588449,High Priority,Field-led opportunity development
HCP_0828,Ontario,Neurology,7.194335700141704,893,635,309,0.4866141732283464,0.5133858267716536,-0.018297783840704,0.367866358493776,85,20,High,Low,Core / Maintenance,4,-0.0005962388755191561,Low Priority,Maintain efficiently
HCP_0829,Ontario,Neurology,7.194335700141704,926,652,239,0.3665644171779141,0.6334355828220859,-0.0456536279469976,0.0839332432596457,30,2,Low,Low,Core / Maintenance,2,-0.16962084207784262,Low Priority,Maintain efficiently
HCP_0830,Ontario,Neurology,7.194335700141704,972,462,110,0.238095238095238,0.7619047619047619,0.0549109698474707,0.2622434218603302,2,30,Low,Low,Core / Maintenance,3,0.3957930713151133,Medium Priority,Maintain efficiently
HCP_0831,Ontario,Neurology,7.194335700141704,670,292,145,0.4965753424657534,0.5034246575342466,0.1021929246041478,0.2080235786918055,29,26,Low,Low,Core / Maintenance,4,-0.4036388308706413,Low Priority,Maintain efficiently
HCP_0832,Ontario,Neurology,7.194335700141704,778,529,96,0.1814744801512287,0.8185255198487713,0.0027215982508255,0.3784638743280343,20,26,Low,Low,Emerging Opportunity,3,0.4776562473540916,Medium Priority,Develop engagement
HCP_0833,Ontario,Neurology,7.194335700141704,755,413,72,0.1743341404358353,0.8256658595641646,0.114532182844218,0.0928816998879828,98,72,High,High,Core / Maintenance,0,0.12539709033204702,Medium Priority,Maintain efficiently
HCP_0834,Ontario,Neurology,7.194335700141704,820,470,154,0.3276595744680851,0.672340425531915,0.0867667378488096,0.1242097476757801,5,56,Low,Medium,Core / Maintenance,0,-0.0868520200471495,Low Priority,Maintain efficiently
HCP_0835,Ontario,Neurology,7.194335700141704,1060,437,85,0.1945080091533181,0.8054919908466819,-0.0697968130349265,0.0603396890140226,91,96,High,High,Core / Maintenance,2,0.24689369282954085,Medium Priority,Maintain efficiently
HCP_0836,Ontario,Neurology,7.194335700141704,1165,587,32,0.0545144804088586,0.9454855195911414,0.1122551620942065,0.2018773373709808,31,32,Low,Low,High-Potential Conversion,3,0.9054901355190278,High Priority,Increase field engagement
HCP_0837,Ontario,Neurology,7.194335700141704,1846,763,310,0.4062909567496723,0.5937090432503276,0.1536233891025825,0.147241514847629,41,89,Medium,High,Core / Maintenance,1,0.8683900404771204,High Priority,Digital-led opportunity development
HCP_0838,Ontario,Neurology,7.194335700141704,756,568,188,0.3309859154929577,0.6690140845070423,0.0705763181108469,0.3544670768616123,100,91,High,High,Core / Maintenance,3,0.1711962670405605,Medium Priority,Maintain efficiently
HCP_0839,Ontario,Neurology,7.194335700141704,1514,753,222,0.2948207171314741,0.7051792828685259,0.188317772391403,0.2617292846192143,61,43,Medium,Medium,Core / Maintenance,1,0.9725969779814783,High Priority,Maintain efficiently
HCP_0840,Ontario,Psychiatry,3.723331603542829,716,446,259,0.5807174887892377,0.4192825112107623,-0.0960884552196342,0.2649317582914956,88,42,High,Medium,Core / Maintenance,4,-0.50200923254238,Low Priority,Maintain efficiently
HCP_0841,Ontario,Psychiatry,3.723331603542829,759,315,115,0.365079365079365,0.6349206349206349,0.1061540506558222,0.2361687439084558,31,30,Low,Low,Core / Maintenance,0,-0.02406596868843015,Low Priority,Maintain efficiently
HCP_0842,Ontario,Psychiatry,3.723331603542829,977,651,342,0.5253456221198156,0.4746543778801844,-0.0904336847676129,0.0821476180302203,98,64,High,Medium,Core / Maintenance,2,-0.4213877646150578,Low Priority,Maintain efficiently
HCP_0843,Ontario,Psychiatry,3.723331603542829,521,276,35,0.1268115942028985,0.8731884057971014,-0.0836897629879705,0.2057565393038743,85,83,High,High,Core / Maintenance,2,0.0739104963259763,Medium Priority,Maintain efficiently
HCP_0844,Ontario,Psychiatry,3.723331603542829,882,670,243,0.3626865671641791,0.6373134328358209,-0.0257117000485347,0.3998268163979808,87,75,High,High,Core / Maintenance,4,0.2694873292418439,Medium Priority,Maintain efficiently
HCP_0845,Ontario,Psychiatry,3.723331603542829,818,618,326,0.5275080906148867,0.4724919093851133,-0.0630472220289093,0.3423302517961052,38,16,Medium,Low,Core / Maintenance,4,-0.1878362424329952,Low Priority,Maintain efficiently
HCP_0846,Ontario,Psychiatry,3.723331603542829,917,486,180,0.3703703703703703,0.6296296296296297,-0.0157594982489365,0.3627106689584906,63,14,Medium,Low,Core / Maintenance,4,0.23300981138837568,Medium Priority,Maintain efficiently
HCP_0847,Ontario,Psychiatry,3.723331603542829,854,649,289,0.4453004622496148,0.5546995377503852,0.0243019627146573,0.3381292257362748,29,33,Low,Medium,Core / Maintenance,4,-0.005164469389200732,Low Priority,Maintain efficiently
HCP_0848,Ontario,Psychiatry,3.723331603542829,1823,1456,371,0.2548076923076923,0.7451923076923077,0.1504585383597661,0.0860645927008439,62,79,Medium,High,Core / Maintenance,1,1.0350145943718658,High Priority,Digital-led opportunity development
HCP_0849,Ontario,Psychiatry,3.723331603542829,617,451,45,0.0997782705099778,0.9002217294900222,0.0114609153553157,0.1296068889226798,95,3,High,Low,Core / Maintenance,2,0.10269537498269976,Medium Priority,Maintain efficiently
HCP_0850,Ontario,Psychiatry,3.723331603542829,641,473,143,0.3023255813953488,0.6976744186046512,-0.1402750848123511,0.0510925779747433,30,71,Low,High,Core / Maintenance,2,-0.3723805757936837,Low Priority,Maintain efficiently
HCP_0851,Ontario,Psychiatry,3.723331603542829,621,310,83,0.267741935483871,0.732258064516129,0.1868081415794192,0.156228543707339,86,97,High,High,Core / Maintenance,0,0.004448080113222064,Low Priority,Maintain efficiently
HCP_0852,Ontario,Psychiatry,3.723331603542829,635,400,211,0.5275,0.4725,-0.0504508160338047,0.0880125908212724,39,88,Medium,High,Core / Maintenance,2,-0.7455314033983973,Low Priority,Maintain efficiently
HCP_0853,Ontario,Psychiatry,3.723331603542829,618,264,49,0.1856060606060606,0.8143939393939394,0.0429535487474445,0.215477670855554,32,78,Low,High,Core / Maintenance,3,0.07139173388307408,Medium Priority,Maintain efficiently
HCP_0854,Ontario,Psychiatry,3.723331603542829,1170,512,298,0.58203125,0.41796875,0.1035843808328853,0.2869946210008657,62,27,Medium,Low,High-Value Established,4,0.03698660999636749,Medium Priority,Retain and deepen
HCP_0855,Ontario,Psychiatry,3.723331603542829,1269,1015,586,0.5773399014778325,0.4226600985221674,0.0739532502083339,0.356076853263327,24,72,Low,High,High-Value Established,4,0.2085234532203247,Medium Priority,Retain and deepen
HCP_0856,Ontario,Psychiatry,3.723331603542829,632,335,62,0.1850746268656716,0.8149253731343283,0.181301545702577,0.3122260077818143,35,1,Medium,Low,Emerging Opportunity,3,0.3976693964379859,Medium Priority,Develop engagement
HCP_0857,Ontario,Psychiatry,3.723331603542829,577,403,97,0.2406947890818858,0.7593052109181142,0.107480377207131,0.3785049585224768,23,16,Low,Low,Core / Maintenance,3,0.24971279381703312,Medium Priority,Maintain efficiently
HCP_0858,Ontario,Psychiatry,3.723331603542829,910,658,357,0.5425531914893617,0.4574468085106383,-0.0533571495636529,0.068864401637826,94,57,High,Medium,Core / Maintenance,2,-0.53806876782302,Low Priority,Maintain efficiently
HCP_0859,Ontario,Psychiatry,3.723331603542829,636,473,275,0.5813953488372093,0.4186046511627906,0.3114274608789994,0.0542629423957895,57,73,Medium,High,Core / Maintenance,0,-0.5709821088332659,Low Priority,Maintain efficiently
HCP_0860,Ontario,Psychiatry,3.723331603542829,963,769,226,0.293888166449935,0.706111833550065,0.0733200156005879,0.2814683398426744,38,8,Medium,Low,Core / Maintenance,3,0.3337057235536108,Medium Priority,Maintain efficiently
HCP_0861,Ontario,Psychiatry,3.723331603542829,829,412,93,0.2257281553398058,0.7742718446601942,0.0323191728054192,0.1512733435777861,45,30,Medium,Low,Core / Maintenance,2,0.10260803304268824,Medium Priority,Maintain efficiently
HCP_0862,Ontario,Psychiatry,3.723331603542829,454,189,64,0.3386243386243386,0.6613756613756614,0.1656710507666685,0.1387253556370206,76,65,High,Medium,Core / Maintenance,0,-0.34131993880478967,Low Priority,Maintain efficiently
HCP_0863,Ontario,Psychiatry,3.723331603542829,1327,749,321,0.4285714285714285,0.5714285714285714,0.0799341135116086,0.165810480692828,9,87,Low,High,Core / Maintenance,1,0.2653547648789732,Medium Priority,Maintain efficiently
HCP_0864,Ontario,Psychiatry,3.723331603542829,1447,654,131,0.2003058103975535,0.7996941896024465,0.0979073831527192,0.1444286202623274,86,61,High,Medium,Core / Maintenance,1,0.7992048326662571,High Priority,Field-led opportunity development
HCP_0865,Ontario,Psychiatry,3.723331603542829,623,255,116,0.4549019607843137,0.5450980392156863,0.3490620798320824,0.2290027422055555,81,18,High,Low,Core / Maintenance,0,-0.03776014817209473,Low Priority,Maintain efficiently
HCP_0866,Ontario,Psychiatry,3.723331603542829,674,367,29,0.0790190735694822,0.9209809264305178,0.0169854286093944,0.2040519565284463,31,80,Low,High,Core / Maintenance,3,0.3082291813126382,Medium Priority,Maintain efficiently
HCP_0867,Ontario,Psychiatry,3.723331603542829,853,609,47,0.077175697865353,0.922824302134647,0.0118686927179125,0.2293499929818297,96,73,High,High,Core / Maintenance,3,0.5218059478698023,High Priority,Field-led opportunity development
HCP_0868,Ontario,Psychiatry,3.723331603542829,868,544,143,0.2628676470588235,0.7371323529411764,0.0639894214414956,0.2854497640251527,35,54,Medium,Medium,Core / Maintenance,3,0.2951759517388852,Medium Priority,Maintain efficiently
HCP_0869,Ontario,Psychiatry,3.723331603542829,972,510,125,0.2450980392156862,0.7549019607843137,0.1785819122697246,0.1854956781399019,27,27,Low,Low,Core / Maintenance,0,0.4184091936093687,Medium Priority,Maintain efficiently
HCP_0870,Ontario,Psychiatry,3.723331603542829,1560,1032,231,0.2238372093023256,0.7761627906976745,-0.1307840836228478,0.1379576904997548,15,91,Low,High,Core / Maintenance,1,0.7891753878662355,High Priority,Digital-led opportunity development
HCP_0871,Ontario,Psychiatry,3.723331603542829,725,357,114,0.3193277310924369,0.680672268907563,-0.1858667069771806,0.1081701878830609,15,49,Low,Medium,Core / Maintenance,2,-0.23785072718718572,Low Priority,Maintain efficiently
HCP_0872,Ontario,Psychiatry,3.723331603542829,584,237,54,0.2278481012658227,0.7721518987341772,-0.0204538324744177,0.1723159418364189,17,64,Low,Medium,Core / Maintenance,2,-0.10540509005404912,Low Priority,Maintain efficiently
HCP_0873,Ontario,Psychiatry,3.723331603542829,476,336,52,0.1547619047619047,0.8452380952380952,-0.1460707550871144,0.3096322663361602,7,2,Low,Low,Core / Maintenance,3,0.13406614409522266,Medium Priority,Maintain efficiently
HCP_0874,Ontario,Psychiatry,3.723331603542829,598,388,85,0.2190721649484536,0.7809278350515464,-0.0009797617030766,0.3148467185390143,79,78,High,High,Core / Maintenance,3,0.13846891366474087,Medium Priority,Maintain efficiently
HCP_0875,Ontario,Psychiatry,3.723331603542829,763,538,315,0.5855018587360595,0.4144981412639404,0.1102999635355148,0.2834168853394736,74,51,High,Medium,Core / Maintenance,4,-0.3581146182655853,Low Priority,Maintain efficiently
HCP_0876,Ontario,Psychiatry,3.723331603542829,1446,601,166,0.2762063227953411,0.7237936772046589,-0.0568898636262716,0.1319098613574061,69,9,High,Low,Core / Maintenance,1,0.5721338238076916,High Priority,Field-led opportunity development
HCP_0877,Ontario,Psychiatry,3.723331603542829,644,473,139,0.2938689217758985,0.7061310782241015,-0.121219189213761,0.2558301860491442,0,20,Low,Low,Core / Maintenance,2,-0.0463151560302724,Low Priority,Maintain efficiently
HCP_0878,Ontario,Psychiatry,3.723331603542829,835,541,199,0.3678373382624769,0.6321626617375231,0.0583204594058417,0.2497413815518968,61,36,Medium,Medium,Core / Maintenance,4,0.0058283342727426905,Low Priority,Maintain efficiently
HCP_0879,Ontario,Psychiatry,3.723331603542829,767,480,284,0.5916666666666667,0.4083333333333333,0.1535052181538204,0.2194931693384039,75,14,High,Low,Core / Maintenance,4,-0.40905090285991963,Low Priority,Maintain efficiently
HCP_0880,Ontario,Psychiatry,3.723331603542829,1170,760,139,0.1828947368421052,0.8171052631578948,-0.1533968126219935,0.2424926452343525,37,86,Medium,High,Core / Maintenance,2,0.64788950565515,High Priority,Digital-led opportunity development
HCP_0881,Ontario,Psychiatry,3.723331603542829,1869,1394,592,0.4246771879483501,0.5753228120516499,0.1484278877967181,0.2221267214182838,91,77,High,High,Core / Maintenance,1,0.9620438256664834,High Priority,Field-led opportunity development
HCP_0882,Ontario,Psychiatry,3.723331603542829,641,407,181,0.4447174447174447,0.5552825552825553,0.1480767444485991,0.2479097281259378,44,78,Medium,High,Core / Maintenance,4,-0.21828217333406413,Low Priority,Maintain efficiently
HCP_0883,Ontario,Psychiatry,3.723331603542829,650,411,158,0.3844282238442822,0.6155717761557178,0.1644902122587953,0.3004270841173951,57,73,Medium,High,Core / Maintenance,4,0.002435764910249008,Low Priority,Maintain efficiently
HCP_0884,Ontario,Psychiatry,3.723331603542829,1112,885,87,0.0983050847457627,0.9016949152542372,0.1962176257846024,0.0883698680412039,80,8,High,Low,High-Potential Conversion,0,0.7044169210237974,High Priority,Deepen field relationship
HCP_0885,Ontario,Psychiatry,3.723331603542829,980,689,291,0.4223512336719884,0.5776487663280117,0.3142416709591539,0.3123690132521583,0,43,Low,Medium,Core / Maintenance,0,0.44931058249888167,Medium Priority,Maintain efficiently
HCP_0886,Ontario,Psychiatry,3.723331603542829,1473,850,72,0.0847058823529411,0.9152941176470588,0.0072689541657133,0.0975601525446579,31,38,Low,Medium,High-Potential Conversion,1,0.9061107541079287,High Priority,Increase field engagement
HCP_0887,Ontario,Psychiatry,3.723331603542829,947,647,244,0.3771251931993817,0.6228748068006182,0.0631485896093429,0.0733197994436311,7,4,Low,Low,Core / Maintenance,0,-0.16280767114699943,Low Priority,Maintain efficiently
HCP_0888,Ontario,Psychiatry,3.723331603542829,681,378,173,0.4576719576719577,0.5423280423280423,2.738801023693949e-05,0.3916278901775136,39,24,Medium,Low,Core / Maintenance,4,-0.11446878121179865,Low Priority,Maintain efficiently
HCP_0889,Ontario,Psychiatry,3.723331603542829,949,466,77,0.1652360515021459,0.8347639484978541,0.0502372213706973,0.3849471191046545,55,55,Medium,Medium,Emerging Opportunity,3,0.6889446771438719,High Priority,Develop engagement
HCP_0890,Ontario,Psychiatry,3.723331603542829,1138,727,373,0.5130674002751031,0.4869325997248969,0.2339448026763574,0.0711527907291974,62,89,Medium,High,High-Value Established,0,-0.02914217321773102,Low Priority,Retain and deepen
HCP_0891,Ontario,Psychiatry,3.723331603542829,1029,794,53,0.0667506297229219,0.933249370277078,-0.1114017380716802,0.2051387045162367,87,63,High,Medium,Core / Maintenance,2,0.6742996876209819,High Priority,Field-led opportunity development
HCP_0892,Ontario,Psychiatry,3.723331603542829,922,711,366,0.5147679324894515,0.4852320675105485,-0.053325960659869,0.1151857284049211,73,71,High,High,Core / Maintenance,2,-0.4048315338557298,Low Priority,Maintain efficiently
HCP_0893,Ontario,Psychiatry,3.723331603542829,1121,602,183,0.3039867109634551,0.6960132890365449,0.2152617123805473,0.2198707139970463,73,85,High,High,Core / Maintenance,0,0.5474997758222431,High Priority,Field-led opportunity development
HCP_0894,Ontario,Psychiatry,3.723331603542829,1162,710,120,0.1690140845070422,0.8309859154929577,0.1724043808282507,0.3405620350498556,35,51,Medium,Medium,High-Potential Conversion,3,0.9691972094058862,High Priority,Build field relationship
HCP_0895,Ontario,Psychiatry,3.723331603542829,1252,607,75,0.1235584843492586,0.8764415156507414,0.0064242023819506,0.3827141211600116,88,88,High,High,High-Potential Conversion,3,1.0486269179384395,High Priority,Deepen field relationship
HCP_0896,Ontario,Psychiatry,3.723331603542829,969,774,445,0.5749354005167958,0.4250645994832042,0.1525282401344863,0.2719884287080381,56,75,Medium,High,Core / Maintenance,4,-0.10577173571535359,Low Priority,Maintain efficiently
HCP_0897,Ontario,Psychiatry,3.723331603542829,728,577,52,0.0901213171577123,0.9098786828422876,0.0909459010990439,0.173866983524136,73,8,High,Low,Core / Maintenance,3,0.35031677640487013,Medium Priority,Maintain efficiently
HCP_0898,Ontario,Psychiatry,3.723331603542829,813,536,85,0.1585820895522388,0.8414179104477612,0.2300329530801185,0.2611639479756094,82,9,High,Low,Core / Maintenance,3,0.6043230289204373,High Priority,Field-led opportunity development
HCP_0899,Ontario,Psychiatry,3.723331603542829,1177,850,205,0.2411764705882353,0.7588235294117647,0.0589411512592127,0.1592004571379576,44,9,Medium,Low,Core / Maintenance,1,0.4374129185752947,Medium Priority,Maintain efficiently
HCP_0900,Ontario,Psychiatry,3.723331603542829,580,398,156,0.3919597989949748,0.6080402010050252,0.1730758536647099,0.3684382742912211,78,72,High,High,Core / Maintenance,4,0.03353696681526788,Medium Priority,Maintain efficiently
HCP_0901,Ontario,Psychiatry,3.723331603542829,878,560,196,0.35,0.65,0.3670414292591143,0.3546401620870429,79,61,High,Medium,Core / Maintenance,0,0.614963915412452,High Priority,Field-led opportunity development
HCP_0902,Ontario,Psychiatry,3.723331603542829,673,284,34,0.1197183098591549,0.8802816901408451,0.1217718986056959,0.2453811125978813,1,89,Low,High,Core / Maintenance,3,0.3868182131594075,Medium Priority,Maintain efficiently
HCP_0903,Ontario,Psychiatry,3.723331603542829,780,454,95,0.2092511013215859,0.7907488986784141,0.0559193798953812,0.1636796203831262,92,98,High,High,Core / Maintenance,2,0.11859657700051186,Medium Priority,Maintain efficiently
HCP_0904,Ontario,Psychiatry,3.723331603542829,1207,809,147,0.1817058096415327,0.8182941903584673,0.1366936382265175,0.1526863864540424,67,90,High,High,High-Potential Conversion,0,0.6630599873657267,High Priority,Deepen field relationship
HCP_0905,Ontario,Psychiatry,3.723331603542829,825,554,93,0.167870036101083,0.832129963898917,0.0061662970155338,0.0616962981467708,49,59,Medium,Medium,Core / Maintenance,2,0.07294674524137332,Medium Priority,Maintain efficiently
HCP_0906,Ontario,Psychiatry,3.723331603542829,784,431,119,0.2761020881670533,0.7238979118329467,0.3365561246629678,0.3355372978588533,28,94,Low,High,Core / Maintenance,3,0.59743294572117,High Priority,Digital-led opportunity development
HCP_0907,Ontario,Psychiatry,3.723331603542829,480,373,163,0.4369973190348525,0.5630026809651474,0.0716085245235177,0.2076341245636528,94,18,High,Low,Core / Maintenance,4,-0.5124135890862754,Low Priority,Maintain efficiently
HCP_0908,Ontario,Psychiatry,3.723331603542829,1002,468,79,0.1688034188034188,0.8311965811965811,0.0172480015729384,0.1637965249400925,80,37,High,Medium,High-Potential Conversion,2,0.39466293854272244,Medium Priority,Deepen field relationship
HCP_0909,Ontario,Psychiatry,3.723331603542829,967,580,146,0.2517241379310345,0.7482758620689656,-0.0502826806024043,0.2148886242492139,9,5,Low,Low,Core / Maintenance,2,0.28199529503056875,Medium Priority,Maintain efficiently
HCP_0910,Ontario,Psychiatry,3.723331603542829,1646,1113,295,0.2650494159928122,0.7349505840071877,0.1816664229927725,0.3365582966591282,26,14,Low,Low,Core / Maintenance,1,1.259637053287948,High Priority,Maintain efficiently
HCP_0911,Ontario,Psychiatry,3.723331603542829,693,470,276,0.5872340425531914,0.4127659574468085,0.1540624895393286,0.0936149726976324,14,92,Low,High,Core / Maintenance,0,-0.6601510514239537,Low Priority,Maintain efficiently
HCP_0912,Ontario,Psychiatry,3.723331603542829,833,549,316,0.575591985428051,0.424408014571949,-0.0096825245696911,0.3501795958846396,59,46,Medium,Medium,Core / Maintenance,4,-0.25191334109835484,Low Priority,Maintain efficiently
HCP_0913,Ontario,Psychiatry,3.723331603542829,842,430,211,0.4906976744186046,0.5093023255813953,0.1191741614146907,0.3641280922879239,30,44,Low,Medium,Core / Maintenance,4,0.027843756270947817,Medium Priority,Maintain efficiently
HCP_0914,Ontario,Psychiatry,3.723331603542829,1341,620,113,0.182258064516129,0.817741935483871,-0.1310267161855427,0.3813477702618609,20,4,Low,Low,Core / Maintenance,3,1.0219509101063318,High Priority,Maintain efficiently
HCP_0915,Ontario,Psychiatry,3.723331603542829,747,489,43,0.0879345603271983,0.9120654396728016,0.0721964690087787,0.1891207973479197,59,77,Medium,High,Core / Maintenance,3,0.3727036883605207,Medium Priority,Maintain efficiently
HCP_0916,Ontario,Psychiatry,3.723331603542829,851,544,122,0.2242647058823529,0.7757352941176471,0.1043307622492033,0.1259991414131851,57,52,Medium,Medium,Core / Maintenance,0,0.1612241819403703,Medium Priority,Maintain efficiently
HCP_0917,Ontario,Psychiatry,3.723331603542829,955,451,89,0.1973392461197339,0.8026607538802661,0.2548795771471067,0.1807742864633444,40,65,Medium,Medium,Core / Maintenance,0,0.5777805935782718,High Priority,Maintain efficiently
HCP_0918,Ontario,Psychiatry,3.723331603542829,824,562,184,0.3274021352313167,0.6725978647686832,-0.0424982563274427,0.1665192336809911,45,61,Medium,Medium,Core / Maintenance,2,-0.07022393717829703,Low Priority,Maintain efficiently
HCP_0919,Ontario,Psychiatry,3.723331603542829,660,384,183,0.4765625,0.5234375,-0.1034023154562789,0.111653869376001,44,22,Medium,Low,Core / Maintenance,2,-0.5903622679675544,Low Priority,Maintain efficiently
HCP_0920,Ontario,Psychiatry,3.723331603542829,826,551,288,0.5226860254083484,0.4773139745916516,-0.0574513553110049,0.2625433345355208,25,43,Low,Medium,Core / Maintenance,4,-0.29084506075259475,Low Priority,Maintain efficiently
HCP_0921,Ontario,Psychiatry,3.723331603542829,1124,826,425,0.5145278450363197,0.4854721549636803,-0.1103882200377903,0.2168184561780201,50,51,Medium,Medium,High-Value Established,4,-0.05757117263582528,Low Priority,Retain and deepen
HCP_0922,Ontario,Psychiatry,3.723331603542829,539,252,62,0.246031746031746,0.753968253968254,0.2103988829310779,0.3529953473134013,35,45,Medium,Medium,Core / Maintenance,3,0.29048665291841647,Medium Priority,Maintain efficiently
HCP_0923,Ontario,Psychiatry,3.723331603542829,809,330,141,0.4272727272727272,0.5727272727272728,0.2358367154028843,0.0612383531687203,51,18,Medium,Low,Core / Maintenance,0,-0.19702209064612955,Low Priority,Maintain efficiently
HCP_0924,Ontario,Psychiatry,3.723331603542829,604,430,95,0.2209302325581395,0.7790697674418605,0.0884259893538594,0.2753537746442942,80,87,High,High,Core / Maintenance,3,0.13470531217770804,Medium Priority,Maintain efficiently
HCP_0925,Ontario,Psychiatry,3.723331603542829,1173,755,63,0.0834437086092715,0.9165562913907284,0.1965553934822178,0.3170321074790464,50,83,Medium,High,High-Potential Conversion,3,1.134608776138866,High Priority,Build field relationship
HCP_0926,Ontario,Psychiatry,3.723331603542829,453,308,134,0.435064935064935,0.564935064935065,0.0660750056696282,0.3158202992159075,2,46,Low,Medium,Core / Maintenance,4,-0.37912321211574274,Low Priority,Maintain efficiently
HCP_0927,Ontario,Psychiatry,3.723331603542829,635,467,26,0.0556745182012847,0.9443254817987152,0.038586602275908,0.3601258884834338,13,90,Low,High,Emerging Opportunity,3,0.5488152990054039,High Priority,Digital-first nurture
HCP_0928,Ontario,Psychiatry,3.723331603542829,881,635,175,0.2755905511811024,0.7244094488188977,0.0100354857135486,0.3051618099903229,48,51,Medium,Medium,Core / Maintenance,3,0.2899725100531698,Medium Priority,Maintain efficiently
HCP_0929,Ontario,Psychiatry,3.723331603542829,1335,1047,242,0.2311365807067812,0.7688634192932187,0.0127530810346921,0.3747335215766937,76,23,High,Low,Core / Maintenance,3,0.914476900481097,High Priority,Field-led opportunity development
HCP_0930,Ontario,Psychiatry,3.723331603542829,754,463,200,0.4319654427645788,0.5680345572354212,-0.1357361867570837,0.166429809937312,90,16,High,Low,Core / Maintenance,2,-0.33400915014834787,Low Priority,Maintain efficiently
HCP_0931,Ontario,Psychiatry,3.723331603542829,636,379,179,0.4722955145118733,0.5277044854881267,0.0817105716328806,0.22612329586304,0,88,Low,High,Core / Maintenance,4,-0.3885829995071972,Low Priority,Maintain efficiently
HCP_0932,Ontario,Psychiatry,3.723331603542829,1491,836,182,0.2177033492822966,0.7822966507177034,0.0451599307743147,0.0549278821490117,56,45,Medium,Medium,Core / Maintenance,1,0.6101303731431964,High Priority,Maintain efficiently
HCP_0933,Ontario,Psychiatry,3.723331603542829,465,215,107,0.4976744186046511,0.5023255813953489,0.1394432868893451,0.0524351555561519,16,63,Low,Medium,Core / Maintenance,0,-0.7909123090575673,Low Priority,Maintain efficiently
HCP_0934,Ontario,Psychiatry,3.723331603542829,358,225,48,0.2133333333333333,0.7866666666666666,0.0612228195726331,0.1340443171580319,49,94,Medium,High,Core / Maintenance,2,-0.3329135220245741,Low Priority,Maintain efficiently
HCP_0935,Ontario,Psychiatry,3.723331603542829,900,460,136,0.2956521739130435,0.7043478260869565,0.0304755558117089,0.0852825189986798,97,27,High,Low,Core / Maintenance,2,-0.05945238377743697,Low Priority,Maintain efficiently
HCP_0936,Ontario,Psychiatry,3.723331603542829,647,497,224,0.4507042253521127,0.5492957746478873,-0.0545431636009156,0.1410739787775137,13,49,Low,Medium,Core / Maintenance,2,-0.5101536766067977,Low Priority,Maintain efficiently
HCP_0937,Ontario,Psychiatry,3.723331603542829,540,342,147,0.4298245614035088,0.5701754385964912,0.0586583884186113,0.1119651530849391,58,63,Medium,Medium,Core / Maintenance,0,-0.6006461357326436,Low Priority,Maintain efficiently
HCP_0938,Ontario,Psychiatry,3.723331603542829,989,630,374,0.5936507936507937,0.4063492063492063,0.1385884676979394,0.0599820086935268,80,27,High,Low,Core / Maintenance,0,-0.45690604784379263,Low Priority,Maintain efficiently
HCP_0939,Ontario,Psychiatry,3.723331603542829,841,456,79,0.1732456140350877,0.8267543859649122,-0.0872006789300632,0.3682564512421173,2,85,Low,High,Core / Maintenance,3,0.5383733263927334,High Priority,Digital-led opportunity development
HCP_0940,Ontario,Psychiatry,3.723331603542829,634,267,111,0.4157303370786517,0.5842696629213483,0.0604968504416887,0.052878095986112,97,55,High,Medium,Core / Maintenance,0,-0.5702252913075319,Low Priority,Maintain efficiently
HCP_0941,Ontario,Psychiatry,3.723331603542829,493,203,78,0.3842364532019704,0.6157635467980296,0.077965154183538,0.3076287505179799,39,58,Medium,Medium,Core / Maintenance,4,-0.24299910062090946,Low Priority,Maintain efficiently
HCP_0942,Ontario,Psychiatry,3.723331603542829,1047,596,330,0.5536912751677853,0.4463087248322147,-0.0361677740341917,0.1032517604218307,88,4,High,Low,High-Value Established,2,-0.3756152350018288,Low Priority,Retain and deepen
HCP_0943,Ontario,Psychiatry,3.723331603542829,969,420,57,0.1357142857142857,0.8642857142857143,-0.02054275658896,0.36928036769986,65,53,Medium,Medium,Core / Maintenance,3,0.7334780557277978,High Priority,Maintain efficiently
HCP_0944,Ontario,Psychiatry,3.723331603542829,746,479,222,0.4634655532359081,0.5365344467640918,0.0776733018519457,0.36247857885646,33,43,Medium,Medium,Core / Maintenance,4,-0.06648156468332603,Low Priority,Maintain efficiently
HCP_0945,Ontario,Psychiatry,3.723331603542829,1473,1108,402,0.3628158844765343,0.6371841155234657,-0.0860105221951147,0.2788654012292401,89,41,High,Medium,Core / Maintenance,1,0.6560519369613016,High Priority,Field-led opportunity development
HCP_0946,Ontario,Psychiatry,3.723331603542829,531,400,80,0.2,0.8,0.0919908458299271,0.2852819524302118,94,71,High,High,Core / Maintenance,3,0.12305376772872556,Medium Priority,Maintain efficiently
HCP_0947,Ontario,Psychiatry,3.723331603542829,453,301,94,0.3122923588039867,0.6877076411960132,-0.0574425248391039,0.0518686996893909,8,91,Low,High,Core / Maintenance,2,-0.5707293299324798,Low Priority,Maintain efficiently
HCP_0948,Ontario,Psychiatry,3.723331603542829,606,294,69,0.2346938775510204,0.7653061224489796,0.1775424431639859,0.3947050481397607,93,56,High,Medium,Core / Maintenance,3,0.39870692483930315,Medium Priority,Maintain efficiently
HCP_0949,Ontario,Psychiatry,3.723331603542829,760,566,209,0.3692579505300353,0.6307420494699647,0.330539329446596,0.3572414112515351,83,46,High,Medium,Core / Maintenance,0,0.42467166128313205,Medium Priority,Maintain efficiently
HCP_0950,Ontario,Psychiatry,3.723331603542829,840,634,342,0.5394321766561514,0.4605678233438486,-0.0532908162042183,0.3632871790055322,20,75,Low,High,Core / Maintenance,4,-0.15761255194464288,Low Priority,Maintain efficiently
HCP_0951,Ontario,Psychiatry,3.723331603542829,709,339,123,0.3628318584070796,0.6371681415929203,0.1141049434849609,0.2807355879678052,92,24,High,Low,Core / Maintenance,4,0.008667110210193285,Low Priority,Maintain efficiently
HCP_0952,Ontario,Psychiatry,3.723331603542829,873,607,241,0.3970345963756178,0.6029654036243822,-0.0372090285858423,0.1706754250290877,24,43,Low,Medium,Core / Maintenance,2,-0.1476068643994075,Low Priority,Maintain efficiently
HCP_0953,Ontario,Psychiatry,3.723331603542829,498,256,86,0.3359375,0.6640625,0.1749145008557347,0.3627770271816683,43,14,Medium,Low,Core / Maintenance,3,0.0536141679508767,Medium Priority,Maintain efficiently
HCP_0954,Ontario,Psychiatry,3.723331603542829,1279,922,72,0.0780911062906724,0.9219088937093276,-0.1018310090902257,0.1520309248529173,24,50,Low,Medium,Core / Maintenance,2,0.8137191526597705,High Priority,Maintain efficiently
HCP_0955,Ontario,Psychiatry,3.723331603542829,750,599,107,0.1786310517529215,0.8213689482470785,0.1076704110113255,0.246949040169771,8,52,Low,Medium,Core / Maintenance,3,0.33539271001111687,Medium Priority,Maintain efficiently
HCP_0956,Ontario,Psychiatry,3.723331603542829,1141,470,151,0.3212765957446808,0.6787234042553192,-0.0547586760267223,0.0849058403203588,61,33,Medium,Medium,Core / Maintenance,2,0.12363867880103818,Medium Priority,Maintain efficiently
HCP_0957,Ontario,Psychiatry,3.723331603542829,870,660,146,0.2212121212121212,0.7787878787878788,0.0251618493081957,0.3726844705464626,25,76,Low,High,Core / Maintenance,3,0.48284519352913324,Medium Priority,Maintain efficiently
HCP_0958,Ontario,Psychiatry,3.723331603542829,906,588,88,0.1496598639455782,0.8503401360544218,-0.0737230330176768,0.0992696602199246,56,7,Medium,Low,Core / Maintenance,2,0.24143247606305485,Medium Priority,Maintain efficiently
HCP_0959,Ontario,Psychiatry,3.723331603542829,942,744,243,0.3266129032258064,0.6733870967741935,0.1486820565074904,0.1287138820056425,36,76,Medium,High,Core / Maintenance,0,0.11477851630882394,Medium Priority,Maintain efficiently
HCP_0960,Ontario,Psychiatry,3.723331603542829,903,529,120,0.2268431001890359,0.7731568998109641,-0.0504376425327504,0.2453469553448752,15,99,Low,High,Core / Maintenance,3,0.31288059020726544,Medium Priority,Maintain efficiently
HCP_0961,Ontario,Psychiatry,3.723331603542829,967,715,137,0.1916083916083916,0.8083916083916084,0.1162357111198193,0.3174325500745436,36,69,Medium,High,Core / Maintenance,3,0.6359627798750975,High Priority,Digital-led opportunity development
HCP_0962,Ontario,Psychiatry,3.723331603542829,1229,522,159,0.3045977011494253,0.6954022988505747,0.00870823660852,0.2667729570777046,75,95,High,High,Core / Maintenance,1,0.5125594508014942,High Priority,Field-led opportunity development
HCP_0963,Ontario,Psychiatry,3.723331603542829,827,442,55,0.1244343891402715,0.8755656108597285,0.0362633153841364,0.1312468694800546,23,20,Low,Low,Core / Maintenance,2,0.26081875893610296,Medium Priority,Maintain efficiently
HCP_0964,Ontario,Psychiatry,3.723331603542829,989,422,236,0.5592417061611374,0.4407582938388625,0.0677307088880154,0.0503300648846216,25,6,Low,Low,Core / Maintenance,0,-0.49327834683323896,Low Priority,Maintain efficiently
HCP_0965,Ontario,Psychiatry,3.723331603542829,748,591,312,0.5279187817258884,0.4720812182741116,-0.0414189605990618,0.3150027031076037,19,89,Low,High,Core / Maintenance,4,-0.29694380281902377,Low Priority,Maintain efficiently
HCP_0966,Ontario,Psychiatry,3.723331603542829,1278,929,408,0.4391819160387513,0.5608180839612487,0.0752440536249064,0.3948225640688828,8,78,Low,High,Core / Maintenance,4,0.5363205018103641,High Priority,Digital-led opportunity development
HCP_0967,Ontario,Psychiatry,3.723331603542829,609,451,49,0.1086474501108647,0.8913525498891353,0.2336401477225293,0.3334695921071317,86,55,High,Medium,Emerging Opportunity,3,0.6148258823578648,High Priority,Develop engagement
HCP_0968,Ontario,Psychiatry,3.723331603542829,1450,1124,536,0.4768683274021352,0.5231316725978647,-0.0433713742999257,0.2110723163548153,28,48,Low,Medium,High-Value Established,1,0.31802939447464296,Medium Priority,Retain and deepen
HCP_0969,Ontario,Psychiatry,3.723331603542829,761,330,163,0.4939393939393939,0.5060606060606061,0.1906172171928614,0.3663185414896873,30,41,Low,Medium,Core / Maintenance,4,0.034354413966439484,Medium Priority,Maintain efficiently
HCP_0970,Ontario,Psychiatry,3.723331603542829,468,259,122,0.471042471042471,0.528957528957529,0.229771716018534,0.1934466855914225,18,22,Low,Low,Core / Maintenance,0,-0.41611026810653534,Low Priority,Maintain efficiently
HCP_0971,Ontario,Psychiatry,3.723331603542829,807,346,39,0.1127167630057803,0.8872832369942196,-0.0479385986833652,0.2337269294852136,19,51,Low,Medium,Core / Maintenance,3,0.4174040809286808,Medium Priority,Maintain efficiently
HCP_0972,Ontario,Psychiatry,3.723331603542829,608,294,119,0.4047619047619047,0.5952380952380952,-0.1246065526108662,0.2169954185884891,86,78,High,High,Core / Maintenance,2,-0.3474423756521851,Low Priority,Maintain efficiently
HCP_0973,Ontario,Psychiatry,3.723331603542829,1036,509,259,0.5088408644400786,0.4911591355599214,0.0862353080206117,0.2066683554329337,26,52,Low,Medium,High-Value Established,4,-0.09619955701588162,Low Priority,Retain and deepen
HCP_0974,Ontario,Psychiatry,3.723331603542829,614,361,133,0.3684210526315789,0.631578947368421,-0.0156889027320247,0.321316769252867,93,15,High,Low,Core / Maintenance,4,-0.11685566275462972,Low Priority,Maintain efficiently
HCP_0975,Ontario,Psychiatry,3.723331603542829,660,335,136,0.4059701492537313,0.5940298507462687,0.2742323862995602,0.2343691175443222,84,95,High,High,Core / Maintenance,0,0.006412320305809641,Low Priority,Maintain efficiently
HCP_0976,Ontario,Psychiatry,3.723331603542829,398,175,53,0.3028571428571429,0.6971428571428571,0.0541769048599798,0.1608509927088256,43,36,Medium,Medium,Core / Maintenance,0,-0.430903788644698,Low Priority,Maintain efficiently
HCP_0977,Ontario,Psychiatry,3.723331603542829,659,308,105,0.3409090909090909,0.6590909090909092,-0.0462639289642215,0.1403553586804674,34,17,Medium,Low,Core / Maintenance,2,-0.29353645358762903,Low Priority,Maintain efficiently
HCP_0978,Ontario,Psychiatry,3.723331603542829,330,151,10,0.0662251655629139,0.933774834437086,-0.0876591413214053,0.0632115609386017,70,19,High,Low,Core / Maintenance,2,-0.20996844366024445,Low Priority,Maintain efficiently
HCP_0979,Ontario,Psychiatry,3.723331603542829,443,350,141,0.4028571428571428,0.5971428571428572,0.1807885950908996,0.2541183066590661,21,45,Low,Medium,Core / Maintenance,0,-0.28085168790909393,Low Priority,Maintain efficiently
HCP_0980,Ontario,Psychiatry,3.723331603542829,1007,709,67,0.0944992947813822,0.9055007052186178,-0.0185420768901023,0.130486495390362,73,1,High,Low,Core / Maintenance,2,0.48899080150453267,High Priority,Field-led opportunity development
HCP_0981,Ontario,Psychiatry,3.723331603542829,1016,800,231,0.28875,0.7112499999999999,0.0552594559352513,0.101846872705734,86,86,High,High,Core / Maintenance,0,0.10267412608171747,Medium Priority,Maintain efficiently
HCP_0982,Ontario,Psychiatry,3.723331603542829,896,516,109,0.2112403100775193,0.7887596899224807,0.1646963294134977,0.2788404873396872,14,93,Low,High,Core / Maintenance,3,0.5320492571673907,High Priority,Digital-led opportunity development
HCP_0983,Ontario,Psychiatry,3.723331603542829,550,281,98,0.3487544483985765,0.6512455516014235,-0.0081110022316996,0.2884232402375421,93,62,High,Medium,Core / Maintenance,4,-0.1908494246939102,Low Priority,Maintain efficiently
HCP_0984,Ontario,Psychiatry,3.723331603542829,759,546,67,0.1227106227106227,0.8772893772893773,0.0444885405511807,0.3132542122901831,97,2,High,Low,Emerging Opportunity,3,0.47184442779705993,Medium Priority,Develop engagement
HCP_0985,Ontario,Psychiatry,3.723331603542829,771,409,176,0.4303178484107579,0.5696821515892421,0.0480117908212975,0.226251913718507,12,45,Low,Medium,Core / Maintenance,4,-0.2208761830017845,Low Priority,Maintain efficiently
HCP_0986,Ontario,Psychiatry,3.723331603542829,515,268,131,0.4888059701492537,0.5111940298507462,0.131998941381931,0.3629191118213603,3,48,Low,Medium,Core / Maintenance,4,-0.269240335085551,Low Priority,Maintain efficiently
HCP_0987,Ontario,Psychiatry,3.723331603542829,1306,644,90,0.139751552795031,0.860248447204969,0.1208893202612391,0.3777199636893797,81,0,High,Low,High-Potential Conversion,3,1.155516669851285,High Priority,Deepen field relationship
HCP_0988,Ontario,Psychiatry,3.723331603542829,1049,474,51,0.1075949367088607,0.8924050632911392,0.0235863522494205,0.3325798289273713,55,21,Medium,Low,High-Potential Conversion,3,0.8081261997669296,High Priority,Build field relationship
HCP_0989,Ontario,Psychiatry,3.723331603542829,714,359,47,0.1309192200557103,0.8690807799442897,0.0576378873795821,0.2724577187028655,22,92,Low,High,Core / Maintenance,3,0.3675718584959294,Medium Priority,Maintain efficiently
HCP_0990,Ontario,Psychiatry,3.723331603542829,779,422,225,0.533175355450237,0.466824644549763,0.0053865186171813,0.156302333756916,96,13,High,Low,Core / Maintenance,4,-0.5152030184713013,Low Priority,Maintain efficiently
HCP_0991,Ontario,Psychiatry,3.723331603542829,830,556,189,0.3399280575539568,0.6600719424460432,-0.1273134888303333,0.3940307225670774,97,91,High,High,Core / Maintenance,4,0.2535114594317235,Medium Priority,Maintain efficiently
HCP_0992,Ontario,Psychiatry,3.723331603542829,378,161,49,0.3043478260869565,0.6956521739130435,0.0809121028877755,0.1459476585171784,33,84,Medium,High,Core / Maintenance,0,-0.4426714993510663,Low Priority,Maintain efficiently
HCP_0993,Ontario,Psychiatry,3.723331603542829,708,343,37,0.107871720116618,0.892128279883382,0.2770630112999681,0.1209299226966508,99,44,High,Medium,Core / Maintenance,0,0.4454828345803002,Medium Priority,Maintain efficiently
HCP_0994,Ontario,Psychiatry,3.723331603542829,608,440,179,0.4068181818181818,0.5931818181818183,-0.0560462968829275,0.204753939825304,98,95,High,High,Core / Maintenance,2,-0.3696772173938269,Low Priority,Maintain efficiently
HCP_0995,Ontario,Psychiatry,3.723331603542829,544,250,132,0.528,0.472,-0.0427635651523243,0.0698941997493359,16,5,Low,Low,Core / Maintenance,2,-0.8611798388586692,Low Priority,Maintain efficiently
HCP_0996,Ontario,Psychiatry,3.723331603542829,700,376,190,0.5053191489361702,0.4946808510638297,-0.0544873325972489,0.3924730626351268,27,64,Low,Medium,Core / Maintenance,4,-0.18439204827768724,Low Priority,Maintain efficiently
HCP_0997,Ontario,Psychiatry,3.723331603542829,1448,1080,426,0.3944444444444444,0.6055555555555556,0.1369510134467746,0.2559517447457487,13,20,Low,Low,Core / Maintenance,1,0.6506945557412174,High Priority,Maintain efficiently
HCP_0998,Ontario,Psychiatry,3.723331603542829,966,446,41,0.0919282511210762,0.9080717488789236,0.1038182545035728,0.2449332320824613,33,3,Medium,Low,Core / Maintenance,3,0.6981886208961746,High Priority,Maintain efficiently
HCP_0999,Ontario,Psychiatry,3.723331603542829,632,274,31,0.1131386861313868,0.8868613138686131,0.0309754769100252,0.279528697964902,74,2,High,Low,Core / Maintenance,3,0.31706064161050473,Medium Priority,Maintain efficiently
HCP_1000,Ontario,Psychiatry,3.723331603542829,943,560,43,0.0767857142857142,0.9232142857142858,-0.0601622873966757,0.2239582767220223,56,29,Medium,Low,Core / Maintenance,3,0.6009985168479555,High Priority,Maintain efficiently
HCP_1001,Ontario,Pediatrics,10.01126749581245,2065,1076,206,0.191449814126394,0.8085501858736059,0.0610852149967909,0.0612222309830895,76,30,High,Low,Core / Maintenance,1,1.2403278728326468,High Priority,Field-led opportunity development
HCP_1002,Ontario,Pediatrics,10.01126749581245,1749,1094,136,0.1243144424131627,0.8756855575868373,-0.1377546552802965,0.2643089510941389,96,33,High,Medium,Core / Maintenance,1,1.3474518861207927,High Priority,Field-led opportunity development
HCP_1003,Ontario,Pediatrics,10.01126749581245,1292,932,180,0.1931330472103004,0.8068669527896996,0.0672111880228991,0.3006608569347507,54,82,Medium,High,Core / Maintenance,1,0.8606370482847212,High Priority,Digital-led opportunity development
HCP_1004,Ontario,Pediatrics,10.01126749581245,1009,459,120,0.261437908496732,0.738562091503268,0.1545829263305521,0.1958621712184186,65,19,Medium,Low,Core / Maintenance,0,0.4095768857126215,Medium Priority,Maintain efficiently
HCP_1005,Ontario,Pediatrics,10.01126749581245,1616,1022,581,0.5684931506849316,0.4315068493150684,-0.1001438963960413,0.3150534502249175,97,86,High,High,High-Value Established,1,0.46170441183585453,Medium Priority,Retain and deepen
HCP_1006,Ontario,Pediatrics,10.01126749581245,1452,874,337,0.3855835240274599,0.6144164759725401,-0.1339021932195596,0.1294504547684472,92,53,High,Medium,Core / Maintenance,1,0.36884186327029156,Medium Priority,Maintain efficiently
HCP_1007,Ontario,Pediatrics,10.01126749581245,1731,792,403,0.5088383838383839,0.4911616161616161,0.2395325470033831,0.1274468068731644,36,24,Medium,Low,High-Value Established,1,0.6404022093355433,High Priority,Retain and deepen
HCP_1008,Ontario,Pediatrics,10.01126749581245,1581,1027,453,0.4410905550146056,0.5589094449853944,-0.0234111567405501,0.1064959456906508,67,14,High,Low,Core / Maintenance,1,0.3542254853437512,Medium Priority,Maintain efficiently
HCP_1009,Ontario,Pediatrics,10.01126749581245,1827,931,104,0.1117078410311493,0.8882921589688507,0.1863137415132586,0.1801981659262067,75,37,High,Medium,High-Potential Conversion,1,1.4926080647833504,High Priority,Deepen field relationship
HCP_1010,Ontario,Pediatrics,10.01126749581245,1049,624,284,0.4551282051282051,0.5448717948717949,0.0315202801762602,0.3464542123861792,25,22,Low,Low,Core / Maintenance,4,0.1764096065388654,Medium Priority,Maintain efficiently
HCP_1011,Ontario,Pediatrics,10.01126749581245,2007,869,175,0.2013808975834292,0.7986191024165707,0.0305654219670407,0.3397692217521725,60,51,Medium,Medium,Core / Maintenance,1,1.5641301688197222,High Priority,Maintain efficiently
HCP_1012,Ontario,Pediatrics,10.01126749581245,1356,792,318,0.4015151515151515,0.5984848484848485,0.1026095239395974,0.1839884727872263,91,65,High,Medium,Core / Maintenance,1,0.3990091641892549,Medium Priority,Maintain efficiently
HCP_1013,Ontario,Pediatrics,10.01126749581245,2617,1368,325,0.2375730994152046,0.7624269005847953,-0.0560798628095728,0.2561915575930828,66,56,Medium,Medium,Core / Maintenance,1,1.9573653693679023,High Priority,Maintain efficiently
HCP_1014,Ontario,Pediatrics,10.01126749581245,994,725,434,0.5986206896551725,0.4013793103448275,0.0658996572194774,0.3022857107662204,83,56,High,Medium,Core / Maintenance,4,-0.18647048194001928,Low Priority,Maintain efficiently
HCP_1015,Ontario,Pediatrics,10.01126749581245,2324,983,192,0.1953204476093591,0.8046795523906409,0.0042212702211088,0.134422371119808,73,78,High,High,Core / Maintenance,1,1.5721523139309244,High Priority,Field-led opportunity development
HCP_1016,Ontario,Pediatrics,10.01126749581245,1356,769,157,0.2041612483745123,0.7958387516254877,-0.1084592132086037,0.1088493800631614,51,51,Medium,Medium,Core / Maintenance,2,0.5862425710575273,High Priority,Maintain efficiently
HCP_1017,Ontario,Pediatrics,10.01126749581245,1008,588,330,0.5612244897959183,0.4387755102040817,0.0904978489671679,0.3902335976243088,17,34,Low,Medium,High-Value Established,4,0.059241508368527124,Medium Priority,Retain and deepen
HCP_1018,Ontario,Pediatrics,10.01126749581245,1068,737,47,0.0637720488466757,0.9362279511533242,0.01840306317465,0.2661450596233665,52,73,Medium,High,High-Potential Conversion,3,0.8089664465064623,High Priority,Build field relationship
HCP_1019,Ontario,Pediatrics,10.01126749581245,1131,712,308,0.4325842696629213,0.5674157303370786,0.031157020586635,0.3934955026417824,62,13,Medium,Low,Core / Maintenance,4,0.36820520007970703,Medium Priority,Maintain efficiently
HCP_1020,Ontario,Pediatrics,10.01126749581245,1468,979,440,0.449438202247191,0.550561797752809,-0.0952193132096989,0.1682145954962802,52,90,Medium,High,Core / Maintenance,1,0.32251634964627846,Medium Priority,Maintain efficiently
HCP_1021,Ontario,Pediatrics,10.01126749581245,1520,1080,551,0.5101851851851852,0.4898148148148148,0.2409680441315365,0.296061094990946,26,13,Low,Low,High-Value Established,1,0.6897891874714186,High Priority,Retain and deepen
HCP_1022,Ontario,Pediatrics,10.01126749581245,1035,771,452,0.5862516212710766,0.4137483787289234,0.1552057023663339,0.1279112727894332,30,98,Low,High,High-Value Established,0,-0.27653221974728603,Low Priority,Retain and deepen
HCP_1023,Ontario,Pediatrics,10.01126749581245,1255,660,387,0.5863636363636363,0.4136363636363637,0.1656987061006374,0.1414200599458695,90,32,High,Low,High-Value Established,0,-0.03208402362684715,Low Priority,Retain and deepen
HCP_1024,Ontario,Pediatrics,10.01126749581245,2679,1648,142,0.0861650485436893,0.9138349514563108,0.0133466357069981,0.2291657424443684,0,51,Low,Medium,High-Potential Conversion,1,2.2607156808587425,High Priority,Increase field engagement
HCP_1025,Ontario,Pediatrics,10.01126749581245,2317,1705,856,0.5020527859237537,0.4979472140762463,-0.1575019467404104,0.1618663439278249,5,0,Low,Low,High-Value Established,1,1.030680496002945,High Priority,Retain and deepen
HCP_1026,Ontario,Pediatrics,10.01126749581245,1474,1173,476,0.4057971014492754,0.5942028985507246,0.2843500858987413,0.1086675473442045,10,33,Low,Medium,Core / Maintenance,0,0.6132393369099135,High Priority,Maintain efficiently
HCP_1027,Ontario,Pediatrics,10.01126749581245,1283,970,394,0.4061855670103093,0.5938144329896907,0.0426682990392958,0.1420082456962641,33,18,Medium,Low,Core / Maintenance,1,0.18647999325117726,Medium Priority,Maintain efficiently
HCP_1028,Ontario,Pediatrics,10.01126749581245,1320,724,87,0.1201657458563535,0.8798342541436464,-0.0398559755224064,0.0625119380630526,83,23,High,Low,Core / Maintenance,2,0.6397840588542694,High Priority,Field-led opportunity development
HCP_1029,Ontario,Pediatrics,10.01126749581245,1569,750,306,0.408,0.5920000000000001,0.1000161889379736,0.2965482675171203,62,3,Medium,Low,Core / Maintenance,1,0.7574566973480494,High Priority,Maintain efficiently
HCP_1030,Ontario,Pediatrics,10.01126749581245,885,527,311,0.5901328273244781,0.4098671726755218,0.1900544945603957,0.2222408299800515,52,35,Medium,Medium,Core / Maintenance,4,-0.24395204477718543,Low Priority,Maintain efficiently
HCP_1031,Ontario,Pediatrics,10.01126749581245,1157,806,445,0.5521091811414393,0.4478908188585607,0.047233933269744,0.0829850732415839,84,76,High,High,High-Value Established,0,-0.29432621807184295,Low Priority,Retain and deepen
HCP_1032,Ontario,Pediatrics,10.01126749581245,706,422,123,0.2914691943127962,0.7085308056872037,0.2034290201527249,0.1100928975949719,84,57,High,Medium,Core / Maintenance,0,-0.0073176824353510805,Low Priority,Maintain efficiently
HCP_1033,Ontario,Pediatrics,10.01126749581245,1455,863,62,0.0718424101969872,0.9281575898030128,0.1799599926220242,0.0858870883394254,17,31,Low,Low,High-Potential Conversion,1,1.060395960934658,High Priority,Increase field engagement
HCP_1034,Ontario,Pediatrics,10.01126749581245,1587,1167,291,0.2493573264781491,0.7506426735218509,-0.079165742488247,0.2644074828965568,20,8,Low,Low,Core / Maintenance,1,0.957019128688364,High Priority,Maintain efficiently
HCP_1035,Ontario,Pediatrics,10.01126749581245,1069,582,294,0.5051546391752577,0.4948453608247423,-0.0308548126791371,0.0829736272643728,18,79,Low,High,High-Value Established,2,-0.29376017949152966,Low Priority,Retain and deepen
HCP_1036,Ontario,Pediatrics,10.01126749581245,2196,1634,712,0.4357405140758874,0.5642594859241126,0.164904459593572,0.3139988165623256,3,66,Low,Medium,Core / Maintenance,1,1.413754998415952,High Priority,Maintain efficiently
HCP_1037,Ontario,Pediatrics,10.01126749581245,824,464,140,0.3017241379310345,0.6982758620689655,-0.2755135076572526,0.0571788217621369,76,19,High,Low,Core / Maintenance,2,-0.18612492717018292,Low Priority,Maintain efficiently
HCP_1038,Ontario,Pediatrics,10.01126749581245,758,403,32,0.0794044665012407,0.9205955334987592,0.0320653168202013,0.1372815257985622,81,73,High,High,Core / Maintenance,2,0.288069030507655,Medium Priority,Maintain efficiently
HCP_1039,Ontario,Pediatrics,10.01126749581245,1369,796,227,0.2851758793969849,0.714824120603015,-0.1216997441949606,0.3617333365621675,28,61,Low,Medium,Core / Maintenance,1,0.8261958333285309,High Priority,Maintain efficiently
HCP_1040,Ontario,Pediatrics,10.01126749581245,1826,1287,396,0.3076923076923077,0.6923076923076923,-0.0071864561720229,0.3014859613427861,24,57,Low,Medium,Core / Maintenance,1,1.1329867024529132,High Priority,Maintain efficiently
HCP_1041,Ontario,Pediatrics,10.01126749581245,2282,1028,576,0.5603112840466926,0.4396887159533074,0.0141415893164955,0.0755389165239907,55,21,Medium,Low,High-Value Established,1,0.7580591369053654,High Priority,Retain and deepen
HCP_1042,Ontario,Pediatrics,10.01126749581245,1078,516,208,0.4031007751937984,0.5968992248062015,0.007010674651099,0.3373941365698129,76,66,High,Medium,Core / Maintenance,4,0.28838880056498967,Medium Priority,Maintain efficiently
HCP_1043,Ontario,Pediatrics,10.01126749581245,1846,1441,319,0.2213740458015267,0.7786259541984732,-0.016271350253513,0.2225622925390716,62,74,Medium,High,Core / Maintenance,1,1.195834279993625,High Priority,Digital-led opportunity development
HCP_1044,Ontario,Pediatrics,10.01126749581245,1249,587,199,0.3390119250425894,0.6609880749574106,-0.0816572379554576,0.3463740595090903,26,88,Low,High,Core / Maintenance,1,0.5866536429687912,High Priority,Digital-led opportunity development
HCP_1045,Ontario,Pediatrics,10.01126749581245,1191,747,64,0.0856760374832664,0.9143239625167336,0.3250293520182423,0.2602589210576377,59,47,Medium,Medium,High-Potential Conversion,3,1.2193364502631552,High Priority,Build field relationship
HCP_1046,Ontario,Pediatrics,10.01126749581245,1724,1089,637,0.5849403122130394,0.4150596877869605,0.2740954404993621,0.2886415612115006,82,7,High,Low,High-Value Established,1,0.7749138476003627,High Priority,Retain and deepen
HCP_1047,Ontario,Pediatrics,10.01126749581245,1590,947,235,0.2481520591341077,0.7518479408658922,-0.0894478984307539,0.3977255461384978,48,72,Medium,High,Core / Maintenance,1,1.1622715961665293,High Priority,Digital-led opportunity development
HCP_1048,Ontario,Pediatrics,10.01126749581245,729,480,150,0.3125,0.6875,0.239854010156428,0.1313174410734063,64,14,Medium,Low,Core / Maintenance,0,0.05163265942968487,Medium Priority,Maintain efficiently
HCP_1049,Ontario,Pediatrics,10.01126749581245,2122,1044,256,0.2452107279693486,0.7547892720306514,0.0020641411432576,0.2683809511664859,37,31,Medium,Low,Core / Maintenance,1,1.4852786719872275,High Priority,Maintain efficiently
HCP_1050,Ontario,Pediatrics,10.01126749581245,2052,1274,542,0.4254317111459968,0.5745682888540031,0.0655024967998052,0.2111124865200894,82,52,High,Medium,Core / Maintenance,1,1.018863038564065,High Priority,Field-led opportunity development
HCP_1051,Ontario,Pediatrics,10.01126749581245,1017,558,231,0.4139784946236559,0.586021505376344,0.0424071248123701,0.063808183522942,51,66,Medium,Medium,Core / Maintenance,0,-0.20133933222196662,Low Priority,Maintain efficiently
HCP_1052,Ontario,Pediatrics,10.01126749581245,1454,966,428,0.4430641821946169,0.556935817805383,-0.0291698369504758,0.0550647245260027,0,3,Low,Low,Core / Maintenance,1,0.15118786303955917,Medium Priority,Maintain efficiently
HCP_1053,Ontario,Pediatrics,10.01126749581245,1505,687,136,0.197962154294032,0.802037845705968,0.1680622812327376,0.0917300022362505,39,29,Medium,Low,Core / Maintenance,1,0.8659207870418708,High Priority,Maintain efficiently
HCP_1054,Ontario,Pediatrics,10.01126749581245,1387,872,195,0.2236238532110091,0.7763761467889908,0.0651063836691989,0.2771821091884918,80,12,High,Low,Core / Maintenance,1,0.8569381501404676,High Priority,Field-led opportunity development
HCP_1055,Ontario,Pediatrics,10.01126749581245,1044,495,59,0.1191919191919192,0.8808080808080808,-0.0071861707863089,0.2485070807696873,20,20,Low,Low,Core / Maintenance,3,0.6553534241263247,High Priority,Maintain efficiently
HCP_1056,Ontario,Pediatrics,10.01126749581245,1000,511,210,0.410958904109589,0.589041095890411,-0.1065507332560567,0.2437003464073046,85,40,High,Medium,Core / Maintenance,2,0.057991358958639605,Medium Priority,Maintain efficiently
HCP_1057,Ontario,Pediatrics,10.01126749581245,1254,611,44,0.072013093289689,0.9279869067103108,-0.0572314016462944,0.061149866884891,14,18,Low,Low,Core / Maintenance,2,0.6646806363488045,High Priority,Maintain efficiently
HCP_1058,Ontario,Pediatrics,10.01126749581245,1908,903,342,0.3787375415282392,0.6212624584717608,-0.1469656138722516,0.2142560487260025,49,47,Medium,Medium,Core / Maintenance,1,0.9475208559825251,High Priority,Maintain efficiently
HCP_1059,Ontario,Pediatrics,10.01126749581245,1531,1118,591,0.5286225402504472,0.4713774597495528,0.0514668258098203,0.373617986244885,47,85,Medium,High,High-Value Established,1,0.5508427494197836,High Priority,Retain and deepen
HCP_1060,Ontario,Pediatrics,10.01126749581245,1112,572,309,0.5402097902097902,0.4597902097902098,-0.0935998710741275,0.1891571542587263,31,62,Low,Medium,High-Value Established,4,-0.15885130295881342,Low Priority,Retain and deepen
HCP_1061,Ontario,Pediatrics,10.01126749581245,1658,1278,380,0.297339593114241,0.7026604068857589,0.018132738497775,0.2687228644259597,48,19,Medium,Low,Core / Maintenance,1,0.9416837600907475,High Priority,Maintain efficiently
HCP_1062,Ontario,Pediatrics,10.01126749581245,467,368,111,0.3016304347826087,0.6983695652173914,0.2144122224332444,0.3229365364681003,67,63,High,Medium,Core / Maintenance,3,0.07663205986793051,Medium Priority,Maintain efficiently
HCP_1063,Ontario,Pediatrics,10.01126749581245,1892,1189,110,0.0925147182506307,0.9074852817493692,0.1939159487505902,0.3243738476996606,44,36,Medium,Medium,High-Potential Conversion,1,1.8168370968372685,High Priority,Build field relationship
HCP_1064,Ontario,Pediatrics,10.01126749581245,688,315,132,0.419047619047619,0.5809523809523809,0.0461267727076858,0.231748028838345,31,30,Low,Low,Core / Maintenance,4,-0.2735874597366536,Low Priority,Maintain efficiently
HCP_1065,Ontario,Pediatrics,10.01126749581245,1115,613,308,0.5024469820554649,0.4975530179445351,0.039549832862822,0.3502831808908177,3,73,Low,High,High-Value Established,4,0.15678144498346117,Medium Priority,Retain and deepen
HCP_1066,Ontario,Pediatrics,10.01126749581245,855,615,114,0.1853658536585365,0.8146341463414635,0.2755849459305209,0.1869823326773114,64,17,Medium,Low,Core / Maintenance,0,0.5386843644907421,High Priority,Maintain efficiently
HCP_1067,Ontario,Pediatrics,10.01126749581245,804,440,124,0.2818181818181818,0.7181818181818183,0.1124907344430453,0.3610426251746794,96,19,High,Low,Core / Maintenance,3,0.37070974263995365,Medium Priority,Maintain efficiently
HCP_1068,Ontario,Pediatrics,10.01126749581245,1900,826,422,0.5108958837772397,0.4891041162227603,0.0106632248148172,0.1340795082384408,70,81,High,High,High-Value Established,1,0.5713405092739364,High Priority,Retain and deepen
HCP_1069,Ontario,Pediatrics,10.01126749581245,1075,669,356,0.5321375186846039,0.4678624813153961,-0.1211221740544542,0.1480757424466998,72,10,High,Low,High-Value Established,2,-0.240938740942796,Low Priority,Retain and deepen
HCP_1070,Ontario,Pediatrics,10.01126749581245,1429,1055,194,0.1838862559241706,0.8161137440758294,0.0972647861797691,0.0685922184696503,64,85,Medium,High,High-Potential Conversion,1,0.6981128333590062,High Priority,Build field relationship
HCP_1071,Ontario,Pediatrics,10.01126749581245,1245,894,315,0.3523489932885906,0.6476510067114094,0.1495188527099434,0.328453642789799,79,43,High,Medium,Core / Maintenance,1,0.6586723916267485,High Priority,Field-led opportunity development
HCP_1072,Ontario,Pediatrics,10.01126749581245,1496,703,110,0.1564722617354196,0.8435277382645804,-0.0257981829416372,0.1959693326814469,17,81,Low,High,Core / Maintenance,1,0.9411863132282196,High Priority,Digital-led opportunity development
HCP_1073,Ontario,Pediatrics,10.01126749581245,1300,870,92,0.1057471264367816,0.8942528735632184,0.0849443306165639,0.1301908148689896,53,63,Medium,Medium,High-Potential Conversion,1,0.7981880491918469,High Priority,Build field relationship
HCP_1074,Ontario,Pediatrics,10.01126749581245,808,394,217,0.550761421319797,0.449238578680203,0.0063712046101965,0.1311265971658028,46,33,Medium,Medium,Core / Maintenance,4,-0.5581215859962688,Low Priority,Maintain efficiently
HCP_1075,Ontario,Pediatrics,10.01126749581245,1794,874,438,0.5011441647597255,0.4988558352402745,0.0279161120961196,0.3654899794302316,5,86,Low,High,High-Value Established,1,0.835046978378176,High Priority,Retain and deepen
HCP_1076,Ontario,Pediatrics,10.01126749581245,1065,798,373,0.4674185463659148,0.5325814536340852,-0.2485386469074797,0.3418708101613629,65,64,Medium,Medium,High-Value Established,4,0.16184053436185303,Medium Priority,Retain and deepen
HCP_1077,Ontario,Pediatrics,10.01126749581245,734,367,28,0.0762942779291553,0.9237057220708448,0.0233862315540637,0.2437358098750142,8,54,Low,Medium,Core / Maintenance,3,0.4306110338048857,Medium Priority,Maintain efficiently
HCP_1078,Ontario,Pediatrics,10.01126749581245,1090,551,283,0.5136116152450091,0.4863883847549909,0.1663243162889665,0.2656387801455024,67,73,High,High,High-Value Established,4,0.133047574944199,Medium Priority,Retain and deepen
HCP_1079,Ontario,Pediatrics,10.01126749581245,2140,857,249,0.2905484247374562,0.7094515752625438,-0.0257683066679869,0.2160139496926018,22,0,Low,Low,Core / Maintenance,1,1.338861059672255,High Priority,Maintain efficiently
HCP_1080,Ontario,Pediatrics,10.01126749581245,1704,1275,304,0.2384313725490196,0.7615686274509804,0.0563031641858379,0.1870832900075831,42,37,Medium,Medium,Core / Maintenance,1,0.988014135698248,High Priority,Maintain efficiently
HCP_1081,Ontario,Pediatrics,10.01126749581245,1120,803,282,0.3511830635118306,0.6488169364881693,-0.0407140848030304,0.370416908426416,50,8,Medium,Low,Core / Maintenance,4,0.47582851770624357,Medium Priority,Maintain efficiently
HCP_1082,Ontario,Pediatrics,10.01126749581245,1120,729,73,0.1001371742112482,0.8998628257887518,0.0932530011551327,0.0939644462321057,71,94,High,High,High-Potential Conversion,0,0.5913833314174638,High Priority,Deepen field relationship
HCP_1083,Ontario,Pediatrics,10.01126749581245,1131,792,369,0.4659090909090909,0.5340909090909092,0.0240172162956591,0.1964563764006798,24,70,Low,High,Core / Maintenance,4,0.00988656413726624,Low Priority,Maintain efficiently
HCP_1084,Ontario,Pediatrics,10.01126749581245,2618,1206,447,0.3706467661691542,0.6293532338308458,-0.0627089848818408,0.1705966677957563,79,16,High,Low,Core / Maintenance,1,1.5799889850134665,High Priority,Field-led opportunity development
HCP_1085,Ontario,Pediatrics,10.01126749581245,1447,844,129,0.1528436018957346,0.8471563981042654,0.2099061761198153,0.2243527520879019,34,98,Medium,High,High-Potential Conversion,1,1.144996119419053,High Priority,Build field relationship
HCP_1086,Ontario,Pediatrics,10.01126749581245,1471,795,122,0.1534591194968553,0.8465408805031447,0.1614718416238658,0.2101711560908112,16,100,Low,High,High-Potential Conversion,1,1.0865136179287347,High Priority,Increase field engagement
HCP_1087,Ontario,Pediatrics,10.01126749581245,1815,794,120,0.1511335012594458,0.8488664987405541,-0.0225888116713809,0.2316113360778785,17,51,Low,Medium,Core / Maintenance,1,1.311490028566604,High Priority,Maintain efficiently
HCP_1088,Ontario,Pediatrics,10.01126749581245,1376,818,67,0.0819070904645476,0.9180929095354524,0.1097345971301332,0.0989716420294479,26,17,Low,Low,High-Potential Conversion,1,0.8994420639357534,High Priority,Increase field engagement
HCP_1089,Ontario,Pediatrics,10.01126749581245,1156,888,331,0.3727477477477477,0.6272522522522522,0.1144894403384456,0.229599525529647,14,62,Low,Medium,Core / Maintenance,1,0.34364521795803427,Medium Priority,Maintain efficiently
HCP_1090,Ontario,Pediatrics,10.01126749581245,1182,492,252,0.5121951219512195,0.4878048780487805,0.1270761482013411,0.1348465848605238,80,32,High,Low,High-Value Established,0,-0.020037938772970817,Low Priority,Retain and deepen
HCP_1091,Ontario,Pediatrics,10.01126749581245,1234,637,38,0.0596546310832025,0.9403453689167977,-0.1533107075194093,0.1145159721458669,68,3,High,Low,Core / Maintenance,2,0.7487514177758131,High Priority,Field-led opportunity development
HCP_1092,Ontario,Pediatrics,10.01126749581245,1249,603,46,0.0762852404643449,0.9237147595356552,0.1707927849239153,0.0726919765751669,79,86,High,High,High-Potential Conversion,0,0.8229483773102556,High Priority,Deepen field relationship
HCP_1093,Ontario,Pediatrics,10.01126749581245,1633,809,295,0.3646477132262052,0.6353522867737948,-0.0183638755510877,0.3169283955646493,14,74,Low,High,Core / Maintenance,1,0.8636153117445398,High Priority,Digital-led opportunity development
HCP_1094,Ontario,Pediatrics,10.01126749581245,1289,984,493,0.5010162601626016,0.4989837398373984,0.0070606479870479,0.199604672299796,41,51,Medium,Medium,High-Value Established,1,0.10064215504074486,Medium Priority,Retain and deepen
HCP_1095,Ontario,Pediatrics,10.01126749581245,1636,961,221,0.2299687825182102,0.7700312174817898,0.3665458102712239,0.2693252891591154,33,8,Medium,Low,Core / Maintenance,1,1.4406492418173567,High Priority,Maintain efficiently
HCP_1096,Ontario,Pediatrics,10.01126749581245,1230,721,175,0.2427184466019417,0.7572815533980582,0.0862248056865214,0.3046576701566602,47,63,Medium,Medium,Core / Maintenance,3,0.7371163502789911,High Priority,Maintain efficiently
HCP_1097,Ontario,Pediatrics,10.01126749581245,1301,916,346,0.3777292576419214,0.6222707423580787,0.0036413029463389,0.2877608328597437,82,29,High,Low,Core / Maintenance,1,0.4759891902100538,Medium Priority,Maintain efficiently
HCP_1098,Ontario,Pediatrics,10.01126749581245,629,290,58,0.2,0.8,-0.2146353247307087,0.2146752516813888,7,7,Low,Low,Core / Maintenance,2,0.05373944771999174,Medium Priority,Maintain efficiently
HCP_1099,Ontario,Pediatrics,10.01126749581245,1744,1038,67,0.0645472061657032,0.9354527938342968,0.2167716960735626,0.1857644851331054,9,4,Low,Low,High-Potential Conversion,1,1.546870970856557,High Priority,Increase field engagement
HCP_1100,Ontario,Pediatrics,10.01126749581245,1429,817,371,0.4541003671970624,0.5458996328029375,-0.1114251604970322,0.1815859683742323,4,75,Low,High,Core / Maintenance,1,0.2963259962149796,Medium Priority,Maintain efficiently
HCP_1101,Ontario,Dermatology,5.279512977575298,1303,832,328,0.3942307692307692,0.6057692307692308,-0.0704126684199404,0.2740170789255197,47,62,Medium,Medium,Core / Maintenance,1,0.42629999275964875,Medium Priority,Maintain efficiently
HCP_1102,Ontario,Dermatology,5.279512977575298,334,267,99,0.3707865168539326,0.6292134831460674,0.010237724109458,0.2231780242296557,25,0,Low,Low,Core / Maintenance,4,-0.5378750375628195,Low Priority,Maintain efficiently
HCP_1103,Ontario,Dermatology,5.279512977575298,1909,1351,619,0.4581791265729089,0.5418208734270911,0.2199694150040351,0.3471962867959787,85,14,High,Low,Core / Maintenance,1,1.2126586528681642,High Priority,Field-led opportunity development
HCP_1104,Ontario,Dermatology,5.279512977575298,875,489,206,0.4212678936605317,0.5787321063394684,0.1427887983998911,0.3561456945143492,22,88,Low,High,Core / Maintenance,4,0.20678795079041484,Medium Priority,Maintain efficiently
HCP_1105,Ontario,Dermatology,5.279512977575298,1355,991,162,0.1634712411705348,0.8365287588294652,0.0310594988191688,0.1096961323022814,61,81,Medium,High,High-Potential Conversion,1,0.6629528798881383,High Priority,Build field relationship
HCP_1106,Ontario,Dermatology,5.279512977575298,639,299,73,0.2441471571906354,0.7558528428093645,0.0869950476366585,0.0976817780410039,12,37,Low,Medium,Core / Maintenance,0,-0.14365235741271543,Low Priority,Maintain efficiently
HCP_1107,Ontario,Dermatology,5.279512977575298,1139,469,56,0.1194029850746268,0.8805970149253731,-0.0220462831445326,0.2706403241125998,8,41,Low,Medium,Core / Maintenance,3,0.779539647117261,High Priority,Maintain efficiently
HCP_1108,Ontario,Dermatology,5.279512977575298,636,306,37,0.1209150326797385,0.8790849673202614,0.0667584427478421,0.1554290118217978,19,45,Low,Medium,Core / Maintenance,2,0.1468217869519962,Medium Priority,Maintain efficiently
HCP_1109,Ontario,Dermatology,5.279512977575298,739,396,167,0.4217171717171717,0.5782828282828283,0.0588004093733764,0.0564997515677846,91,52,High,Medium,Core / Maintenance,0,-0.4771226794998167,Low Priority,Maintain efficiently
HCP_1110,Ontario,Dermatology,5.279512977575298,1796,1085,567,0.5225806451612903,0.4774193548387097,0.1662523874817624,0.3610249342770343,56,25,Medium,Low,High-Value Established,1,0.938249960435544,High Priority,Retain and deepen
HCP_1111,Ontario,Dermatology,5.279512977575298,860,556,322,0.579136690647482,0.420863309352518,0.1660613746926739,0.1294152685353329,100,60,High,Medium,Core / Maintenance,0,-0.41596206833657895,Low Priority,Maintain efficiently
HCP_1112,Ontario,Dermatology,5.279512977575298,992,758,300,0.3957783641160949,0.604221635883905,0.1092772858646773,0.3752482280900332,23,66,Low,Medium,Core / Maintenance,4,0.3549329891850474,Medium Priority,Maintain efficiently
HCP_1113,Ontario,Dermatology,5.279512977575298,1246,753,114,0.1513944223107569,0.848605577689243,0.0065182930944677,0.3011020578073888,32,53,Low,Medium,High-Potential Conversion,3,0.8680949495330019,High Priority,Increase field engagement
HCP_1114,Ontario,Dermatology,5.279512977575298,1093,656,71,0.1082317073170731,0.8917682926829268,0.1390186753268152,0.3169287214690195,19,21,Low,Low,High-Potential Conversion,3,0.9407421454402782,High Priority,Increase field engagement
HCP_1115,Ontario,Dermatology,5.279512977575298,969,407,202,0.4963144963144963,0.5036855036855037,0.0389637840556344,0.1205115235276061,59,25,Medium,Low,Core / Maintenance,0,-0.31698897889580036,Low Priority,Maintain efficiently
HCP_1116,Ontario,Dermatology,5.279512977575298,1044,432,159,0.3680555555555556,0.6319444444444444,-0.0798297242455759,0.1319680489658845,47,82,Medium,High,Core / Maintenance,2,0.013158039159070628,Low Priority,Maintain efficiently
HCP_1117,Ontario,Dermatology,5.279512977575298,2131,1322,516,0.3903177004538578,0.6096822995461422,0.0016054649706873,0.232443713838423,63,59,Medium,Medium,Core / Maintenance,1,1.1675355718957396,High Priority,Maintain efficiently
HCP_1118,Ontario,Dermatology,5.279512977575298,901,518,249,0.4806949806949807,0.5193050193050193,0.0601432380541189,0.1102349484274517,29,38,Low,Medium,Core / Maintenance,0,-0.3497729337891676,Low Priority,Maintain efficiently
HCP_1119,Ontario,Dermatology,5.279512977575298,986,725,317,0.4372413793103448,0.5627586206896551,0.1592258940397694,0.1569010924390613,72,35,High,Medium,Core / Maintenance,0,0.0045513020427735,Low Priority,Maintain efficiently
HCP_1120,Ontario,General Surgery,7.480934191858926,1580,734,374,0.5095367847411444,0.4904632152588556,0.0279766193411416,0.1625118672817315,16,20,Low,Low,High-Value Established,1,0.30882392943824616,Medium Priority,Retain and deepen
HCP_1121,Ontario,General Surgery,7.480934191858926,1611,660,53,0.0803030303030303,0.9196969696969696,-0.0951038453487527,0.1058704766384674,99,40,High,Medium,Core / Maintenance,1,1.0595657915023957,High Priority,Field-led opportunity development
HCP_1122,Ontario,General Surgery,7.480934191858926,1658,961,443,0.4609781477627471,0.5390218522372529,0.0568090019956183,0.1218139916883062,13,47,Low,Medium,Core / Maintenance,1,0.4285650260540467,Medium Priority,Maintain efficiently
HCP_1123,Ontario,General Surgery,7.480934191858926,1368,677,351,0.518463810930576,0.4815361890694239,0.0636147248067862,0.3259931447028898,18,25,Low,Low,High-Value Established,4,0.35650568417956835,Medium Priority,Retain and deepen
HCP_1124,Ontario,General Surgery,7.480934191858926,733,308,64,0.2077922077922078,0.7922077922077921,0.0723005154683303,0.1085185490915439,70,62,High,Medium,Core / Maintenance,0,0.013337418649703586,Low Priority,Maintain efficiently
HCP_1125,Ontario,General Surgery,7.480934191858926,1938,1337,538,0.4023934181002244,0.5976065818997756,0.1603845819145316,0.0599600871453728,58,76,Medium,High,Core / Maintenance,1,0.8414323088240196,High Priority,Digital-led opportunity development
HCP_1126,Ontario,General Surgery,7.480934191858926,732,325,72,0.2215384615384615,0.7784615384615384,0.1722707888107878,0.2702742299201284,66,35,Medium,Medium,Core / Maintenance,3,0.3513824403483895,Medium Priority,Maintain efficiently
HCP_1127,Ontario,General Surgery,7.480934191858926,1216,782,451,0.5767263427109974,0.4232736572890025,-0.0213053046857999,0.3915940917873575,96,23,High,Low,High-Value Established,4,0.1764492832078958,Medium Priority,Retain and deepen
HCP_1128,Ontario,General Surgery,7.480934191858926,840,430,29,0.0674418604651162,0.9325581395348838,-0.0239372149658732,0.1659248351180925,43,89,Medium,High,Core / Maintenance,2,0.43238219848416065,Medium Priority,Maintain efficiently
HCP_1129,Ontario,General Surgery,7.480934191858926,1070,502,185,0.3685258964143426,0.6314741035856574,-0.0748238453146567,0.0915294961186883,31,20,Low,Low,Core / Maintenance,2,-0.023417295664095256,Low Priority,Maintain efficiently
HCP_1130,Ontario,General Surgery,7.480934191858926,1227,677,96,0.1418020679468242,0.8581979320531757,0.1338578804336571,0.2496355638786357,10,17,Low,Low,High-Potential Conversion,3,0.8992735409776247,High Priority,Increase field engagement
HCP_1131,Ontario,General Surgery,7.480934191858926,1224,882,390,0.4421768707482993,0.5578231292517006,0.2238584130005258,0.3672239738834761,1,14,Low,Low,Core / Maintenance,4,0.6187480460879569,High Priority,Maintain efficiently
HCP_1132,Ontario,General Surgery,7.480934191858926,1268,706,104,0.1473087818696883,0.8526912181303117,0.0121901686509291,0.3244216229399675,89,78,High,High,High-Potential Conversion,3,0.9319253100975415,High Priority,Deepen field relationship
HCP_1133,Ontario,General Surgery,7.480934191858926,1925,1348,242,0.1795252225519288,0.8204747774480712,0.0210283322330008,0.2678805539444506,67,5,High,Low,High-Potential Conversion,1,1.418406161001762,High Priority,Deepen field relationship
HCP_1134,Ontario,General Surgery,7.480934191858926,1282,577,186,0.3223570190641248,0.6776429809358753,0.2260139068278771,0.1602697738126597,16,42,Low,Medium,Core / Maintenance,0,0.5915072224268607,High Priority,Maintain efficiently
HCP_1135,Ontario,General Surgery,7.480934191858926,1004,712,394,0.5533707865168539,0.4466292134831461,0.1106669423858009,0.239658060646677,80,30,High,Low,High-Value Established,4,-0.1312463497844319,Low Priority,Retain and deepen
HCP_1136,Ontario,General Surgery,7.480934191858926,1533,758,126,0.1662269129287599,0.8337730870712401,0.1023482845761266,0.0819356944564893,91,27,High,Low,High-Potential Conversion,1,0.8575206705960736,High Priority,Deepen field relationship
HCP_1137,Ontario,General Surgery,7.480934191858926,1659,1113,144,0.1293800539083558,0.8706199460916442,-0.0929099807168472,0.2876308984982345,93,7,High,Low,Core / Maintenance,1,1.2863926403592132,High Priority,Field-led opportunity development
HCP_1138,Ontario,General Surgery,7.480934191858926,712,446,208,0.4663677130044843,0.5336322869955157,0.1314473683135302,0.3037836066141778,39,28,Medium,Low,Core / Maintenance,4,-0.12708740675652927,Low Priority,Maintain efficiently
HCP_1139,Ontario,General Surgery,7.480934191858926,1348,1040,338,0.325,0.675,-0.0614963608611709,0.3877610680184716,86,20,High,Low,Core / Maintenance,1,0.7702913055420324,High Priority,Field-led opportunity development
HCP_1140,Ontario,General Surgery,7.480934191858926,1398,776,428,0.5515463917525774,0.4484536082474226,-0.0860824223121949,0.1411390755607751,45,80,Medium,High,High-Value Established,1,0.022836062426458414,Medium Priority,Retain and deepen
HCP_1141,Ontario,General Surgery,7.480934191858926,986,420,55,0.1309523809523809,0.8690476190476191,0.0083874107879945,0.0564597466650579,87,87,High,High,Core / Maintenance,2,0.28923865801932064,Medium Priority,Maintain efficiently
HCP_1142,Ontario,General Surgery,7.480934191858926,1771,722,293,0.4058171745152354,0.5941828254847645,-0.0202951268138428,0.2409629625495027,92,57,High,Medium,Core / Maintenance,1,0.8050080220684892,High Priority,Field-led opportunity development
HCP_1143,Ontario,General Surgery,7.480934191858926,1038,759,135,0.1778656126482213,0.8221343873517787,0.0234080366737952,0.2973766765388851,3,59,Low,Medium,High-Potential Conversion,3,0.6127663360307374,High Priority,Increase field engagement
HCP_1144,Ontario,General Surgery,7.480934191858926,1143,697,95,0.1362984218077474,0.8637015781922526,-0.1229177961429902,0.3266426165590458,37,49,Medium,Medium,Core / Maintenance,3,0.8357198255526856,High Priority,Maintain efficiently
HCP_1145,Ontario,General Surgery,7.480934191858926,1030,731,311,0.4254445964432284,0.5745554035567715,0.1650579567761206,0.1178086265586837,62,99,Medium,High,Core / Maintenance,0,0.017459141736232697,Low Priority,Maintain efficiently
HCP_1146,Ontario,General Surgery,7.480934191858926,1100,543,204,0.3756906077348066,0.6243093922651934,0.1853223553419715,0.1416135041629583,28,30,Low,Low,Core / Maintenance,0,0.23866400949783034,Medium Priority,Maintain efficiently
HCP_1147,Ontario,General Surgery,7.480934191858926,745,401,187,0.4663341645885286,0.5336658354114714,-0.1836810968968977,0.2294068238435537,18,46,Low,Medium,Core / Maintenance,2,-0.3126708307222737,Low Priority,Maintain efficiently
HCP_1148,Ontario,General Surgery,7.480934191858926,661,272,60,0.2205882352941176,0.7794117647058824,0.167414936679986,0.1657102834895006,90,33,High,Medium,Core / Maintenance,0,0.12201286489773165,Medium Priority,Maintain efficiently
HCP_1149,Ontario,General Surgery,7.480934191858926,1912,1500,445,0.2966666666666667,0.7033333333333334,-0.0472634355785951,0.3511790203056057,28,1,Low,Low,Core / Maintenance,1,1.3109821026533295,High Priority,Maintain efficiently
HCP_1150,Ontario,General Surgery,7.480934191858926,813,542,148,0.2730627306273063,0.7269372693726937,0.1528370644379343,0.2158160538085521,99,66,High,Medium,Core / Maintenance,0,0.22707516578504044,Medium Priority,Maintain efficiently
HCP_1151,Ontario,General Surgery,7.480934191858926,773,598,354,0.5919732441471572,0.4080267558528427,0.0417864208800301,0.329852525435701,34,93,Medium,High,Core / Maintenance,4,-0.3708834320536662,Low Priority,Maintain efficiently
HCP_1152,Ontario,General Surgery,7.480934191858926,515,261,55,0.210727969348659,0.789272030651341,0.0534530676897198,0.2532169161688238,69,71,High,High,Core / Maintenance,3,-0.007646201062090366,Low Priority,Maintain efficiently
HCP_1153,Ontario,General Surgery,7.480934191858926,875,564,120,0.2127659574468085,0.7872340425531915,0.0277882820694537,0.3205815495659892,22,51,Low,Medium,Core / Maintenance,3,0.4253084276649013,Medium Priority,Maintain efficiently
HCP_1154,Ontario,General Surgery,7.480934191858926,689,463,113,0.244060475161987,0.755939524838013,0.1954555045080183,0.1664355452856133,45,6,Medium,Low,Core / Maintenance,0,0.14018460139995692,Medium Priority,Maintain efficiently
HCP_1155,Ontario,General Surgery,7.480934191858926,1944,1025,370,0.3609756097560975,0.6390243902439025,-0.0987505615030033,0.3409958176756089,43,75,Medium,High,Core / Maintenance,1,1.2057231294389903,High Priority,Digital-led opportunity development
HCP_1156,Ontario,General Surgery,7.480934191858926,1558,1152,217,0.1883680555555555,0.8116319444444444,0.122940840648201,0.1461003104428575,47,18,Medium,Low,Core / Maintenance,1,0.9614347295045362,High Priority,Maintain efficiently
HCP_1157,Ontario,General Surgery,7.480934191858926,860,670,371,0.5537313432835821,0.4462686567164179,0.182159619786746,0.2411345828011518,51,89,Medium,High,Core / Maintenance,4,-0.18092404292300263,Low Priority,Maintain efficiently
HCP_1158,Ontario,General Surgery,7.480934191858926,2407,1815,356,0.1961432506887052,0.8038567493112948,0.1359608096648492,0.1249024896108559,7,91,Low,High,Core / Maintenance,1,1.7473953628035475,High Priority,Digital-led opportunity development
HCP_1159,Ontario,General Surgery,7.480934191858926,1543,1073,582,0.5424044734389561,0.4575955265610438,0.3289638697188101,0.2164342825691677,54,14,Medium,Low,High-Value Established,1,0.6393086045853249,High Priority,Retain and deepen
HCP_1160,Ontario,General Surgery,7.480934191858926,976,499,53,0.1062124248496994,0.8937875751503006,-0.0134736115269638,0.1613613233280461,65,77,Medium,High,Core / Maintenance,2,0.48352678193481113,High Priority,Digital-led opportunity development
HCP_1161,Ontario,General Surgery,7.480934191858926,456,234,96,0.4102564102564102,0.5897435897435898,0.1648765787112237,0.143346200723025,76,47,High,Medium,Core / Maintenance,0,-0.46792968354889214,Low Priority,Maintain efficiently
HCP_1162,Ontario,General Surgery,7.480934191858926,2439,1915,1051,0.5488250652741514,0.4511749347258486,0.0372691237590295,0.3884447563098131,39,13,Medium,Low,High-Value Established,1,1.400270404469687,High Priority,Retain and deepen
HCP_1163,Ontario,General Surgery,7.480934191858926,673,272,39,0.1433823529411764,0.8566176470588236,0.1980087291623203,0.1060259369203557,84,2,High,Low,Core / Maintenance,0,0.22627893792744908,Medium Priority,Maintain efficiently
HCP_1164,Ontario,General Surgery,7.480934191858926,615,422,246,0.5829383886255924,0.4170616113744075,0.0490773205134356,0.3255640431100883,30,49,Low,Medium,Core / Maintenance,4,-0.5071038574223008,Low Priority,Maintain efficiently
HCP_1165,Ontario,General Surgery,7.480934191858926,1565,1068,319,0.298689138576779,0.701310861423221,0.0034549061765036,0.3944577358191252,47,92,Medium,High,Core / Maintenance,1,1.0384339486622964,High Priority,Digital-led opportunity development
HCP_1166,Ontario,General Surgery,7.480934191858926,2570,1668,951,0.5701438848920863,0.4298561151079136,0.2067286644645954,0.0569655193090272,99,53,High,Medium,High-Value Established,1,1.1863279491130372,High Priority,Retain and deepen
HCP_1167,Ontario,General Surgery,7.480934191858926,1776,1414,597,0.4222065063649222,0.5777934936350778,-0.0089874326822715,0.2946595949147332,60,5,Medium,Low,Core / Maintenance,1,0.8596394920758021,High Priority,Maintain efficiently
HCP_1168,Ontario,General Surgery,7.480934191858926,1333,699,151,0.2160228898426323,0.7839771101573677,-0.1195270910680667,0.1385191319447005,51,48,Medium,Medium,Core / Maintenance,2,0.5863845405569186,High Priority,Maintain efficiently
HCP_1169,Ontario,General Surgery,7.480934191858926,1347,722,111,0.1537396121883656,0.8462603878116344,-0.0120216259808594,0.0641707385149065,37,22,Medium,Low,Core / Maintenance,2,0.6052002127998946,High Priority,Maintain efficiently
HCP_1170,Ontario,General Surgery,7.480934191858926,1475,637,138,0.216640502354788,0.783359497645212,0.1242839535906239,0.1910113526348207,90,91,High,High,Core / Maintenance,1,0.897577090887543,High Priority,Field-led opportunity development
HCP_1171,Ontario,General Surgery,7.480934191858926,1427,824,83,0.1007281553398058,0.8992718446601942,0.2170446501904509,0.3773262335598062,35,77,Medium,High,High-Potential Conversion,3,1.461935830299241,High Priority,Build field relationship
HCP_1172,Ontario,General Surgery,7.480934191858926,1207,609,79,0.1297208538587849,0.8702791461412152,0.0633355250355814,0.0541177830284491,86,77,High,High,High-Potential Conversion,2,0.5231768837875235,High Priority,Deepen field relationship
HCP_1173,Ontario,General Surgery,7.480934191858926,1135,610,66,0.1081967213114754,0.8918032786885246,0.208183648068083,0.2557599921754236,54,19,Medium,Low,High-Potential Conversion,3,0.973814439854528,High Priority,Build field relationship
HCP_1174,Ontario,General Surgery,7.480934191858926,1070,785,222,0.2828025477707006,0.7171974522292994,-0.1129809905773112,0.2254887675083635,84,76,High,High,Core / Maintenance,2,0.33860679165824603,Medium Priority,Maintain efficiently
HCP_1175,Ontario,General Surgery,7.480934191858926,840,650,317,0.4876923076923077,0.5123076923076924,-0.0031916157781483,0.3556844575298666,12,90,Low,High,Core / Maintenance,4,-0.0718751840308621,Low Priority,Maintain efficiently
HCP_1176,Ontario,General Surgery,7.480934191858926,992,470,60,0.1276595744680851,0.8723404255319149,0.0153709859415078,0.0794006000822189,36,59,Medium,Medium,Core / Maintenance,2,0.3356247278451929,Medium Priority,Maintain efficiently
HCP_1177,Ontario,General Surgery,7.480934191858926,605,332,40,0.1204819277108433,0.8795180722891567,0.0362528687032976,0.2885341104603276,46,98,Medium,High,Core / Maintenance,3,0.2908234975516455,Medium Priority,Maintain efficiently
HCP_1178,Ontario,General Surgery,7.480934191858926,1057,815,329,0.403680981595092,0.596319018404908,0.0600913265900235,0.2880383944516471,89,44,High,Medium,Core / Maintenance,4,0.21166815832299796,Medium Priority,Maintain efficiently
HCP_1179,Ontario,Urology,4.934383038786525,629,267,42,0.1573033707865168,0.8426966292134832,0.1329093148870631,0.2841780059017991,70,60,High,Medium,Core / Maintenance,3,0.3457595997354487,Medium Priority,Maintain efficiently
HCP_1180,Ontario,Urology,4.934383038786525,604,264,27,0.1022727272727272,0.8977272727272727,-0.0033768205804588,0.3798170732272629,21,55,Low,Medium,Core / Maintenance,3,0.4610636193059635,Medium Priority,Maintain efficiently
HCP_1181,Ontario,Urology,4.934383038786525,946,440,62,0.1409090909090909,0.8590909090909091,0.066683442434375,0.3380806351524081,38,1,Medium,Low,Emerging Opportunity,3,0.6814675160129082,High Priority,Develop engagement
HCP_1182,Ontario,Urology,4.934383038786525,1446,923,515,0.5579631635969664,0.4420368364030336,0.0445852531611138,0.0646904541852271,86,44,High,Medium,High-Value Established,1,-0.057796567509708824,Low Priority,Retain and deepen
HCP_1183,Ontario,Urology,4.934383038786525,1225,564,283,0.50177304964539,0.4982269503546099,-0.0611067884669379,0.2148789977465796,57,39,Medium,Medium,High-Value Established,1,0.06059841345996972,Medium Priority,Retain and deepen
HCP_1184,Ontario,Urology,4.934383038786525,513,404,99,0.245049504950495,0.754950495049505,0.0363599973102277,0.1892835696704667,29,23,Low,Low,Core / Maintenance,2,-0.18051618547419138,Low Priority,Maintain efficiently
HCP_1185,Ontario,Urology,4.934383038786525,628,363,149,0.4104683195592286,0.5895316804407713,0.0327608564123458,0.1585515273817807,17,28,Low,Low,Core / Maintenance,2,-0.4266445494308972,Low Priority,Maintain efficiently
HCP_1186,Ontario,Urology,4.934383038786525,1235,742,256,0.3450134770889488,0.6549865229110512,0.0301903321996344,0.207967853803934,17,66,Low,Medium,Core / Maintenance,1,0.35417971877756654,Medium Priority,Maintain efficiently
HCP_1187,Ontario,Urology,4.934383038786525,630,314,133,0.4235668789808917,0.5764331210191083,0.053811134789774,0.1844679647240921,73,67,High,High,Core / Maintenance,0,-0.399436865379251,Low Priority,Maintain efficiently
HCP_1188,Ontario,Urology,4.934383038786525,821,483,206,0.4265010351966873,0.5734989648033126,0.0590808248736063,0.2013168649575328,38,65,Medium,Medium,Core / Maintenance,4,-0.1895394525617629,Low Priority,Maintain efficiently
HCP_1189,Ontario,Urology,4.934383038786525,1077,716,283,0.3952513966480447,0.6047486033519553,-0.0018754214928796,0.3927416529630249,93,83,High,High,Core / Maintenance,4,0.3852394745822382,Medium Priority,Maintain efficiently
HCP_1190,Ontario,Urology,4.934383038786525,633,443,87,0.1963882618510158,0.8036117381489842,0.2027257680765518,0.0810215411623532,25,53,Low,Medium,Core / Maintenance,0,0.05651248002672299,Medium Priority,Maintain efficiently
HCP_1191,Ontario,Urology,4.934383038786525,922,647,46,0.071097372488408,0.928902627511592,-0.0903376755043619,0.3727808044435554,70,52,High,Medium,Core / Maintenance,3,0.8148592526282656,High Priority,Field-led opportunity development
HCP_1192,Ontario,Urology,4.934383038786525,557,352,106,0.3011363636363636,0.6988636363636364,-0.0365164130163875,0.2180828497148593,6,78,Low,High,Core / Maintenance,2,-0.2002857390269298,Low Priority,Maintain efficiently
HCP_1193,Ontario,Urology,4.934383038786525,720,548,296,0.5401459854014599,0.4598540145985401,0.3835956349068267,0.2683097859248394,68,48,High,Medium,Core / Maintenance,0,-0.0033808905913100123,Low Priority,Maintain efficiently
HCP_1194,Ontario,Urology,4.934383038786525,994,723,263,0.3637621023513139,0.636237897648686,-0.0745589625987075,0.3405640383161928,64,31,Medium,Low,Core / Maintenance,4,0.2862275972915306,Medium Priority,Maintain efficiently
HCP_1195,Ontario,Urology,4.934383038786525,509,358,182,0.5083798882681564,0.4916201117318436,-0.112450560965171,0.1761620602022394,45,60,Medium,Medium,Core / Maintenance,2,-0.698496707257426,Low Priority,Maintain efficiently
HCP_1196,Ontario,Urology,4.934383038786525,1037,438,261,0.5958904109589042,0.4041095890410958,0.1381372094001461,0.2006476678307884,17,41,Low,Medium,High-Value Established,4,-0.20436772982038073,Low Priority,Retain and deepen
HCP_1197,Ontario,Urology,4.934383038786525,882,355,50,0.1408450704225352,0.8591549295774648,-0.1992543824528648,0.1933314680975499,12,0,Low,Low,Core / Maintenance,2,0.3760851184701965,Medium Priority,Maintain efficiently
HCP_1198,Ontario,Urology,4.934383038786525,1078,523,225,0.4302103250478011,0.5697896749521989,0.0217671308033073,0.1811558578875159,24,62,Low,Medium,Core / Maintenance,4,0.0029803944877389438,Low Priority,Maintain efficiently
HCP_1199,Ontario,Urology,4.934383038786525,961,639,269,0.4209702660406886,0.5790297339593113,0.3074989910091786,0.3739352625764132,7,34,Low,Medium,Core / Maintenance,4,0.5178088590971488,High Priority,Maintain efficiently
HCP_1200,Ontario,Urology,4.934383038786525,1432,808,476,0.5891089108910891,0.4108910891089109,-0.135392310658408,0.3401254619175542,73,50,High,Medium,High-Value Established,4,0.28367455169809935,Medium Priority,Retain and deepen
HCP_1201,Ontario,Urology,4.934383038786525,928,521,308,0.5911708253358925,0.4088291746641075,-0.1878357382886455,0.0881499964520416,31,70,Low,High,Core / Maintenance,2,-0.5830976444921374,Low Priority,Maintain efficiently
HCP_1202,Ontario,Orthopedic Surgery,6.136897176973173,853,643,275,0.4276827371695179,0.5723172628304821,-0.1299017442349238,0.0878431733669836,16,44,Low,Medium,Core / Maintenance,2,-0.34871438270330457,Low Priority,Maintain efficiently
HCP_1203,Ontario,Orthopedic Surgery,6.136897176973173,1034,784,144,0.1836734693877551,0.8163265306122449,0.1578031482016382,0.1997543301985469,78,76,High,High,High-Potential Conversion,0,0.5894055400547402,High Priority,Deepen field relationship
HCP_1204,Ontario,Orthopedic Surgery,6.136897176973173,1198,915,448,0.4896174863387978,0.5103825136612021,0.1849732063982975,0.0845300818564831,78,64,High,Medium,High-Value Established,0,0.0328915084376733,Medium Priority,Retain and deepen
HCP_1205,Ontario,Orthopedic Surgery,6.136897176973173,1008,530,58,0.1094339622641509,0.8905660377358491,-0.011510655637421,0.2666825833448919,47,13,Medium,Low,Core / Maintenance,3,0.6663347087302899,High Priority,Maintain efficiently
HCP_1206,Ontario,Orthopedic Surgery,6.136897176973173,1005,680,326,0.4794117647058823,0.5205882352941176,0.1319854884801282,0.1002920625416068,62,92,Medium,High,High-Value Established,0,-0.17457580641433734,Low Priority,Retain and deepen
HCP_1207,Ontario,Orthopedic Surgery,6.136897176973173,775,394,217,0.550761421319797,0.449238578680203,0.2168306393014387,0.2328306423883804,39,2,Medium,Low,Core / Maintenance,4,-0.2272345874127522,Low Priority,Maintain efficiently
HCP_1208,Ontario,Orthopedic Surgery,6.136897176973173,786,374,97,0.2593582887700534,0.7406417112299466,0.264481569731579,0.0525269814513012,83,23,High,Low,Core / Maintenance,0,0.11803134887418032,Medium Priority,Maintain efficiently
HCP_1209,Ontario,Orthopedic Surgery,6.136897176973173,607,288,114,0.3958333333333333,0.6041666666666667,0.0204397662584182,0.1608087219444263,14,64,Low,Medium,Core / Maintenance,2,-0.41597311799635406,Low Priority,Maintain efficiently
HCP_1210,Ontario,Orthopedic Surgery,6.136897176973173,1828,981,281,0.2864424057084607,0.7135575942915393,-0.2261766061203984,0.2870167532854294,98,47,High,Medium,Core / Maintenance,1,1.1530920916482033,High Priority,Field-led opportunity development
HCP_1211,Ontario,Orthopedic Surgery,6.136897176973173,641,367,107,0.2915531335149863,0.7084468664850136,-0.0485054706891624,0.2194136290797469,5,9,Low,Low,Core / Maintenance,2,-0.09951163241074787,Low Priority,Maintain efficiently
HCP_1212,Ontario,Orthopedic Surgery,6.136897176973173,778,570,126,0.2210526315789473,0.7789473684210526,-0.0012165033922309,0.3923943200996458,93,12,High,Low,Core / Maintenance,3,0.4242517977823916,Medium Priority,Maintain efficiently
HCP_1213,Ontario,Orthopedic Surgery,6.136897176973173,771,345,162,0.4695652173913043,0.5304347826086957,0.0189273444105931,0.3559363286231738,62,99,Medium,High,Core / Maintenance,4,-0.10381836834522198,Low Priority,Maintain efficiently
HCP_1214,Ontario,Orthopedic Surgery,6.136897176973173,1355,940,531,0.5648936170212766,0.4351063829787234,0.0274568718789536,0.1756747726651029,7,72,Low,High,High-Value Established,1,0.00825819650376973,Low Priority,Retain and deepen
HCP_1215,Ontario,Orthopedic Surgery,6.136897176973173,894,548,311,0.5675182481751825,0.4324817518248175,0.1842673517516803,0.0659202895152961,94,13,High,Low,Core / Maintenance,0,-0.4345288528040897,Low Priority,Maintain efficiently
HCP_1216,Ontario,Orthopedic Surgery,6.136897176973173,1534,790,115,0.1455696202531645,0.8544303797468354,0.2029314112025097,0.3459692050402566,31,99,Low,High,High-Potential Conversion,1,1.416348897795013,High Priority,Increase field engagement
HCP_1217,Ontario,Orthopedic Surgery,6.136897176973173,783,468,249,0.532051282051282,0.4679487179487179,0.029399161529026,0.368932008610135,44,9,Medium,Low,Core / Maintenance,4,-0.1900982041945042,Low Priority,Maintain efficiently
HCP_1218,Ontario,Orthopedic Surgery,6.136897176973173,1093,568,259,0.4559859154929577,0.5440140845070423,0.1818181851262182,0.3372195876966629,51,39,Medium,Medium,Core / Maintenance,4,0.3704850382106194,Medium Priority,Maintain efficiently
HCP_1219,Ontario,Orthopedic Surgery,6.136897176973173,740,472,89,0.1885593220338983,0.8114406779661016,0.0929193639957307,0.0947824793219177,78,22,High,Low,Core / Maintenance,0,0.06073301606072609,Medium Priority,Maintain efficiently
HCP_1220,Ontario,Orthopedic Surgery,6.136897176973173,2099,1204,105,0.0872093023255814,0.9127906976744186,0.0577407167435086,0.3992702970443007,81,98,High,High,High-Potential Conversion,1,1.9720637485344779,High Priority,Deepen field relationship
HCP_1221,Ontario,Orthopedic Surgery,6.136897176973173,654,305,60,0.1967213114754098,0.8032786885245902,0.1587852988531956,0.1405044775434708,12,54,Low,Medium,Core / Maintenance,0,0.11172780538813987,Medium Priority,Maintain efficiently
HCP_1222,Ontario,Orthopedic Surgery,6.136897176973173,1104,493,272,0.5517241379310345,0.4482758620689655,0.0586702457885499,0.3034717194829295,23,62,Low,Medium,High-Value Established,4,0.00032679924213453726,Low Priority,Retain and deepen
HCP_1223,Ontario,Orthopedic Surgery,6.136897176973173,1237,765,305,0.3986928104575163,0.6013071895424836,0.2969373412517315,0.3678122067175026,39,70,Medium,High,Core / Maintenance,4,0.8029845948883799,High Priority,Digital-led opportunity development
HCP_1224,Ontario,Orthopedic Surgery,6.136897176973173,1145,871,389,0.4466130884041331,0.5533869115958668,-0.122609340015347,0.1324904900157483,13,41,Low,Medium,Core / Maintenance,2,-0.03642860450353358,Low Priority,Maintain efficiently
HCP_1225,Ontario,Orthopedic Surgery,6.136897176973173,929,499,96,0.1923847695390781,0.8076152304609219,-0.0118205078910421,0.3678904941369731,91,98,High,High,Core / Maintenance,3,0.586517290084133,High Priority,Field-led opportunity development
HCP_1226,Ontario,Orthopedic Surgery,6.136897176973173,947,656,292,0.4451219512195122,0.5548780487804879,0.0348177323655259,0.1583185527182034,74,65,High,Medium,Core / Maintenance,0,-0.18527873913996767,Low Priority,Maintain efficiently
HCP_1227,Ontario,Orthopedic Surgery,6.136897176973173,1006,667,44,0.0659670164917541,0.934032983508246,0.1027343228549588,0.3917446278344196,69,78,High,High,High-Potential Conversion,3,1.0044364979597469,High Priority,Deepen field relationship
HCP_1228,Ontario,Orthopedic Surgery,6.136897176973173,941,727,186,0.2558459422283356,0.7441540577716643,0.2021552584523706,0.1484410071331661,61,72,Medium,High,Core / Maintenance,0,0.3415734007481457,Medium Priority,Maintain efficiently
HCP_1229,Ontario,Orthopedic Surgery,6.136897176973173,1389,1012,399,0.3942687747035573,0.6057312252964426,0.0470721719316612,0.3837025386652423,88,46,High,Medium,Core / Maintenance,1,0.6763210096546279,High Priority,Field-led opportunity development
HCP_1230,Ontario,Orthopedic Surgery,6.136897176973173,2148,1346,175,0.1300148588410104,0.8699851411589896,-0.1206675579407448,0.0687406278124362,60,80,Medium,High,Core / Maintenance,1,1.4269279494982112,High Priority,Digital-led opportunity development
HCP_1231,Ontario,Orthopedic Surgery,6.136897176973173,815,540,271,0.5018518518518519,0.4981481481481481,0.1511016675746005,0.2982452040844345,0,51,Low,Medium,Core / Maintenance,4,-0.07898034884215897,Low Priority,Maintain efficiently
HCP_1232,Ontario,Orthopedic Surgery,6.136897176973173,614,466,84,0.1802575107296137,0.8197424892703863,0.1405950519370357,0.2362388968429513,88,17,High,Low,Core / Maintenance,3,0.22566177829857512,Medium Priority,Maintain efficiently
HCP_1233,Ontario,Orthopedic Surgery,6.136897176973173,961,538,220,0.4089219330855018,0.5910780669144982,-0.1830230391255287,0.2172569769929557,65,78,Medium,High,Core / Maintenance,2,-0.015380553228725785,Low Priority,Maintain efficiently
HCP_1234,Ontario,Orthopedic Surgery,6.136897176973173,2444,1297,354,0.2729375481881264,0.7270624518118736,0.049543503959504,0.128223009989544,31,17,Low,Low,Core / Maintenance,1,1.5382845821850113,High Priority,Maintain efficiently
HCP_1235,Ontario,Orthopedic Surgery,6.136897176973173,748,302,114,0.3774834437086092,0.6225165562913908,-0.1408170196816357,0.2969585264217722,12,23,Low,Low,Core / Maintenance,4,-0.04156429293128351,Low Priority,Maintain efficiently
HCP_1236,Ontario,Orthopedic Surgery,6.136897176973173,1759,1285,140,0.1089494163424124,0.8910505836575875,-0.0297581317002474,0.1167833220062074,32,22,Low,Low,Core / Maintenance,1,1.1644896184579725,High Priority,Maintain efficiently
HCP_1237,Ontario,Orthopedic Surgery,6.136897176973173,1783,1284,76,0.0591900311526479,0.940809968847352,-0.0583370712355359,0.2434946285946689,31,11,Low,Low,Core / Maintenance,1,1.471188375999368,High Priority,Maintain efficiently
HCP_1238,Ontario,Orthopedic Surgery,6.136897176973173,816,360,198,0.55,0.4499999999999999,0.1471117637890382,0.1386358770640878,55,22,Medium,Low,Core / Maintenance,0,-0.41285999991655786,Low Priority,Maintain efficiently
HCP_1239,Ontario,Orthopedic Surgery,6.136897176973173,1209,763,151,0.1979030144167758,0.8020969855832241,0.064019620900662,0.3844674829234746,23,20,Low,Low,Core / Maintenance,3,0.8937537467705616,High Priority,Maintain efficiently
HCP_1240,Ontario,Orthopedic Surgery,6.136897176973173,1752,1026,514,0.5009746588693957,0.4990253411306042,-0.1042709200907232,0.0600209178424784,90,63,High,Medium,High-Value Established,1,0.33647874915046505,Medium Priority,Retain and deepen
HCP_1241,Ontario,Orthopedic Surgery,6.136897176973173,868,388,233,0.6005154639175257,0.3994845360824742,0.155607915554881,0.1199048980389328,3,89,Low,High,Core / Maintenance,0,-0.47544475537920916,Low Priority,Maintain efficiently
HCP_1242,Ontario,Orthopedic Surgery,6.136897176973173,923,731,122,0.1668946648426812,0.8331053351573188,-0.1220566988714097,0.1348087122356067,87,71,High,High,Core / Maintenance,2,0.27876317024129793,Medium Priority,Maintain efficiently
HCP_1243,Ontario,Orthopedic Surgery,6.136897176973173,808,393,77,0.1959287531806615,0.8040712468193384,0.0896136548565132,0.1949237390187357,22,93,Low,High,Core / Maintenance,3,0.2585638418471154,Medium Priority,Maintain efficiently
HCP_1244,Ontario,Orthopedic Surgery,6.136897176973173,695,297,123,0.4141414141414141,0.5858585858585859,-0.0476812803149866,0.1314555846545187,28,33,Low,Medium,Core / Maintenance,2,-0.40977712828678947,Low Priority,Maintain efficiently
HCP_1245,Ontario,Orthopedic Surgery,6.136897176973173,789,503,292,0.5805168986083499,0.4194831013916501,0.0061187500963376,0.2219721815940748,97,1,High,Low,Core / Maintenance,4,-0.49590882246094137,Low Priority,Maintain efficiently
HCP_1246,Ontario,Orthopedic Surgery,6.136897176973173,646,449,249,0.5545657015590201,0.4454342984409799,0.110512489764606,0.3553629331404886,20,68,Low,High,Core / Maintenance,4,-0.3042995438307228,Low Priority,Maintain efficiently
HCP_1247,Ontario,Orthopedic Surgery,6.136897176973173,1003,414,135,0.3260869565217391,0.6739130434782609,0.1125739278871434,0.2992221974932098,29,30,Low,Low,Core / Maintenance,3,0.38627935041434047,Medium Priority,Maintain efficiently
HCP_1248,Ontario,Orthopedic Surgery,6.136897176973173,757,502,245,0.4880478087649402,0.5119521912350598,0.2104362888267152,0.2529866931872889,89,96,High,High,Core / Maintenance,4,-0.1043437743037354,Low Priority,Maintain efficiently
HCP_1249,Ontario,Ophthalmology,7.54831703194489,1193,731,91,0.1244870041039671,0.8755129958960328,0.0401295560394256,0.0811511122939378,19,67,Low,High,High-Potential Conversion,2,0.5375108935571585,High Priority,Increase field engagement
HCP_1250,Ontario,Ophthalmology,7.54831703194489,638,282,166,0.5886524822695035,0.4113475177304965,0.0867741035556008,0.2928972379362465,15,69,Low,High,Core / Maintenance,4,-0.49873031247736854,Low Priority,Maintain efficiently
HCP_1251,Ontario,Ophthalmology,7.54831703194489,1234,579,336,0.5803108808290155,0.4196891191709845,-0.0025284786885189,0.1082449995088289,66,86,Medium,High,High-Value Established,1,-0.23826459022263544,Low Priority,Retain and deepen
HCP_1252,Ontario,Ophthalmology,7.54831703194489,1471,923,129,0.1397616468039003,0.8602383531960996,0.0718387859147357,0.3252285850865943,48,18,Medium,Low,High-Potential Conversion,1,1.1755172994272047,High Priority,Build field relationship
HCP_1253,Ontario,Ophthalmology,7.54831703194489,547,284,61,0.2147887323943662,0.7852112676056338,0.1027383257610214,0.1375198654785536,100,71,High,High,Core / Maintenance,0,-0.09799205235692396,Low Priority,Maintain efficiently
HCP_1254,Ontario,Ophthalmology,7.54831703194489,1253,971,102,0.1050463439752832,0.8949536560247168,0.0382028183054748,0.1959670549123153,57,12,Medium,Low,High-Potential Conversion,1,0.8040489031315867,High Priority,Build field relationship
HCP_1255,Ontario,Ophthalmology,7.54831703194489,1689,1229,245,0.1993490642799023,0.8006509357200976,-0.1664500580910995,0.1726645708112748,43,64,Medium,Medium,Core / Maintenance,1,1.011308038084928,High Priority,Maintain efficiently
HCP_1256,Ontario,Ophthalmology,7.54831703194489,720,571,285,0.4991243432574431,0.500875656742557,0.0897765075597074,0.3505848701361999,24,5,Low,Low,Core / Maintenance,4,-0.16151810886095605,Low Priority,Maintain efficiently
HCP_1257,Ontario,Ophthalmology,7.54831703194489,1973,994,257,0.2585513078470824,0.7414486921529175,0.0937473772826548,0.0942905605496928,22,70,Low,High,Core / Maintenance,1,1.115362485305971,High Priority,Digital-led opportunity development
HCP_1258,Ontario,Ophthalmology,7.54831703194489,1273,1003,99,0.098703888334995,0.901296111665005,-0.0316208171617541,0.247975708834676,58,26,Medium,Low,Core / Maintenance,3,0.9132543523021849,High Priority,Maintain efficiently
HCP_1259,Ontario,Ophthalmology,7.54831703194489,859,492,117,0.2378048780487804,0.7621951219512195,-0.1041264443287017,0.0997215633050717,0,78,Low,High,Core / Maintenance,2,0.031406479472758014,Medium Priority,Maintain efficiently
HCP_1260,Ontario,Ophthalmology,7.54831703194489,1078,581,343,0.5903614457831325,0.4096385542168674,0.2271054980604758,0.2966785426462653,96,51,High,Medium,High-Value Established,4,0.09818101400726952,Medium Priority,Retain and deepen
HCP_1261,Ontario,Ophthalmology,7.54831703194489,1336,561,222,0.3957219251336898,0.6042780748663101,0.1089734613073282,0.3667773447280684,14,97,Low,High,Core / Maintenance,1,0.6727786428570268,High Priority,Digital-led opportunity development
HCP_1262,Ontario,Ophthalmology,7.54831703194489,1129,475,132,0.2778947368421052,0.7221052631578948,0.0225102762893948,0.2021126788535387,80,86,High,High,Core / Maintenance,1,0.36947576766666446,Medium Priority,Maintain efficiently
HCP_1263,Ontario,Ophthalmology,7.54831703194489,1327,898,127,0.1414253897550111,0.8585746102449888,-0.0864439459776984,0.2208322910927415,97,47,High,Medium,Core / Maintenance,1,0.8442296668139436,High Priority,Field-led opportunity development
HCP_1264,Ontario,Ophthalmology,7.54831703194489,796,464,275,0.5926724137931034,0.4073275862068966,-0.0486177794105615,0.3745979927689668,80,87,High,High,Core / Maintenance,4,-0.2829162100655168,Low Priority,Maintain efficiently
HCP_1265,Ontario,Ophthalmology,7.54831703194489,1166,572,287,0.5017482517482518,0.4982517482517482,0.2063108476143477,0.232346986027275,51,78,Medium,High,High-Value Established,0,0.22725224743221087,Medium Priority,Retain and deepen
HCP_1266,Ontario,Ophthalmology,7.54831703194489,670,433,89,0.2055427251732101,0.7944572748267898,0.0665194329041655,0.2206594533173463,57,98,Medium,High,Core / Maintenance,3,0.11823565353553354,Medium Priority,Maintain efficiently
HCP_1267,Ontario,Ophthalmology,7.54831703194489,1057,530,47,0.0886792452830188,0.9113207547169812,-0.0160704480400847,0.2524151859465064,40,67,Medium,High,Core / Maintenance,3,0.7310131499004479,High Priority,Digital-led opportunity development
HCP_1268,Ontario,Ophthalmology,7.54831703194489,801,505,41,0.0811881188118811,0.9188118811881189,0.1111627077469587,0.2912304077270332,43,43,Medium,Medium,Core / Maintenance,3,0.6381291123899654,High Priority,Maintain efficiently
HCP_1269,Ontario,Ophthalmology,7.54831703194489,850,462,54,0.1168831168831168,0.8831168831168831,-0.0477277824935588,0.0874091812804609,3,100,Low,High,Core / Maintenance,2,0.23131805569691294,Medium Priority,Maintain efficiently
HCP_1270,Ontario,Ophthalmology,7.54831703194489,1694,1236,457,0.3697411003236246,0.6302588996763754,0.2301011636336454,0.3373886847095306,76,16,High,Low,Core / Maintenance,1,1.1695942067129985,High Priority,Field-led opportunity development
HCP_1271,Ontario,Ophthalmology,7.54831703194489,1610,1173,658,0.5609548167092924,0.4390451832907076,0.212336064187607,0.2024267596086407,67,94,High,High,High-Value Established,1,0.5055246235082804,High Priority,Retain and deepen
HCP_1272,Ontario,Ophthalmology,7.54831703194489,1360,804,260,0.3233830845771144,0.6766169154228856,-0.0059888885443331,0.0753219784641199,6,37,Low,Medium,Core / Maintenance,1,0.31591091775667923,Medium Priority,Maintain efficiently
HCP_1273,Ontario,Ophthalmology,7.54831703194489,750,405,208,0.5135802469135803,0.4864197530864197,-0.0254404296437032,0.3251639342193746,45,9,Medium,Low,Core / Maintenance,4,-0.2528462921062753,Low Priority,Maintain efficiently
HCP_1274,Ontario,Ophthalmology,7.54831703194489,984,536,158,0.2947761194029851,0.7052238805970149,-0.2641759838430735,0.1819324900901952,8,53,Low,Medium,Core / Maintenance,2,0.16804254987991188,Medium Priority,Maintain efficiently
HCP_1275,Ontario,Ophthalmology,7.54831703194489,1680,1213,533,0.4394064303380049,0.560593569661995,-0.1277896925861641,0.0851286232832688,86,90,High,High,Core / Maintenance,1,0.42052463224357917,Medium Priority,Maintain efficiently
HCP_1276,Ontario,Ophthalmology,7.54831703194489,1155,614,278,0.4527687296416938,0.5472312703583062,-0.1107363729949307,0.2718226638401377,32,5,Low,Low,Core / Maintenance,4,0.17076155477522137,Medium Priority,Maintain efficiently
HCP_1277,Ontario,Ophthalmology,7.54831703194489,2475,1197,174,0.1453634085213032,0.8546365914786967,0.0662228409184863,0.3580459737017746,32,5,Low,Low,High-Potential Conversion,1,2.1729487368797877,High Priority,Increase field engagement
HCP_1278,Ontario,Ophthalmology,7.54831703194489,1261,547,136,0.2486288848263254,0.7513711151736746,0.0108519554670368,0.3607137282948952,83,51,High,Medium,Core / Maintenance,3,0.7894237973429846,High Priority,Field-led opportunity development
HCP_1279,Ontario,Ophthalmology,7.54831703194489,1175,689,276,0.4005805515239477,0.5994194484760522,-0.1114402584898289,0.3851822161831406,3,14,Low,Low,Core / Maintenance,4,0.4581335305230253,Medium Priority,Maintain efficiently
HCP_1280,Ontario,Ophthalmology,7.54831703194489,986,585,52,0.0888888888888888,0.9111111111111112,0.0162603149042531,0.3536969109183408,64,67,Medium,High,Emerging Opportunity,3,0.8143580169660602,High Priority,Digital-first nurture
HCP_1281,Ontario,Ophthalmology,7.54831703194489,1152,848,211,0.2488207547169811,0.7511792452830188,0.1106404577176818,0.0507493217709163,33,56,Medium,Medium,Core / Maintenance,0,0.2993440991258073,Medium Priority,Maintain efficiently
HCP_1282,Ontario,Ophthalmology,7.54831703194489,1042,509,175,0.343811394891945,0.656188605108055,0.1133407219898704,0.1830844082446865,90,55,High,Medium,Core / Maintenance,0,0.21712408804076627,Medium Priority,Maintain efficiently
HCP_1283,Ontario,Obstetrics/Gynecology,7.467281576537945,1400,773,462,0.5976714100905562,0.4023285899094437,-0.1779604337030657,0.3364899029669261,84,6,High,Low,High-Value Established,4,0.23136606227377285,Medium Priority,Retain and deepen
HCP_1284,Ontario,Obstetrics/Gynecology,7.467281576537945,1528,1105,344,0.3113122171945701,0.6886877828054299,0.0346083823419403,0.178188552099466,87,50,High,Medium,Core / Maintenance,1,0.6545393228020538,High Priority,Field-led opportunity development
HCP_1285,Ontario,Obstetrics/Gynecology,7.467281576537945,830,605,302,0.4991735537190083,0.5008264462809917,-0.1160008932365932,0.2605419772328972,78,57,High,Medium,Core / Maintenance,4,-0.24585431215306203,Low Priority,Maintain efficiently
HCP_1286,Ontario,Obstetrics/Gynecology,7.467281576537945,686,380,109,0.2868421052631579,0.7131578947368421,0.1582074436568328,0.2622109315810862,98,63,High,Medium,Core / Maintenance,3,0.15525851589814868,Medium Priority,Maintain efficiently
HCP_1287,Ontario,Obstetrics/Gynecology,7.467281576537945,575,336,164,0.4880952380952381,0.5119047619047619,0.1440975699624198,0.177758856413588,63,25,Medium,Low,Core / Maintenance,0,-0.4733526149755188,Low Priority,Maintain efficiently
HCP_1288,Ontario,Obstetrics/Gynecology,7.467281576537945,1306,681,257,0.3773861967694566,0.6226138032305433,-0.057763267158935,0.3665658745484507,24,57,Low,Medium,Core / Maintenance,1,0.5997245971907262,High Priority,Maintain efficiently
HCP_1289,Ontario,Obstetrics/Gynecology,7.467281576537945,743,574,309,0.5383275261324042,0.4616724738675958,-0.0419254242880479,0.2261299208851411,54,30,Medium,Low,Core / Maintenance,4,-0.454690129839073,Low Priority,Maintain efficiently
HCP_1290,Ontario,Obstetrics/Gynecology,7.467281576537945,515,230,63,0.2739130434782608,0.7260869565217392,-0.0053520460597968,0.2126744720781253,8,65,Low,Medium,Core / Maintenance,2,-0.19767936549505644,Low Priority,Maintain efficiently
HCP_1291,Ontario,Obstetrics/Gynecology,7.467281576537945,1252,968,370,0.3822314049586777,0.6177685950413223,-0.2203352073677607,0.3991298109816635,16,91,Low,High,Core / Maintenance,4,0.587572207683331,High Priority,Digital-led opportunity development
HCP_1292,Ontario,Obstetrics/Gynecology,7.467281576537945,2616,1762,699,0.3967082860385925,0.6032917139614076,0.0903161808128691,0.2227251274254158,20,12,Low,Low,Core / Maintenance,1,1.6629132837285396,High Priority,Maintain efficiently
HCP_1293,Ontario,Obstetrics/Gynecology,7.467281576537945,1091,668,187,0.279940119760479,0.7200598802395209,0.0172586544391843,0.1124393881750033,59,17,Medium,Low,Core / Maintenance,2,0.19449515819853244,Medium Priority,Maintain efficiently
HCP_1294,Ontario,Obstetrics/Gynecology,7.467281576537945,1466,606,78,0.1287128712871287,0.8712871287128713,0.1664210099081431,0.2295742980022033,12,93,Low,High,High-Potential Conversion,1,1.1633340534714032,High Priority,Increase field engagement
HCP_1295,Ontario,Obstetrics/Gynecology,7.467281576537945,1125,664,67,0.1009036144578313,0.8990963855421686,-0.0818091061555063,0.3349058574319755,2,74,Low,High,Core / Maintenance,3,0.8972705722611886,High Priority,Digital-led opportunity development
HCP_1296,Ontario,Obstetrics/Gynecology,7.467281576537945,1056,595,35,0.0588235294117647,0.9411764705882352,-0.0242947537899917,0.3219011144143985,67,12,High,Low,Core / Maintenance,3,0.8904048518938923,High Priority,Field-led opportunity development
HCP_1297,Ontario,Obstetrics/Gynecology,7.467281576537945,1508,700,371,0.53,0.47,-0.1307830309646938,0.3260036177879649,3,23,Low,Low,High-Value Established,1,0.446552636743033,Medium Priority,Retain and deepen
HCP_1298,Ontario,Obstetrics/Gynecology,7.467281576537945,987,654,118,0.1804281345565749,0.8195718654434251,-0.0705148676193103,0.2978083243992691,91,56,High,Medium,Core / Maintenance,3,0.5595560101230062,High Priority,Field-led opportunity development
HCP_1299,Ontario,Obstetrics/Gynecology,7.467281576537945,1200,946,157,0.1659619450317124,0.8340380549682875,-0.0918378395281862,0.1389762401733408,6,28,Low,Low,Core / Maintenance,2,0.5531607734260059,High Priority,Maintain efficiently
HCP_1300,Ontario,Obstetrics/Gynecology,7.467281576537945,1223,764,347,0.4541884816753926,0.5458115183246073,0.1695168414615734,0.351729430044081,25,55,Low,Medium,Core / Maintenance,4,0.5056439243709956,High Priority,Maintain efficiently
HCP_1301,Ontario,Obstetrics/Gynecology,7.467281576537945,865,593,134,0.2259696458684654,0.7740303541315345,-0.033791421850167,0.3627052128816928,74,53,High,Medium,Core / Maintenance,3,0.4541253767675564,Medium Priority,Maintain efficiently
HCP_1302,Ontario,Obstetrics/Gynecology,7.467281576537945,1547,661,217,0.3282904689863842,0.6717095310136157,0.0649010821693536,0.1179534438164921,23,4,Low,Low,Core / Maintenance,1,0.5750387447985975,High Priority,Maintain efficiently
HCP_1303,Ontario,Obstetrics/Gynecology,7.467281576537945,1028,583,81,0.1389365351629502,0.8610634648370498,0.0043083915365834,0.0956594727929878,9,34,Low,Medium,High-Potential Conversion,2,0.37347572652037864,Medium Priority,Increase field engagement
HCP_1304,Ontario,Obstetrics/Gynecology,7.467281576537945,839,375,217,0.5786666666666667,0.4213333333333333,-0.1023358319215375,0.3914617390061892,100,18,High,Low,Core / Maintenance,4,-0.18995366695381344,Low Priority,Maintain efficiently
HCP_1305,Ontario,Obstetrics/Gynecology,7.467281576537945,1319,851,441,0.518213866039953,0.481786133960047,0.0298039492194028,0.3539133872776288,12,54,Low,Medium,High-Value Established,4,0.32881262213910456,Medium Priority,Retain and deepen
HCP_1306,Ontario,Obstetrics/Gynecology,7.467281576537945,798,619,325,0.5250403877221325,0.4749596122778675,0.1218923998236313,0.3626326515234813,43,76,Medium,High,Core / Maintenance,4,-0.07788077488225495,Low Priority,Maintain efficiently
HCP_1307,Ontario,Obstetrics/Gynecology,7.467281576537945,1104,734,201,0.273841961852861,0.726158038147139,-0.0949311271052022,0.3602317346185383,38,68,Medium,High,Core / Maintenance,3,0.5903723636029627,High Priority,Digital-led opportunity development
HCP_1308,Ontario,Obstetrics/Gynecology,7.467281576537945,1090,469,220,0.4690831556503198,0.5309168443496801,0.1470935348877654,0.2395903884118049,18,43,Low,Medium,High-Value Established,4,0.15408425412448812,Medium Priority,Retain and deepen
HCP_1309,Ontario,Obstetrics/Gynecology,7.467281576537945,1598,866,112,0.1293302540415704,0.8706697459584296,-0.0519665105773235,0.2762406078330299,50,77,Medium,High,Core / Maintenance,1,1.210726113927523,High Priority,Digital-led opportunity development
HCP_1310,Ontario,Obstetrics/Gynecology,7.467281576537945,1291,801,44,0.0549313358302122,0.9450686641697876,-0.0079580711287408,0.2408769982467746,18,37,Low,Medium,Core / Maintenance,3,1.0020990955095295,High Priority,Maintain efficiently
HCP_1311,Ontario,Obstetrics/Gynecology,7.467281576537945,1084,608,37,0.0608552631578947,0.9391447368421052,0.1136819747612057,0.0679222222166151,75,61,High,Medium,High-Potential Conversion,0,0.6163678597044066,High Priority,Deepen field relationship
HCP_1312,Ontario,Obstetrics/Gynecology,7.467281576537945,1455,1067,398,0.3730084348641049,0.626991565135895,-0.0296123388663385,0.3109260798734704,51,21,Medium,Low,Core / Maintenance,1,0.6677250279353386,High Priority,Maintain efficiently
HCP_1313,Ontario,Obstetrics/Gynecology,7.467281576537945,1778,1291,388,0.3005422153369481,0.6994577846630519,0.0545089831203038,0.2268662116675581,85,72,High,High,Core / Maintenance,1,1.0000806040528305,High Priority,Field-led opportunity development
HCP_1314,Ontario,Obstetrics/Gynecology,7.467281576537945,1329,857,287,0.3348891481913652,0.6651108518086348,0.0122371005454289,0.2766981761765804,46,39,Medium,Medium,Core / Maintenance,1,0.5667504464576275,High Priority,Maintain efficiently
HCP_1315,Ontario,Obstetrics/Gynecology,7.467281576537945,1097,603,33,0.0547263681592039,0.945273631840796,0.0655241608044582,0.2259239317414373,100,25,High,Low,High-Potential Conversion,3,0.8187470111778716,High Priority,Deepen field relationship
HCP_1316,Ontario,Obstetrics/Gynecology,7.467281576537945,691,347,98,0.2824207492795389,0.717579250720461,-0.2356886926628196,0.2221339628128595,29,4,Low,Low,Core / Maintenance,2,-0.030196208657721255,Low Priority,Maintain efficiently
HCP_1317,Ontario,Obstetrics/Gynecology,7.467281576537945,753,333,148,0.4444444444444444,0.5555555555555556,-0.1695618178249699,0.1101261883172184,45,92,Medium,High,Core / Maintenance,2,-0.4429110480707097,Low Priority,Maintain efficiently
HCP_1318,Ontario,Obstetrics/Gynecology,7.467281576537945,982,532,156,0.2932330827067669,0.7067669172932332,0.1239160407256205,0.1475498002994021,75,53,High,Medium,Core / Maintenance,0,0.2139627909693737,Medium Priority,Maintain efficiently
HCP_1319,Ontario,Obstetrics/Gynecology,7.467281576537945,883,499,226,0.4529058116232465,0.5470941883767535,0.174461768677886,0.1055984421803845,92,85,High,High,Core / Maintenance,0,-0.18232113229738972,Low Priority,Maintain efficiently
HCP_1320,Ontario,Obstetrics/Gynecology,7.467281576537945,1024,686,122,0.1778425655976676,0.8221574344023324,-0.0592584044237825,0.1184832034688698,20,48,Low,Medium,Core / Maintenance,2,0.33083488816762924,Medium Priority,Maintain efficiently
HCP_1321,Ontario,Obstetrics/Gynecology,7.467281576537945,1115,740,368,0.4972972972972973,0.5027027027027027,0.0207165977394638,0.3905420831471067,74,2,High,Low,High-Value Established,4,0.2268774546039993,Medium Priority,Retain and deepen
HCP_1322,Ontario,Obstetrics/Gynecology,7.467281576537945,1316,563,210,0.3730017761989342,0.6269982238010657,0.0853663103482761,0.1035897060202694,100,91,High,High,Core / Maintenance,1,0.2723560180138045,Medium Priority,Maintain efficiently
HCP_1323,Ontario,Obstetrics/Gynecology,7.467281576537945,1066,595,99,0.1663865546218487,0.8336134453781513,0.1331861121990445,0.1442446485068226,47,37,Medium,Medium,High-Potential Conversion,0,0.5392720820467759,High Priority,Build field relationship
HCP_1324,Ontario,Obstetrics/Gynecology,7.467281576537945,1296,613,110,0.1794453507340946,0.8205546492659054,-0.1933212726005018,0.2567063802085048,61,13,Medium,Low,Core / Maintenance,1,0.7968746240171268,High Priority,Maintain efficiently
HCP_1325,Ontario,Obstetrics/Gynecology,7.467281576537945,1118,517,204,0.3945841392649903,0.6054158607350097,-0.0563248296374052,0.2635625016828247,57,46,Medium,Medium,Core / Maintenance,4,0.23203006655655023,Medium Priority,Maintain efficiently
HCP_1326,Ontario,Obstetrics/Gynecology,7.467281576537945,547,400,203,0.5075,0.4925,0.010090474418015,0.1038909454103401,17,13,Low,Low,Core / Maintenance,2,-0.7687756147466811,Low Priority,Maintain efficiently
HCP_1327,Ontario,Obstetrics/Gynecology,7.467281576537945,787,328,91,0.2774390243902439,0.7225609756097561,0.1343768236683259,0.3278010990248243,58,74,Medium,High,Core / Maintenance,3,0.3394046835249397,Medium Priority,Maintain efficiently
HCP_1328,Ontario,Obstetrics/Gynecology,7.467281576537945,1039,590,113,0.1915254237288135,0.8084745762711865,0.3498116580465794,0.3248210037694887,90,72,High,High,Core / Maintenance,3,1.0015666368572727,High Priority,Field-led opportunity development
HCP_1329,Ontario,Obstetrics/Gynecology,7.467281576537945,716,335,176,0.5253731343283582,0.4746268656716418,0.0226393127828338,0.1330611964713619,100,37,High,Medium,Core / Maintenance,4,-0.5960242893291715,Low Priority,Maintain efficiently
HCP_1330,Ontario,Obstetrics/Gynecology,7.467281576537945,1348,1013,424,0.4185587364264561,0.581441263573544,-0.1188372954524786,0.1510332059364111,47,63,Medium,Medium,Core / Maintenance,1,0.23930425115669857,Medium Priority,Maintain efficiently
HCP_1331,Ontario,Obstetrics/Gynecology,7.467281576537945,1868,1163,345,0.29664660361135,0.70335339638865,0.0982721692641557,0.3782957529108239,62,43,Medium,Medium,Core / Maintenance,1,1.374656802344358,High Priority,Maintain efficiently
HCP_1332,Ontario,Obstetrics/Gynecology,7.467281576537945,1675,825,263,0.3187878787878788,0.6812121212121212,0.2085194947448851,0.3389850060928173,11,69,Low,High,Core / Maintenance,1,1.2230457735581157,High Priority,Digital-led opportunity development
HCP_1333,Ontario,Obstetrics/Gynecology,7.467281576537945,1014,609,99,0.1625615763546798,0.8374384236453202,0.0629616945175401,0.2942289615718834,86,64,High,Medium,High-Potential Conversion,3,0.6358453041979601,High Priority,Deepen field relationship
HCP_1334,Ontario,Obstetrics/Gynecology,7.467281576537945,1842,1276,504,0.3949843260188088,0.6050156739811912,-0.0587978254185151,0.0787816275287102,33,24,Medium,Low,Core / Maintenance,1,0.6502021526889791,High Priority,Maintain efficiently
HCP_1335,Ontario,Obstetrics/Gynecology,7.467281576537945,1151,902,223,0.2472283813747228,0.7527716186252772,0.1649592729776022,0.1963924283159015,60,15,Medium,Low,Core / Maintenance,0,0.5862805298477527,High Priority,Maintain efficiently
HCP_1336,Ontario,Obstetrics/Gynecology,7.467281576537945,971,474,283,0.5970464135021097,0.4029535864978902,0.1296254742198122,0.2457556552268894,86,14,High,Low,Core / Maintenance,4,-0.21269539011912106,Low Priority,Maintain efficiently
HCP_1337,Ontario,Obstetrics/Gynecology,7.467281576537945,882,665,209,0.3142857142857143,0.6857142857142857,-0.0731297013034749,0.1155939507943219,52,97,Medium,High,Core / Maintenance,2,-0.06625394942404611,Low Priority,Maintain efficiently
HCP_1338,Ontario,Obstetrics/Gynecology,7.467281576537945,983,761,241,0.316688567674113,0.683311432325887,0.095771074104121,0.2068793037378786,24,80,Low,High,Core / Maintenance,0,0.22557914272466217,Medium Priority,Maintain efficiently
HCP_1339,Ontario,Obstetrics/Gynecology,7.467281576537945,954,731,264,0.3611491108071135,0.6388508891928865,0.1696718681190647,0.2603590571210415,61,2,Medium,Low,Core / Maintenance,0,0.2846871770002557,Medium Priority,Maintain efficiently
HCP_1340,Ontario,Obstetrics/Gynecology,7.467281576537945,1160,759,421,0.5546772068511199,0.4453227931488801,0.1918268051070672,0.1645818380403897,3,66,Low,Medium,High-Value Established,0,0.0027082465497389324,Low Priority,Retain and deepen
HCP_1341,Ontario,Obstetrics/Gynecology,7.467281576537945,1156,754,370,0.4907161803713528,0.5092838196286472,0.0420261229628652,0.3233306866326705,93,36,High,Medium,High-Value Established,4,0.17778289328799315,Medium Priority,Retain and deepen
HCP_1342,Ontario,Obstetrics/Gynecology,7.467281576537945,1094,614,183,0.2980456026058632,0.7019543973941368,0.0070304664584817,0.3441573535735819,93,80,High,High,Core / Maintenance,3,0.5111827915446499,High Priority,Field-led opportunity development
HCP_1343,Ontario,Obstetrics/Gynecology,7.467281576537945,1274,893,398,0.4456886898096304,0.5543113101903696,0.1972728586497515,0.1632633143019247,12,54,Low,Medium,Core / Maintenance,0,0.3216517114362423,Medium Priority,Maintain efficiently
HCP_1344,Ontario,Obstetrics/Gynecology,7.467281576537945,1658,1016,378,0.3720472440944882,0.6279527559055118,-0.0952192603577062,0.34353000407236,41,37,Medium,Medium,Core / Maintenance,1,0.9136919851706415,High Priority,Maintain efficiently
HCP_1345,Ontario,Obstetrics/Gynecology,7.467281576537945,1524,1023,328,0.3206256109481916,0.6793743890518085,0.1026295149105206,0.0862517981360552,48,62,Medium,Medium,Core / Maintenance,1,0.5657821805494629,High Priority,Maintain efficiently
HCP_1346,Ontario,Obstetrics/Gynecology,7.467281576537945,650,371,58,0.1563342318059299,0.84366576819407,-0.1144031952837315,0.3432051845179297,77,0,High,Low,Core / Maintenance,3,0.34884117645852275,Medium Priority,Maintain efficiently
HCP_1347,Ontario,Obstetrics/Gynecology,7.467281576537945,447,310,95,0.3064516129032258,0.6935483870967742,0.1778451526711523,0.1034626510836658,55,70,Medium,High,Core / Maintenance,0,-0.3257104475552518,Low Priority,Maintain efficiently
HCP_1348,Ontario,Obstetrics/Gynecology,7.467281576537945,1516,1106,205,0.1853526220614828,0.8146473779385172,0.0190345381266606,0.0790245033784041,46,89,Medium,High,High-Potential Conversion,1,0.7306646456363117,High Priority,Build field relationship
HCP_1349,Ontario,Obstetrics/Gynecology,7.467281576537945,677,310,171,0.5516129032258065,0.4483870967741935,0.2022299882776963,0.2746213915543539,7,18,Low,Low,Core / Maintenance,4,-0.27817637804094486,Low Priority,Maintain efficiently
HCP_1350,Ontario,Obstetrics/Gynecology,7.467281576537945,1010,741,174,0.2348178137651821,0.7651821862348178,0.1089695307626632,0.215178078014353,54,51,Medium,Medium,Core / Maintenance,3,0.4338354888478598,Medium Priority,Maintain efficiently
HCP_1351,Ontario,Obstetrics/Gynecology,7.467281576537945,726,447,256,0.5727069351230425,0.4272930648769575,-0.0967864276074315,0.3677617101444915,87,29,High,Low,Core / Maintenance,4,-0.3230082626855396,Low Priority,Maintain efficiently
HCP_1352,Ontario,Obstetrics/Gynecology,7.467281576537945,582,429,147,0.3426573426573426,0.6573426573426573,0.2209553278492692,0.1771162186317972,17,54,Low,Medium,Core / Maintenance,0,-0.100688779916213,Low Priority,Maintain efficiently
HCP_1353,Ontario,Obstetrics/Gynecology,7.467281576537945,1321,756,300,0.3968253968253968,0.6031746031746033,0.2361494319713275,0.15050329220317,34,13,Medium,Low,Core / Maintenance,0,0.48690188948607027,High Priority,Maintain efficiently
HCP_1354,Manitoba,Internal Medicine,1.3061224990526088,596,329,115,0.3495440729483283,0.6504559270516717,0.1558743791119058,0.2252572171504694,88,12,High,Low,Core / Maintenance,0,-0.10733977803252347,Low Priority,Maintain efficiently
HCP_1355,Manitoba,Internal Medicine,1.3061224990526088,374,286,35,0.1223776223776223,0.8776223776223776,-0.0413905438043463,0.2095811650190314,80,83,High,High,Core / Maintenance,2,-0.05339349124214135,Low Priority,Maintain efficiently
HCP_1356,Manitoba,Internal Medicine,1.3061224990526088,185,93,24,0.2580645161290322,0.7419354838709677,0.0132783254771109,0.1705498161760159,31,89,Low,High,Core / Maintenance,2,-0.5485099098251767,Low Priority,Maintain efficiently
HCP_1357,Manitoba,Internal Medicine,1.3061224990526088,378,279,29,0.1039426523297491,0.8960573476702509,0.0674512660886911,0.292809454544415,23,26,Low,Low,Core / Maintenance,3,0.13761849993411998,Medium Priority,Maintain efficiently
HCP_1358,Manitoba,Internal Medicine,1.3061224990526088,524,311,122,0.3922829581993569,0.607717041800643,-0.0344452479197719,0.3158466418698679,6,88,Low,High,Core / Maintenance,4,-0.2564231167982245,Low Priority,Maintain efficiently
HCP_1359,Manitoba,Internal Medicine,1.3061224990526088,272,165,49,0.296969696969697,0.703030303030303,0.2530815886955845,0.3485443891605478,12,8,Low,Low,Core / Maintenance,3,-0.016510139634201892,Low Priority,Maintain efficiently
HCP_1360,Manitoba,Internal Medicine,1.3061224990526088,487,255,122,0.4784313725490196,0.5215686274509803,0.0673191766071244,0.39049981164862,90,40,High,Medium,Core / Maintenance,4,-0.31424259973452884,Low Priority,Maintain efficiently
HCP_1361,Manitoba,Internal Medicine,1.3061224990526088,455,286,49,0.1713286713286713,0.8286713286713286,-0.2744017656528829,0.1433296672463765,68,47,High,Medium,Core / Maintenance,2,-0.1668485332324734,Low Priority,Maintain efficiently
HCP_1362,Manitoba,Internal Medicine,1.3061224990526088,560,297,42,0.1414141414141414,0.8585858585858586,0.0907226975307464,0.3006327188714865,99,11,High,Low,Core / Maintenance,3,0.2824388956574467,Medium Priority,Maintain efficiently
HCP_1363,Manitoba,Cardiology,1.2041410694243184,458,190,52,0.2736842105263158,0.7263157894736842,0.0082211123819224,0.1879903824235108,89,9,High,Low,Core / Maintenance,2,-0.2891163147900164,Low Priority,Maintain efficiently
HCP_1364,Manitoba,Cardiology,1.2041410694243184,312,159,89,0.559748427672956,0.440251572327044,0.0410088132657862,0.2869786901828878,41,5,Medium,Low,Core / Maintenance,4,-0.8180724890772549,Low Priority,Maintain efficiently
HCP_1365,Manitoba,Cardiology,1.2041410694243184,667,269,119,0.4423791821561338,0.5576208178438662,0.005765676105716,0.2165935916222271,30,33,Low,Medium,Core / Maintenance,4,-0.36193677390396095,Low Priority,Maintain efficiently
HCP_1366,Manitoba,Gastroenterology,1.0953551511359136,396,313,88,0.2811501597444089,0.7188498402555911,0.1468455699928024,0.397820585968776,73,51,High,Medium,Core / Maintenance,3,0.0767277379157994,Medium Priority,Maintain efficiently
HCP_1367,Manitoba,Neurology,2.371609291302853,610,480,161,0.3354166666666666,0.6645833333333333,0.1843625334264057,0.3051157475267624,25,40,Low,Medium,Core / Maintenance,3,0.08728841164737482,Medium Priority,Maintain efficiently
HCP_1368,Manitoba,Neurology,2.371609291302853,444,248,24,0.0967741935483871,0.9032258064516128,0.0839663794710384,0.3833719551520136,85,82,High,High,Emerging Opportunity,3,0.3706399377745154,Medium Priority,Digital-first nurture
HCP_1369,Manitoba,Neurology,2.371609291302853,527,364,215,0.5906593406593407,0.4093406593406593,0.0092826575434209,0.342239342318415,75,5,High,Low,Core / Maintenance,4,-0.5864026637476198,Low Priority,Maintain efficiently
HCP_1370,Manitoba,Psychiatry,1.1935934437867612,321,173,72,0.4161849710982659,0.5838150289017341,0.0450395354228995,0.3660153539071799,31,1,Low,Low,Core / Maintenance,4,-0.4209545440154542,Low Priority,Maintain efficiently
HCP_1371,Manitoba,Psychiatry,1.1935934437867612,411,275,57,0.2072727272727272,0.7927272727272727,0.0523519539893154,0.3350467190251362,90,14,High,Low,Core / Maintenance,3,0.020303350945159476,Low Priority,Maintain efficiently
HCP_1372,Manitoba,Psychiatry,1.1935934437867612,796,575,214,0.3721739130434782,0.6278260869565218,-0.0462916047837804,0.210705695631569,96,16,High,Low,Core / Maintenance,2,-0.11489485017418848,Low Priority,Maintain efficiently
HCP_1373,Manitoba,Psychiatry,1.1935934437867612,270,210,23,0.1095238095238095,0.8904761904761904,0.1194714378285481,0.1381259586714095,51,15,Medium,Low,Core / Maintenance,0,-0.14539864401406202,Low Priority,Maintain efficiently
HCP_1374,Manitoba,Psychiatry,1.1935934437867612,248,139,81,0.5827338129496403,0.4172661870503596,0.1052050788632559,0.1796120614076827,19,27,Low,Low,Core / Maintenance,4,-1.0102183568677825,Low Priority,Maintain efficiently
HCP_1375,Manitoba,Psychiatry,1.1935934437867612,731,521,76,0.145873320537428,0.8541266794625719,0.2348529487732008,0.0570826814239826,39,84,Medium,High,Core / Maintenance,0,0.24889296640256914,Medium Priority,Maintain efficiently
HCP_1376,Manitoba,Psychiatry,1.1935934437867612,406,206,84,0.4077669902912621,0.5922330097087378,0.200641973634617,0.2333976086126335,58,71,Medium,High,Core / Maintenance,0,-0.33252018833448893,Low Priority,Maintain efficiently
HCP_1377,Manitoba,Psychiatry,1.1935934437867612,346,275,51,0.1854545454545454,0.8145454545454546,-0.0322809901108156,0.2267702300946431,76,9,High,Low,Core / Maintenance,3,-0.17295668381894225,Low Priority,Maintain efficiently
HCP_1378,Manitoba,Psychiatry,1.1935934437867612,629,258,115,0.4457364341085271,0.5542635658914729,0.1484358049410757,0.2338376626906709,13,9,Low,Low,Core / Maintenance,4,-0.25241910796504674,Low Priority,Maintain efficiently
HCP_1379,Manitoba,Psychiatry,1.1935934437867612,354,227,108,0.4757709251101321,0.5242290748898679,-0.0641144059713366,0.3909109287402224,43,9,Medium,Low,Core / Maintenance,4,-0.46400425043232285,Low Priority,Maintain efficiently
HCP_1380,Manitoba,Psychiatry,1.1935934437867612,828,550,231,0.42,0.5800000000000001,0.1335118521129019,0.3690089012091938,85,72,High,High,Core / Maintenance,4,0.17195179716389158,Medium Priority,Maintain efficiently
HCP_1381,Manitoba,Psychiatry,1.1935934437867612,554,374,145,0.3877005347593583,0.6122994652406417,-0.0119937038512129,0.1065994724155378,81,27,High,Low,Core / Maintenance,2,-0.5330383989442646,Low Priority,Maintain efficiently
HCP_1382,Manitoba,Psychiatry,1.1935934437867612,368,165,89,0.5393939393939394,0.4606060606060606,-0.0727903868050701,0.1791088825445612,47,23,Medium,Low,Core / Maintenance,4,-0.8879065628717616,Low Priority,Maintain efficiently
HCP_1383,Manitoba,Psychiatry,1.1935934437867612,930,721,67,0.0929264909847434,0.9070735090152566,0.0836054411236885,0.1983846628121416,92,18,High,Low,Core / Maintenance,3,0.5671529058077724,High Priority,Field-led opportunity development
HCP_1384,Manitoba,Pediatrics,3.06374961333992,566,267,62,0.2322097378277153,0.7677902621722846,-0.2709480553784968,0.1761865212480767,42,96,Medium,High,Core / Maintenance,2,-0.12509570687642674,Low Priority,Maintain efficiently
HCP_1385,Manitoba,Pediatrics,3.06374961333992,908,589,110,0.1867572156196944,0.8132427843803056,-0.1601170689286273,0.3294735872613696,15,67,Low,High,Core / Maintenance,3,0.5192260664596635,High Priority,Digital-led opportunity development
HCP_1386,Manitoba,Pediatrics,3.06374961333992,777,380,225,0.5921052631578947,0.4078947368421053,0.028700973947086,0.2334131844536554,34,55,Medium,Medium,Core / Maintenance,4,-0.5120355510713978,Low Priority,Maintain efficiently
HCP_1387,Manitoba,Pediatrics,3.06374961333992,1104,577,152,0.2634315424610052,0.7365684575389948,0.0598930119961811,0.2502349359400688,52,66,Medium,Medium,Core / Maintenance,3,0.4632223147262061,Medium Priority,Maintain efficiently
HCP_1388,Manitoba,Pediatrics,3.06374961333992,1209,748,339,0.4532085561497326,0.5467914438502675,0.0056817475810173,0.3485547456457739,33,41,Medium,Medium,Core / Maintenance,4,0.3370388874615342,Medium Priority,Maintain efficiently
HCP_1389,Manitoba,Pediatrics,3.06374961333992,708,401,171,0.42643391521197,0.57356608478803,-0.1395323558461118,0.3320748536953755,2,11,Low,Low,Core / Maintenance,4,-0.119235539274919,Low Priority,Maintain efficiently
HCP_1390,Manitoba,Pediatrics,3.06374961333992,538,250,42,0.168,0.832,-0.0481470210566206,0.0962740329871049,67,17,High,Low,Core / Maintenance,2,-0.15140571190984203,Low Priority,Maintain efficiently
HCP_1391,Manitoba,Pediatrics,3.06374961333992,822,385,70,0.1818181818181818,0.8181818181818181,0.0969451192684872,0.299870104429272,4,22,Low,Low,Core / Maintenance,3,0.46499107073579227,Medium Priority,Maintain efficiently
HCP_1392,Manitoba,Pediatrics,3.06374961333992,552,313,64,0.2044728434504792,0.7955271565495208,0.1198138124754035,0.2024026451157124,9,83,Low,High,Core / Maintenance,0,0.044415327303668865,Medium Priority,Maintain efficiently
HCP_1393,Manitoba,Pediatrics,3.06374961333992,1417,996,275,0.2761044176706827,0.7238955823293173,0.048053225888487,0.1531271160718751,51,5,Medium,Low,Core / Maintenance,1,0.5802327929010014,High Priority,Maintain efficiently
HCP_1394,Manitoba,Dermatology,1.327954651735298,484,367,66,0.1798365122615803,0.8201634877384196,0.1888200537244386,0.0675065873157652,28,52,Low,Medium,Core / Maintenance,0,-0.09296212833170231,Low Priority,Maintain efficiently
HCP_1395,Manitoba,Dermatology,1.327954651735298,406,176,11,0.0625,0.9375,0.0976876428151081,0.2205373461209078,95,97,High,High,Core / Maintenance,3,0.170791471418951,Medium Priority,Maintain efficiently
HCP_1396,Manitoba,General Surgery,1.7558834879175709,565,315,168,0.5333333333333333,0.4666666666666667,-0.0396946784749854,0.174402838253586,30,41,Low,Medium,Core / Maintenance,4,-0.694135511392989,Low Priority,Maintain efficiently
HCP_1397,Manitoba,General Surgery,1.7558834879175709,331,146,85,0.5821917808219178,0.4178082191780822,0.0163397535906059,0.1380295638867403,65,65,Medium,Medium,Core / Maintenance,4,-1.065506477739572,Low Priority,Maintain efficiently
HCP_1398,Manitoba,General Surgery,1.7558834879175709,377,153,36,0.2352941176470588,0.7647058823529411,-0.1183439388649425,0.2931351053589351,75,29,High,Low,Core / Maintenance,3,-0.13711396631900766,Low Priority,Maintain efficiently
HCP_1399,Manitoba,General Surgery,1.7558834879175709,807,536,127,0.2369402985074626,0.7630597014925373,0.0370233211530299,0.3193198855604555,90,8,High,Low,Core / Maintenance,3,0.31262845395260414,Medium Priority,Maintain efficiently
HCP_1400,Manitoba,General Surgery,1.7558834879175709,421,270,15,0.0555555555555555,0.9444444444444444,0.1834520743065606,0.1356763316602987,68,90,High,High,Core / Maintenance,0,0.17557250542086833,Medium Priority,Maintain efficiently
HCP_1401,Manitoba,General Surgery,1.7558834879175709,367,171,73,0.4269005847953216,0.5730994152046784,0.1322348101653161,0.0673066028377715,36,41,Medium,Medium,Core / Maintenance,0,-0.7387490766566629,Low Priority,Maintain efficiently
HCP_1402,Manitoba,Urology,1.2410405166690923,538,266,134,0.5037593984962406,0.4962406015037593,0.2182411191102946,0.3470634451978323,26,33,Low,Medium,Core / Maintenance,4,-0.19372492619721424,Low Priority,Maintain efficiently
HCP_1403,Manitoba,Urology,1.2410405166690923,675,276,36,0.1304347826086956,0.8695652173913043,0.0136537707441208,0.0534859094215061,86,39,High,Medium,Core / Maintenance,2,-0.013341914032304142,Low Priority,Maintain efficiently
HCP_1404,Manitoba,Orthopedic Surgery,1.123980204818852,545,400,55,0.1375,0.8625,0.2115319753417109,0.3779893728725152,32,87,Low,High,Emerging Opportunity,3,0.5389381086091951,High Priority,Digital-first nurture
HCP_1405,Manitoba,Orthopedic Surgery,1.123980204818852,601,475,230,0.4842105263157895,0.5157894736842106,0.0268034928262436,0.269666955893947,67,16,High,Low,Core / Maintenance,4,-0.4242924026660367,Low Priority,Maintain efficiently
HCP_1406,Manitoba,Orthopedic Surgery,1.123980204818852,325,148,58,0.3918918918918919,0.6081081081081081,0.2265902099083873,0.1626463223204621,58,28,Medium,Low,Core / Maintenance,0,-0.45513081800070904,Low Priority,Maintain efficiently
HCP_1407,Manitoba,Orthopedic Surgery,1.123980204818852,258,127,9,0.0708661417322834,0.9291338582677166,0.0473771903069451,0.1362672683518576,63,99,Medium,High,Core / Maintenance,2,-0.1751460665271588,Low Priority,Maintain efficiently
HCP_1408,Manitoba,Orthopedic Surgery,1.123980204818852,717,536,210,0.3917910447761194,0.6082089552238805,0.1348677648565132,0.0531519824925663,84,49,High,Medium,Core / Maintenance,0,-0.3542624438092572,Low Priority,Maintain efficiently
HCP_1409,Manitoba,Ophthalmology,1.1351106702148204,381,294,65,0.2210884353741496,0.7789115646258503,0.2270134837171826,0.132414995953807,87,75,High,High,Core / Maintenance,0,-0.1254278271054249,Low Priority,Maintain efficiently
HCP_1410,Manitoba,Ophthalmology,1.1351106702148204,390,221,56,0.253393665158371,0.746606334841629,0.0267886845702553,0.0982049055309993,43,94,Medium,High,Core / Maintenance,2,-0.4511775533756017,Low Priority,Maintain efficiently
HCP_1411,Manitoba,Ophthalmology,1.1351106702148204,678,285,135,0.4736842105263157,0.5263157894736843,0.0762066785053009,0.264258177253101,94,48,High,Medium,Core / Maintenance,4,-0.3002786971342027,Low Priority,Maintain efficiently
HCP_1412,Manitoba,Obstetrics/Gynecology,1.6961018856760066,633,263,130,0.494296577946768,0.5057034220532319,0.2046636110247562,0.1082909560078304,87,72,High,High,Core / Maintenance,0,-0.4595556856453271,Low Priority,Maintain efficiently
HCP_1413,Manitoba,Obstetrics/Gynecology,1.6961018856760066,611,385,104,0.2701298701298701,0.7298701298701299,0.0340396203283923,0.2350204431378167,48,60,Medium,Medium,Core / Maintenance,3,-0.06471241515001733,Low Priority,Maintain efficiently
HCP_1414,Manitoba,Obstetrics/Gynecology,1.6961018856760066,1111,619,353,0.5702746365105008,0.4297253634894992,-0.1085070739007393,0.2565407478205648,52,82,Medium,High,High-Value Established,4,-0.11512418856774917,Low Priority,Retain and deepen
HCP_1415,Manitoba,Obstetrics/Gynecology,1.6961018856760066,416,171,47,0.2748538011695906,0.7251461988304093,0.3071608465501891,0.1543145944214201,73,45,High,Medium,Core / Maintenance,0,-0.06201750020357176,Low Priority,Maintain efficiently
HCP_1416,Manitoba,Obstetrics/Gynecology,1.6961018856760066,721,457,217,0.474835886214442,0.525164113785558,-0.0063717357204564,0.0622727321565515,48,45,Medium,Medium,Core / Maintenance,2,-0.6025754129934817,Low Priority,Maintain efficiently
HCP_1417,Manitoba,Obstetrics/Gynecology,1.6961018856760066,531,215,68,0.3162790697674418,0.6837209302325582,0.0690507261125051,0.0630388582149686,65,16,Medium,Low,Core / Maintenance,0,-0.4568548546865774,Low Priority,Maintain efficiently
HCP_1418,Manitoba,Obstetrics/Gynecology,1.6961018856760066,572,409,222,0.5427872860635696,0.4572127139364303,0.1887208003341352,0.0592215662678711,94,65,High,Medium,Core / Maintenance,0,-0.7023789703704334,Low Priority,Maintain efficiently
HCP_1419,Saskatchewan,Internal Medicine,0.6837912844846532,565,295,162,0.5491525423728814,0.4508474576271186,-0.0230192684477442,0.3086936334977912,62,4,Medium,Low,Core / Maintenance,4,-0.5222739099456184,Low Priority,Maintain efficiently
HCP_1420,Saskatchewan,Internal Medicine,0.6837912844846532,395,164,16,0.0975609756097561,0.902439024390244,-0.0709441495866556,0.1613033966850043,24,53,Low,Medium,Core / Maintenance,2,-0.059063842266340594,Low Priority,Maintain efficiently
HCP_1421,Saskatchewan,Internal Medicine,0.6837912844846532,399,254,144,0.5669291338582677,0.4330708661417323,0.0804484756129799,0.3287050650886823,3,15,Low,Low,Core / Maintenance,4,-0.6417636591207421,Low Priority,Maintain efficiently
HCP_1422,Saskatchewan,Internal Medicine,0.6837912844846532,481,269,136,0.5055762081784386,0.4944237918215614,-0.1651691677494867,0.2011064883449972,50,80,Medium,High,Core / Maintenance,2,-0.6827195807492635,Low Priority,Maintain efficiently
HCP_1423,Saskatchewan,Internal Medicine,0.6837912844846532,291,230,112,0.4869565217391304,0.5130434782608695,0.0154512707758495,0.2085493352904873,10,90,Low,High,Core / Maintenance,4,-0.8193102771865924,Low Priority,Maintain efficiently
HCP_1424,Saskatchewan,Internal Medicine,0.6837912844846532,247,153,25,0.1633986928104575,0.8366013071895425,0.0794046397178487,0.2295089108783508,16,6,Low,Low,Core / Maintenance,3,-0.1804213952990021,Low Priority,Maintain efficiently
HCP_1425,Saskatchewan,Internal Medicine,0.6837912844846532,229,117,58,0.4957264957264957,0.5042735042735043,0.0176057723809803,0.2995610097312864,65,7,Medium,Low,Core / Maintenance,4,-0.7587981770021406,Low Priority,Maintain efficiently
HCP_1426,Saskatchewan,Internal Medicine,0.6837912844846532,166,114,59,0.5175438596491229,0.4824561403508771,-0.1352141131822896,0.1457260030403974,69,71,High,High,Core / Maintenance,2,-1.0912497048506486,Low Priority,Maintain efficiently
HCP_1427,Saskatchewan,Internal Medicine,0.6837912844846532,679,345,72,0.208695652173913,0.7913043478260869,0.2413013547444814,0.0925555723367344,72,86,High,High,Core / Maintenance,0,0.14204146537597356,Medium Priority,Maintain efficiently
HCP_1428,Saskatchewan,Cardiology,0.9315562904404172,262,200,115,0.575,0.425,0.062424578473901,0.2446200673170115,68,95,High,High,Core / Maintenance,4,-0.9368794935133308,Low Priority,Maintain efficiently
HCP_1429,Saskatchewan,Cardiology,0.9315562904404172,357,196,15,0.0765306122448979,0.923469387755102,0.2217382541314089,0.1644421681349587,83,81,High,High,Core / Maintenance,0,0.16455059280320833,Medium Priority,Maintain efficiently
HCP_1430,Saskatchewan,Cardiology,0.9315562904404172,350,217,29,0.1336405529953917,0.8663594470046083,0.0187956499783466,0.2048719597838131,28,37,Low,Medium,Core / Maintenance,3,-0.1046903015921718,Low Priority,Maintain efficiently
HCP_1431,Saskatchewan,Gastroenterology,0.9214505164864408,428,180,62,0.3444444444444444,0.6555555555555556,-0.0556014378028916,0.2764313479180569,84,53,High,Medium,Core / Maintenance,4,-0.3180835373542173,Low Priority,Maintain efficiently
HCP_1432,Saskatchewan,Neurology,0.9510158147248712,519,296,109,0.3682432432432432,0.6317567567567568,0.0823017104306191,0.2229440093994447,72,75,High,High,Core / Maintenance,4,-0.3097799188955621,Low Priority,Maintain efficiently
HCP_1433,Saskatchewan,Neurology,0.9510158147248712,527,386,156,0.4041450777202072,0.5958549222797928,0.0241055448406136,0.267097585985295,91,14,High,Low,Core / Maintenance,4,-0.3489808745847274,Low Priority,Maintain efficiently
HCP_1434,Saskatchewan,Neurology,0.9510158147248712,318,230,14,0.0608695652173913,0.9391304347826088,-0.0913313749589629,0.2404700007397697,71,91,High,High,Core / Maintenance,3,0.05460383102719346,Medium Priority,Maintain efficiently
HCP_1435,Saskatchewan,Psychiatry,0.7401818460338973,325,159,92,0.5786163522012578,0.4213836477987421,0.2263741110544994,0.3089287301776347,94,49,High,Medium,Core / Maintenance,4,-0.5864322019665126,Low Priority,Maintain efficiently
HCP_1436,Saskatchewan,Psychiatry,0.7401818460338973,380,186,14,0.075268817204301,0.9247311827956988,-0.0246724267472795,0.297077816199067,19,55,Low,Medium,Core / Maintenance,3,0.172158427415708,Medium Priority,Maintain efficiently
HCP_1437,Saskatchewan,Psychiatry,0.7401818460338973,315,229,29,0.1266375545851528,0.8733624454148472,-0.1708319661754682,0.2369664621330167,26,94,Low,High,Core / Maintenance,2,-0.07702834763009835,Low Priority,Maintain efficiently
HCP_1438,Saskatchewan,Psychiatry,0.7401818460338973,604,466,27,0.0579399141630901,0.94206008583691,0.2093799264748799,0.2876160573008974,7,8,Low,Low,Core / Maintenance,3,0.6067902932998465,High Priority,Maintain efficiently
HCP_1439,Saskatchewan,Psychiatry,0.7401818460338973,409,179,65,0.3631284916201117,0.6368715083798883,-0.0105157618975147,0.3557458607954145,84,7,High,Low,Core / Maintenance,4,-0.25239025495875467,Low Priority,Maintain efficiently
HCP_1440,Saskatchewan,Psychiatry,0.7401818460338973,445,258,145,0.562015503875969,0.437984496124031,-0.0229388671138749,0.201294950725859,60,18,Medium,Low,Core / Maintenance,4,-0.8230304471347634,Low Priority,Maintain efficiently
HCP_1441,Saskatchewan,Psychiatry,0.7401818460338973,434,232,97,0.418103448275862,0.5818965517241379,-0.1618465104435968,0.1944670754620778,27,50,Low,Medium,Core / Maintenance,2,-0.5736428451315603,Low Priority,Maintain efficiently
HCP_1442,Saskatchewan,Psychiatry,0.7401818460338973,519,388,195,0.5025773195876289,0.4974226804123711,0.2589129783916389,0.317485967298333,86,71,High,High,Core / Maintenance,4,-0.20452580591647423,Low Priority,Maintain efficiently
HCP_1443,Saskatchewan,Pediatrics,1.0,426,185,11,0.0594594594594594,0.9405405405405404,-0.1047376704651624,0.2538938429646979,69,97,High,High,Core / Maintenance,3,0.18126371966588914,Medium Priority,Maintain efficiently
HCP_1444,Saskatchewan,Pediatrics,1.0,254,123,43,0.3495934959349593,0.6504065040650406,0.0570139376846779,0.074852373077906,2,56,Low,Medium,Core / Maintenance,0,-0.7827595213828137,Low Priority,Maintain efficiently
HCP_1445,Saskatchewan,Pediatrics,1.0,460,322,97,0.3012422360248447,0.6987577639751552,0.1595144387048528,0.3622392054918785,68,67,High,High,Core / Maintenance,3,0.06260924465980028,Medium Priority,Maintain efficiently
HCP_1446,Saskatchewan,Pediatrics,1.0,318,134,43,0.3208955223880597,0.6791044776119404,0.1006060319603716,0.060774085783174,72,30,High,Low,Core / Maintenance,0,-0.6352462166367405,Low Priority,Maintain efficiently
HCP_1447,Saskatchewan,Pediatrics,1.0,332,198,18,0.0909090909090909,0.9090909090909092,0.042841482560937,0.3119387246734101,6,2,Low,Low,Core / Maintenance,3,0.11893558882880151,Medium Priority,Maintain efficiently
HCP_1448,Saskatchewan,Pediatrics,1.0,491,283,121,0.4275618374558304,0.5724381625441697,-0.1541999029944899,0.3155779499465095,59,98,Medium,High,Core / Maintenance,4,-0.3548034635401794,Low Priority,Maintain efficiently
HCP_1449,Saskatchewan,Pediatrics,1.0,617,329,108,0.3282674772036474,0.6717325227963526,-0.047166980292074,0.3835888798486757,3,82,Low,High,Core / Maintenance,3,0.05489087519980612,Medium Priority,Maintain efficiently
HCP_1450,Saskatchewan,Dermatology,0.8897301545716532,380,212,100,0.4716981132075472,0.5283018867924528,0.0725360405651026,0.0689470429408122,4,42,Low,Medium,Core / Maintenance,0,-0.8807699217065903,Low Priority,Maintain efficiently
HCP_1451,Saskatchewan,General Surgery,0.8887297812610279,420,257,81,0.3151750972762646,0.6848249027237354,-0.0444608883984395,0.2588999012745718,10,28,Low,Low,Core / Maintenance,2,-0.2971338236965926,Low Priority,Maintain efficiently
HCP_1452,Saskatchewan,General Surgery,0.8887297812610279,684,318,42,0.1320754716981132,0.8679245283018868,0.0744031351998521,0.1997441997194685,14,9,Low,Low,Core / Maintenance,3,0.24787476216545662,Medium Priority,Maintain efficiently
HCP_1453,Saskatchewan,General Surgery,0.8887297812610279,410,258,105,0.4069767441860465,0.5930232558139534,0.131809209057817,0.1657215342008397,63,11,Medium,Low,Core / Maintenance,0,-0.5127894169473528,Low Priority,Maintain efficiently
HCP_1454,Saskatchewan,General Surgery,0.8887297812610279,937,677,98,0.1447562776957164,0.8552437223042836,0.1655003462960121,0.0816114961046755,97,45,High,Medium,Core / Maintenance,0,0.401261609903107,Medium Priority,Maintain efficiently
HCP_1455,Saskatchewan,General Surgery,0.8887297812610279,460,324,172,0.5308641975308642,0.4691358024691358,-0.097141522937522,0.2469289418849582,12,29,Low,Low,Core / Maintenance,4,-0.6816195552477267,Low Priority,Maintain efficiently
HCP_1456,Saskatchewan,General Surgery,0.8887297812610279,204,94,36,0.3829787234042553,0.6170212765957447,0.3135975265974745,0.2176642539861147,6,93,Low,High,Core / Maintenance,0,-0.365975464170831,Low Priority,Maintain efficiently
HCP_1457,Saskatchewan,Urology,0.594721125064646,402,185,25,0.1351351351351351,0.8648648648648649,0.1420975213464956,0.0865940603528584,5,81,Low,High,Core / Maintenance,0,-0.1162713167010568,Low Priority,Maintain efficiently
HCP_1458,Saskatchewan,Orthopedic Surgery,1.0735606936699225,474,240,139,0.5791666666666667,0.4208333333333333,0.0497943015597123,0.2643713274839792,55,87,Medium,High,Core / Maintenance,4,-0.7265939736523019,Low Priority,Maintain efficiently
HCP_1459,Saskatchewan,Orthopedic Surgery,1.0735606936699225,651,354,119,0.3361581920903955,0.6638418079096045,0.1807443899691969,0.3082835920885284,63,31,Medium,Low,Core / Maintenance,3,0.12566409513587595,Medium Priority,Maintain efficiently
HCP_1460,Saskatchewan,Orthopedic Surgery,1.0735606936699225,525,296,27,0.0912162162162162,0.9087837837837838,0.3338489326399968,0.3185474053687769,49,72,Medium,High,Emerging Opportunity,3,0.6666955260420777,High Priority,Digital-first nurture
HCP_1461,Saskatchewan,Orthopedic Surgery,1.0735606936699225,395,265,105,0.3962264150943396,0.6037735849056604,-0.1226464121268243,0.3668806158918496,29,46,Low,Medium,Core / Maintenance,4,-0.3112871972555713,Low Priority,Maintain efficiently
HCP_1462,Saskatchewan,Ophthalmology,1.851278663642935,355,150,28,0.1866666666666666,0.8133333333333334,0.0229684829010375,0.193314759661072,21,87,Low,High,Core / Maintenance,2,-0.21679243362930825,Low Priority,Maintain efficiently
HCP_1463,Saskatchewan,Ophthalmology,1.851278663642935,506,209,103,0.492822966507177,0.507177033492823,-0.2354117991847994,0.3835754690177479,24,62,Low,Medium,Core / Maintenance,4,-0.3608535191263976,Low Priority,Maintain efficiently
HCP_1464,Saskatchewan,Obstetrics/Gynecology,1.0128084581083083,299,166,83,0.5,0.5,0.0731181839177629,0.3529002917789401,27,25,Low,Low,Core / Maintenance,4,-0.5848969074627713,Low Priority,Maintain efficiently
HCP_1465,Saskatchewan,Obstetrics/Gynecology,1.0128084581083083,329,223,131,0.5874439461883408,0.4125560538116591,0.0938473090310169,0.1537755498583786,83,2,High,Low,Core / Maintenance,4,-0.9938078945525598,Low Priority,Maintain efficiently
HCP_1466,Saskatchewan,Obstetrics/Gynecology,1.0128084581083083,495,236,77,0.326271186440678,0.673728813559322,0.0453005461468688,0.1057490630723104,38,22,Medium,Low,Core / Maintenance,2,-0.4751223812121701,Low Priority,Maintain efficiently
HCP_1467,Saskatchewan,Obstetrics/Gynecology,1.0128084581083083,722,474,142,0.2995780590717299,0.70042194092827,-0.0285440285197971,0.2023862886448047,66,74,Medium,High,Core / Maintenance,2,-0.06223905363373943,Low Priority,Maintain efficiently
HCP_1468,Saskatchewan,Obstetrics/Gynecology,1.0128084581083083,462,233,108,0.463519313304721,0.5364806866952789,-0.195941741942599,0.1906645477845883,4,73,Low,High,Core / Maintenance,2,-0.6376971720837086,Low Priority,Maintain efficiently
HCP_1469,Saskatchewan,Obstetrics/Gynecology,1.0128084581083083,265,200,25,0.125,0.875,0.0948240420094122,0.2515017568659215,64,49,Medium,Medium,Core / Maintenance,3,-0.039179928385154786,Low Priority,Maintain efficiently
HCP_1470,Alberta,Internal Medicine,1.4944265118086597,571,433,152,0.3510392609699769,0.6489607390300232,0.224652138069839,0.2541851813147118,14,35,Low,Medium,Core / Maintenance,0,-0.006816167112038071,Low Priority,Maintain efficiently
HCP_1471,Alberta,Internal Medicine,1.4944265118086597,743,386,135,0.349740932642487,0.6502590673575129,-0.0209222146880118,0.3124954445329913,89,12,High,Low,Core / Maintenance,4,0.029037779787492057,Medium Priority,Maintain efficiently
HCP_1472,Alberta,Internal Medicine,1.4944265118086597,395,194,19,0.0979381443298969,0.9020618556701032,0.1028071914827774,0.2284614818719635,66,28,Medium,Low,Core / Maintenance,3,0.11181576038083854,Medium Priority,Maintain efficiently
HCP_1473,Alberta,Internal Medicine,1.4944265118086597,467,264,74,0.2803030303030303,0.7196969696969697,-0.138177317610406,0.0866879243292679,39,37,Medium,Medium,Core / Maintenance,2,-0.44493910646583695,Low Priority,Maintain efficiently
HCP_1474,Alberta,Internal Medicine,1.4944265118086597,492,244,127,0.5204918032786885,0.4795081967213115,0.1048655676431016,0.3504019674435871,97,76,High,High,Core / Maintenance,4,-0.4027621254642649,Low Priority,Maintain efficiently
HCP_1475,Alberta,Internal Medicine,1.4944265118086597,372,249,130,0.5220883534136547,0.4779116465863453,0.0027941242706411,0.1584176041148154,68,89,High,High,Core / Maintenance,4,-0.8826228102577012,Low Priority,Maintain efficiently
HCP_1476,Alberta,Internal Medicine,1.4944265118086597,614,448,47,0.1049107142857142,0.8950892857142857,-0.0414901540723497,0.3899541111073072,94,83,High,High,Core / Maintenance,3,0.4809426710684828,Medium Priority,Maintain efficiently
HCP_1477,Alberta,Internal Medicine,1.4944265118086597,469,314,31,0.0987261146496815,0.9012738853503184,-0.0412436369459356,0.0912510380379195,76,4,High,Low,Core / Maintenance,2,-0.09523110151519346,Low Priority,Maintain efficiently
HCP_1478,Alberta,Internal Medicine,1.4944265118086597,566,413,80,0.1937046004842615,0.8062953995157385,0.0027666101560388,0.3853879102813761,42,19,Medium,Low,Core / Maintenance,3,0.2612046833112391,Medium Priority,Maintain efficiently
HCP_1479,Alberta,Internal Medicine,1.4944265118086597,358,200,106,0.53,0.47,0.0958919978831042,0.0818541324088809,0,77,Low,High,Core / Maintenance,0,-0.9635145826895323,Low Priority,Maintain efficiently
HCP_1480,Alberta,Internal Medicine,1.4944265118086597,420,194,23,0.1185567010309278,0.8814432989690721,-0.1074595841434621,0.1308626482814708,21,13,Low,Low,Core / Maintenance,2,-0.1201338571185277,Low Priority,Maintain efficiently
HCP_1481,Alberta,Internal Medicine,1.4944265118086597,630,438,195,0.4452054794520548,0.5547945205479452,0.0023461602118576,0.0663029797302895,61,7,Medium,Low,Core / Maintenance,2,-0.6284057816681593,Low Priority,Maintain efficiently
HCP_1482,Alberta,Internal Medicine,1.4944265118086597,429,233,25,0.1072961373390558,0.8927038626609443,0.0450233866401022,0.2967896013236482,78,47,High,Medium,Core / Maintenance,3,0.1589658843633738,Medium Priority,Maintain efficiently
HCP_1483,Alberta,Internal Medicine,1.4944265118086597,895,598,235,0.3929765886287625,0.6070234113712374,-0.081884706943823,0.3476045578001271,25,12,Low,Low,Core / Maintenance,4,0.146732542665689,Medium Priority,Maintain efficiently
HCP_1484,Alberta,Internal Medicine,1.4944265118086597,425,216,53,0.2453703703703703,0.7546296296296297,0.265599824201002,0.2019248786355931,17,23,Low,Low,Core / Maintenance,0,0.0227261327054269,Low Priority,Maintain efficiently
HCP_1485,Alberta,Internal Medicine,1.4944265118086597,529,229,111,0.4847161572052402,0.5152838427947598,-0.0524194576073609,0.3749827262648504,47,78,Medium,High,Core / Maintenance,4,-0.3364100752835548,Low Priority,Maintain efficiently
HCP_1486,Alberta,Internal Medicine,1.4944265118086597,678,540,96,0.1777777777777777,0.8222222222222222,-0.0303324296360188,0.2566046751144599,8,64,Low,Medium,Core / Maintenance,3,0.20552218745598733,Medium Priority,Maintain efficiently
HCP_1487,Alberta,Internal Medicine,1.4944265118086597,298,138,55,0.3985507246376811,0.6014492753623188,-0.0673969539786997,0.2705024974062831,0,85,Low,High,Core / Maintenance,4,-0.5535954960486491,Low Priority,Maintain efficiently
HCP_1488,Alberta,Internal Medicine,1.4944265118086597,264,210,38,0.1809523809523809,0.819047619047619,0.2658176104565741,0.3458967205952695,8,33,Low,Medium,Emerging Opportunity,3,0.2052069637072702,Medium Priority,Develop engagement
HCP_1489,Alberta,Internal Medicine,1.4944265118086597,287,227,100,0.4405286343612334,0.5594713656387665,0.1163486274319377,0.1538800717681436,22,50,Low,Medium,Core / Maintenance,0,-0.7307223978173978,Low Priority,Maintain efficiently
HCP_1490,Alberta,Internal Medicine,1.4944265118086597,761,546,290,0.5311355311355311,0.4688644688644688,-0.062391040749237,0.173993002464669,44,2,Medium,Low,Core / Maintenance,4,-0.5021306924247668,Low Priority,Maintain efficiently
HCP_1491,Alberta,Internal Medicine,1.4944265118086597,403,267,32,0.1198501872659176,0.8801498127340824,0.1827477870631962,0.3670831717181255,1,89,Low,High,Emerging Opportunity,3,0.38401128574455573,Medium Priority,Digital-first nurture
HCP_1492,Alberta,Internal Medicine,1.4944265118086597,1197,755,398,0.5271523178807948,0.4728476821192052,0.0740838433146654,0.3653372236135673,13,77,Low,High,High-Value Established,4,0.2475738981400912,Medium Priority,Retain and deepen
HCP_1493,Alberta,Internal Medicine,1.4944265118086597,401,299,113,0.3779264214046823,0.6220735785953178,0.0808704105333802,0.3917689716703048,37,57,Medium,Medium,Core / Maintenance,4,-0.189790651439482,Low Priority,Maintain efficiently
HCP_1494,Alberta,Internal Medicine,1.4944265118086597,522,269,32,0.1189591078066914,0.8810408921933086,0.0086627349497056,0.3656434107545849,39,71,Medium,High,Emerging Opportunity,3,0.32959919408239324,Medium Priority,Digital-first nurture
HCP_1495,Alberta,Internal Medicine,1.4944265118086597,839,493,141,0.2860040567951318,0.7139959432048681,-0.0399299184348367,0.0945802126116763,62,54,Medium,Medium,Core / Maintenance,2,-0.08604503471166344,Low Priority,Maintain efficiently
HCP_1496,Alberta,Internal Medicine,1.4944265118086597,987,639,88,0.137715179968701,0.8622848200312989,0.0905319318865521,0.3383035001479456,81,79,High,High,Emerging Opportunity,3,0.7563395555093118,High Priority,Digital-first nurture
HCP_1497,Alberta,Internal Medicine,1.4944265118086597,1006,568,247,0.4348591549295774,0.5651408450704225,-0.0154104675994708,0.1934434673383579,15,41,Low,Medium,Core / Maintenance,4,-0.05654771472163186,Low Priority,Maintain efficiently
HCP_1498,Alberta,Internal Medicine,1.4944265118086597,746,426,199,0.4671361502347418,0.5328638497652582,0.2680106755490125,0.3967804745810783,92,20,High,Low,Core / Maintenance,4,0.21044844210254998,Medium Priority,Maintain efficiently
HCP_1499,Alberta,Internal Medicine,1.4944265118086597,700,372,40,0.1075268817204301,0.8924731182795699,-0.1023149326291725,0.2152983375150803,74,9,High,Low,Core / Maintenance,2,0.2965863739021284,Medium Priority,Maintain efficiently
HCP_1500,Alberta,Internal Medicine,1.4944265118086597,602,377,124,0.3289124668435013,0.6710875331564987,0.2343388127425934,0.2438426288757772,5,56,Low,Medium,Core / Maintenance,0,0.06084304049550139,Medium Priority,Maintain efficiently
HCP_1501,Alberta,Internal Medicine,1.4944265118086597,642,475,237,0.4989473684210526,0.5010526315789474,0.0366417381442639,0.2354212203398795,2,24,Low,Low,Core / Maintenance,4,-0.4639344094530704,Low Priority,Maintain efficiently
HCP_1502,Alberta,Internal Medicine,1.4944265118086597,403,194,110,0.5670103092783505,0.4329896907216495,0.0858902880825327,0.1626079604503972,13,55,Low,Medium,Core / Maintenance,4,-0.8807308457778069,Low Priority,Maintain efficiently
HCP_1503,Alberta,Internal Medicine,1.4944265118086597,367,284,94,0.3309859154929577,0.6690140845070423,0.1499789319955321,0.0762577311125213,65,37,Medium,Medium,Core / Maintenance,0,-0.5235614166226907,Low Priority,Maintain efficiently
HCP_1504,Alberta,Internal Medicine,1.4944265118086597,488,330,189,0.5727272727272728,0.4272727272727272,-0.0256299154005323,0.3634779306406715,95,85,High,High,Core / Maintenance,4,-0.558360913735494,Low Priority,Maintain efficiently
HCP_1505,Alberta,Internal Medicine,1.4944265118086597,461,336,116,0.3452380952380952,0.6547619047619048,0.1537098061638364,0.3309365343842004,94,60,High,Medium,Core / Maintenance,3,-0.07310665560688448,Low Priority,Maintain efficiently
HCP_1506,Alberta,Internal Medicine,1.4944265118086597,417,260,69,0.2653846153846154,0.7346153846153847,-0.2749052626457413,0.0988343731958842,74,46,High,Medium,Core / Maintenance,2,-0.44678149375051696,Low Priority,Maintain efficiently
HCP_1507,Alberta,Internal Medicine,1.4944265118086597,624,444,229,0.5157657657657657,0.4842342342342343,-0.0363987439866326,0.3218688949725255,85,53,High,Medium,Core / Maintenance,4,-0.3830698636754704,Low Priority,Maintain efficiently
HCP_1508,Alberta,Cardiology,2.1565365846787983,821,334,107,0.3203592814371258,0.6796407185628742,-0.0608875368809278,0.2690463331177135,66,45,Medium,Medium,Core / Maintenance,2,0.09400336987526338,Medium Priority,Maintain efficiently
HCP_1509,Alberta,Cardiology,2.1565365846787983,606,441,137,0.310657596371882,0.6893424036281179,-0.1004207214846113,0.1932003257711678,30,67,Low,High,Core / Maintenance,2,-0.20838736771277636,Low Priority,Maintain efficiently
HCP_1510,Alberta,Cardiology,2.1565365846787983,985,410,131,0.3195121951219512,0.6804878048780487,0.0242054194305258,0.1389074021834469,32,3,Low,Low,Core / Maintenance,2,0.05798018553652132,Medium Priority,Maintain efficiently
HCP_1511,Alberta,Cardiology,2.1565365846787983,394,298,154,0.5167785234899329,0.4832214765100671,0.0962899961818033,0.3509050742257814,87,93,High,High,Core / Maintenance,4,-0.4997492608447004,Low Priority,Maintain efficiently
HCP_1512,Alberta,Cardiology,2.1565365846787983,549,437,222,0.5080091533180778,0.4919908466819221,0.1343191998199167,0.2950658907529186,0,65,Low,Medium,Core / Maintenance,4,-0.3716114733006812,Low Priority,Maintain efficiently
HCP_1513,Alberta,Cardiology,2.1565365846787983,457,237,64,0.270042194092827,0.729957805907173,0.0789052108640489,0.2417089683141979,43,92,Medium,High,Core / Maintenance,3,-0.16100001323483054,Low Priority,Maintain efficiently
HCP_1514,Alberta,Cardiology,2.1565365846787983,306,148,35,0.2364864864864864,0.7635135135135135,-0.0298832157872256,0.2633489868644624,14,42,Low,Medium,Core / Maintenance,3,-0.25234113512677003,Low Priority,Maintain efficiently
HCP_1515,Alberta,Cardiology,2.1565365846787983,571,403,129,0.3200992555831266,0.6799007444168734,0.09428197253902,0.0818731637287633,36,61,Medium,Medium,Core / Maintenance,0,-0.3664916537486034,Low Priority,Maintain efficiently
HCP_1516,Alberta,Cardiology,2.1565365846787983,563,282,103,0.3652482269503546,0.6347517730496454,0.064914283382102,0.2158719163189171,26,99,Low,High,Core / Maintenance,4,-0.2936805022508615,Low Priority,Maintain efficiently
HCP_1517,Alberta,Cardiology,2.1565365846787983,998,745,135,0.1812080536912751,0.8187919463087249,0.1623267401523219,0.1177951024749957,47,84,Medium,High,High-Potential Conversion,0,0.4419181806205862,Medium Priority,Build field relationship
HCP_1518,Alberta,Cardiology,2.1565365846787983,733,323,157,0.4860681114551083,0.5139318885448916,0.143232404351782,0.1229342876530888,26,84,Low,High,Core / Maintenance,0,-0.40094297340032564,Low Priority,Maintain efficiently
HCP_1519,Alberta,Cardiology,2.1565365846787983,410,185,59,0.3189189189189189,0.681081081081081,0.0536571696704754,0.2814563868004033,11,84,Low,High,Core / Maintenance,3,-0.269132813378841,Low Priority,Maintain efficiently
HCP_1520,Alberta,Gastroenterology,0.8346281551845286,699,553,129,0.2332730560578662,0.7667269439421338,-0.0576703607393508,0.3689396531420008,66,3,Medium,Low,Core / Maintenance,3,0.29012755636326515,Medium Priority,Maintain efficiently
HCP_1521,Alberta,Gastroenterology,0.8346281551845286,560,375,41,0.1093333333333333,0.8906666666666667,-0.0283540186998496,0.1913148136674213,29,64,Low,Medium,Core / Maintenance,2,0.12255827825693041,Medium Priority,Maintain efficiently
HCP_1522,Alberta,Gastroenterology,0.8346281551845286,448,331,60,0.1812688821752265,0.8187311178247734,-0.0159747231565639,0.1227122455542666,95,61,High,Medium,Core / Maintenance,2,-0.22319035282516675,Low Priority,Maintain efficiently
HCP_1523,Alberta,Gastroenterology,0.8346281551845286,338,179,102,0.5698324022346368,0.4301675977653632,0.0121680399300493,0.277061428032829,86,89,High,High,Core / Maintenance,4,-0.8268876801283633,Low Priority,Maintain efficiently
HCP_1524,Alberta,Gastroenterology,0.8346281551845286,261,175,38,0.2171428571428571,0.7828571428571429,0.0821660513107704,0.3549154662226112,65,1,Medium,Low,Core / Maintenance,3,-0.07626939951827799,Low Priority,Maintain efficiently
HCP_1525,Alberta,Gastroenterology,0.8346281551845286,321,205,29,0.1414634146341463,0.8585365853658536,0.135820926815367,0.3119115803928718,6,8,Low,Low,Core / Maintenance,3,0.12447845524177827,Medium Priority,Maintain efficiently
HCP_1526,Alberta,Gastroenterology,0.8346281551845286,535,343,104,0.3032069970845481,0.6967930029154519,0.0438657568381546,0.3540650306878055,33,56,Medium,Medium,Core / Maintenance,3,-0.021228017379922998,Low Priority,Maintain efficiently
HCP_1527,Alberta,Gastroenterology,0.8346281551845286,707,476,104,0.2184873949579832,0.7815126050420168,0.0519349745480566,0.2377941348537798,31,44,Low,Medium,Core / Maintenance,3,0.13742894051979085,Medium Priority,Maintain efficiently
HCP_1528,Alberta,Gastroenterology,0.8346281551845286,627,395,27,0.0683544303797468,0.9316455696202532,0.0671967566000004,0.3131566855292168,38,17,Medium,Low,Emerging Opportunity,3,0.4741332771554079,Medium Priority,Develop engagement
HCP_1529,Alberta,Neurology,1.8626189965947395,460,263,60,0.2281368821292775,0.7718631178707225,-0.0119086375758807,0.0990225957756277,95,47,High,Medium,Core / Maintenance,2,-0.3352081297031958,Low Priority,Maintain efficiently
HCP_1530,Alberta,Neurology,1.8626189965947395,369,188,66,0.351063829787234,0.648936170212766,-0.0610470709171547,0.171896115377117,42,41,Medium,Medium,Core / Maintenance,2,-0.5441552681402841,Low Priority,Maintain efficiently
HCP_1531,Alberta,Neurology,1.8626189965947395,574,406,143,0.3522167487684729,0.6477832512315271,-0.1606525476772851,0.1863422075685328,42,40,Medium,Medium,Core / Maintenance,2,-0.327488516007115,Low Priority,Maintain efficiently
HCP_1532,Alberta,Neurology,1.8626189965947395,294,144,35,0.2430555555555555,0.7569444444444444,-0.0334179229692246,0.2289535111861121,77,74,High,High,Core / Maintenance,2,-0.3278419040693344,Low Priority,Maintain efficiently
HCP_1533,Alberta,Neurology,1.8626189965947395,611,414,123,0.2971014492753623,0.7028985507246377,0.1067774543921344,0.3751767260898883,2,88,Low,High,Core / Maintenance,3,0.1706458116634444,Medium Priority,Maintain efficiently
HCP_1534,Alberta,Neurology,1.8626189965947395,518,256,149,0.58203125,0.41796875,-0.034349372564748,0.356003796077761,45,89,Medium,High,Core / Maintenance,4,-0.5581977283301438,Low Priority,Maintain efficiently
HCP_1535,Alberta,Neurology,1.8626189965947395,464,302,78,0.2582781456953642,0.7417218543046358,0.0214631555088872,0.0970839223012146,31,57,Low,Medium,Core / Maintenance,2,-0.39086554706276233,Low Priority,Maintain efficiently
HCP_1536,Alberta,Neurology,1.8626189965947395,312,218,42,0.1926605504587156,0.8073394495412844,0.105971754489478,0.1104763781588621,42,99,Medium,High,Core / Maintenance,0,-0.3190870920918185,Low Priority,Maintain efficiently
HCP_1537,Alberta,Neurology,1.8626189965947395,653,318,58,0.1823899371069182,0.8176100628930818,0.1124827395707202,0.1751741923561189,99,41,High,Medium,Core / Maintenance,0,0.13319337982056084,Medium Priority,Maintain efficiently
HCP_1538,Alberta,Neurology,1.8626189965947395,453,192,58,0.3020833333333333,0.6979166666666667,-0.0795439422599246,0.1517603530617358,80,34,High,Medium,Core / Maintenance,2,-0.4016276835932498,Low Priority,Maintain efficiently
HCP_1539,Alberta,Neurology,1.8626189965947395,362,164,77,0.4695121951219512,0.5304878048780488,0.1696471227744369,0.2651698336046918,2,37,Low,Medium,Core / Maintenance,4,-0.4809155032781079,Low Priority,Maintain efficiently
HCP_1540,Alberta,Neurology,1.8626189965947395,200,128,21,0.1640625,0.8359375,0.1852820107226582,0.3659716167175907,73,66,High,Medium,Emerging Opportunity,3,0.10719643159236669,Medium Priority,Develop engagement
HCP_1541,Alberta,Neurology,1.8626189965947395,541,400,176,0.44,0.56,-0.0855819828662271,0.3868020395854054,62,40,Medium,Medium,Core / Maintenance,4,-0.22316869940364206,Low Priority,Maintain efficiently
HCP_1542,Alberta,Neurology,1.8626189965947395,1015,424,26,0.0613207547169811,0.9386792452830188,-0.0488604243569384,0.2787610333873292,39,98,Medium,High,Core / Maintenance,3,0.7815349629494849,High Priority,Digital-led opportunity development
HCP_1543,Alberta,Neurology,1.8626189965947395,976,677,190,0.2806499261447562,0.7193500738552437,0.192930881977543,0.3433557204903804,17,49,Low,Medium,Core / Maintenance,3,0.6099583049078753,High Priority,Maintain efficiently
HCP_1544,Alberta,Psychiatry,3.4280515497092385,631,339,162,0.4778761061946903,0.5221238938053097,0.0323775774493639,0.233820770080779,66,85,Medium,High,Core / Maintenance,4,-0.43735113030508865,Low Priority,Maintain efficiently
HCP_1545,Alberta,Psychiatry,3.4280515497092385,600,355,84,0.2366197183098591,0.7633802816901408,-0.2163733536942221,0.1229144314010139,61,71,Medium,High,Core / Maintenance,2,-0.18063720384341536,Low Priority,Maintain efficiently
HCP_1546,Alberta,Psychiatry,3.4280515497092385,873,674,243,0.3605341246290801,0.6394658753709199,-0.1179617805679223,0.233640944232717,9,78,Low,High,Core / Maintenance,2,0.015436143262520264,Low Priority,Maintain efficiently
HCP_1547,Alberta,Psychiatry,3.4280515497092385,522,278,45,0.1618705035971223,0.8381294964028777,0.0200756449793022,0.2442789105031779,51,44,Medium,Medium,Core / Maintenance,3,0.06686459890807067,Medium Priority,Maintain efficiently
HCP_1548,Alberta,Psychiatry,3.4280515497092385,823,482,221,0.45850622406639,0.54149377593361,-0.0895651180341522,0.3098601474747448,72,70,High,High,Core / Maintenance,4,-0.10220340624659924,Low Priority,Maintain efficiently
HCP_1549,Alberta,Psychiatry,3.4280515497092385,968,392,31,0.0790816326530612,0.9209183673469388,0.000389147523627,0.1269590463975722,45,18,Medium,Low,Core / Maintenance,2,0.47513872101016896,Medium Priority,Maintain efficiently
HCP_1550,Alberta,Psychiatry,3.4280515497092385,1138,492,255,0.5182926829268293,0.4817073170731707,0.0538875456420294,0.1789086337303561,54,16,Medium,Low,High-Value Established,4,-0.09700476340129988,Low Priority,Retain and deepen
HCP_1551,Alberta,Psychiatry,3.4280515497092385,715,360,57,0.1583333333333333,0.8416666666666667,0.2254705524841674,0.1774096142250982,45,64,Medium,Medium,Core / Maintenance,0,0.3792629146769642,Medium Priority,Maintain efficiently
HCP_1552,Alberta,Psychiatry,3.4280515497092385,690,284,151,0.5316901408450704,0.4683098591549296,0.0151455300526653,0.3858038585094077,74,92,High,High,Core / Maintenance,4,-0.2535343794810262,Low Priority,Maintain efficiently
HCP_1553,Alberta,Psychiatry,3.4280515497092385,545,356,87,0.2443820224719101,0.7556179775280899,0.178705015948731,0.2053807361143516,59,76,Medium,High,Core / Maintenance,0,0.03910434975843079,Medium Priority,Maintain efficiently
HCP_1554,Alberta,Psychiatry,3.4280515497092385,554,316,141,0.4462025316455696,0.5537974683544304,0.2214512194444124,0.3142828885543512,96,55,High,Medium,Core / Maintenance,4,-0.11555048881395061,Low Priority,Maintain efficiently
HCP_1555,Alberta,Psychiatry,3.4280515497092385,684,424,96,0.2264150943396226,0.7735849056603774,0.2221171603222491,0.3127839834810537,99,92,High,High,Core / Maintenance,3,0.4207147444890625,Medium Priority,Maintain efficiently
HCP_1556,Alberta,Psychiatry,3.4280515497092385,842,396,217,0.547979797979798,0.452020202020202,0.0841705512062682,0.1429404646811345,25,40,Low,Medium,Core / Maintenance,0,-0.4544311692248093,Low Priority,Maintain efficiently
HCP_1557,Alberta,Psychiatry,3.4280515497092385,1020,529,63,0.1190926275992438,0.8809073724007561,-0.1855946977406768,0.2501543912801062,26,41,Low,Medium,Core / Maintenance,2,0.63493158456792,High Priority,Maintain efficiently
HCP_1558,Alberta,Psychiatry,3.4280515497092385,559,372,55,0.1478494623655914,0.8521505376344086,0.1052989838484638,0.3630060126615269,37,5,Medium,Low,Emerging Opportunity,3,0.3808060893800349,Medium Priority,Develop engagement
HCP_1559,Alberta,Psychiatry,3.4280515497092385,1249,982,315,0.3207739307535641,0.6792260692464358,0.1758079865376249,0.2163192018099323,21,68,Low,High,Core / Maintenance,1,0.585587035206298,High Priority,Digital-led opportunity development
HCP_1560,Alberta,Psychiatry,3.4280515497092385,674,283,27,0.0954063604240282,0.9045936395759716,0.0402719473477499,0.3807911275698911,25,97,Low,High,Emerging Opportunity,3,0.5427372080071431,High Priority,Digital-first nurture
HCP_1561,Alberta,Psychiatry,3.4280515497092385,735,556,88,0.158273381294964,0.841726618705036,0.2593500644090298,0.1250603802634565,85,74,High,High,Core / Maintenance,0,0.36139092132220846,Medium Priority,Maintain efficiently
HCP_1562,Alberta,Psychiatry,3.4280515497092385,570,360,205,0.5694444444444444,0.4305555555555556,0.1531800273760949,0.0759556870209107,68,72,High,High,Core / Maintenance,0,-0.772620757426542,Low Priority,Maintain efficiently
HCP_1563,Alberta,Psychiatry,3.4280515497092385,317,198,116,0.5858585858585859,0.4141414141414141,0.1181928052583341,0.3620088556006622,34,39,Medium,Medium,Core / Maintenance,4,-0.6601054277371856,Low Priority,Maintain efficiently
HCP_1564,Alberta,Psychiatry,3.4280515497092385,1009,606,156,0.2574257425742574,0.7425742574257426,0.1803656853447005,0.3466884192867758,65,40,Medium,Medium,Core / Maintenance,3,0.6749654559461769,High Priority,Maintain efficiently
HCP_1565,Alberta,Psychiatry,3.4280515497092385,958,410,229,0.5585365853658537,0.4414634146341463,0.0900043821513053,0.3974064565768457,98,8,High,Low,Core / Maintenance,4,0.026367174973456586,Medium Priority,Maintain efficiently
HCP_1566,Alberta,Psychiatry,3.4280515497092385,671,293,102,0.3481228668941979,0.651877133105802,-0.2491372599274424,0.2877877208393491,72,7,High,Low,Core / Maintenance,2,-0.07425167465222211,Low Priority,Maintain efficiently
HCP_1567,Alberta,Psychiatry,3.4280515497092385,758,485,96,0.1979381443298969,0.8020618556701031,-0.0098966741764438,0.3778407743335023,50,43,Medium,Medium,Core / Maintenance,3,0.4265742047420318,Medium Priority,Maintain efficiently
HCP_1568,Alberta,Psychiatry,3.4280515497092385,887,476,208,0.4369747899159664,0.5630252100840336,0.1936601632697424,0.3394321587794388,17,57,Low,Medium,Core / Maintenance,4,0.2258466937040053,Medium Priority,Maintain efficiently
HCP_1569,Alberta,Psychiatry,3.4280515497092385,429,329,136,0.4133738601823708,0.5866261398176291,-0.0469109608117955,0.3455492165920304,42,66,Medium,Medium,Core / Maintenance,4,-0.3428035174809114,Low Priority,Maintain efficiently
HCP_1570,Alberta,Psychiatry,3.4280515497092385,615,346,206,0.5953757225433526,0.4046242774566474,0.0231832993715673,0.2491995496589939,11,12,Low,Low,Core / Maintenance,4,-0.6502771488700442,Low Priority,Maintain efficiently
HCP_1571,Alberta,Psychiatry,3.4280515497092385,978,447,88,0.1968680089485458,0.8031319910514542,-0.0753803576683685,0.1838276092708488,2,18,Low,Low,Core / Maintenance,2,0.3489527488614438,Medium Priority,Maintain efficiently
HCP_1572,Alberta,Psychiatry,3.4280515497092385,477,327,137,0.418960244648318,0.581039755351682,0.2640707114242123,0.3770953253901487,81,97,High,High,Core / Maintenance,4,0.00785204587082472,Low Priority,Maintain efficiently
HCP_1573,Alberta,Psychiatry,3.4280515497092385,821,425,33,0.0776470588235294,0.9223529411764706,0.2517790948901618,0.201241011465563,6,95,Low,High,Core / Maintenance,0,0.7005862364592749,High Priority,Digital-led opportunity development
HCP_1574,Alberta,Psychiatry,3.4280515497092385,461,281,32,0.1138790035587188,0.8861209964412812,-0.0560642674168875,0.2385867785373842,96,48,High,Medium,Core / Maintenance,3,0.08976786960522345,Medium Priority,Maintain efficiently
HCP_1575,Alberta,Psychiatry,3.4280515497092385,872,592,31,0.0523648648648648,0.9476351351351352,0.06767576004669,0.2061400074938157,5,79,Low,High,Core / Maintenance,3,0.5797300541092724,High Priority,Digital-led opportunity development
HCP_1576,Alberta,Psychiatry,3.4280515497092385,731,556,333,0.5989208633093526,0.4010791366906474,-0.0316592857316857,0.247686409886069,81,99,High,High,Core / Maintenance,4,-0.5476475383877023,Low Priority,Maintain efficiently
HCP_1577,Alberta,Psychiatry,3.4280515497092385,421,302,148,0.4900662251655629,0.509933774834437,0.1237933566837653,0.2146767776473145,44,81,Medium,High,Core / Maintenance,4,-0.5945276353751472,Low Priority,Maintain efficiently
HCP_1578,Alberta,Psychiatry,3.4280515497092385,1113,746,360,0.4825737265415549,0.517426273458445,0.1111619692690794,0.0667886455028165,85,77,High,High,High-Value Established,0,-0.15235462681939396,Low Priority,Retain and deepen
HCP_1579,Alberta,Psychiatry,3.4280515497092385,573,385,127,0.3298701298701298,0.6701298701298701,0.1474046685935918,0.3587168651026945,38,29,Medium,Low,Core / Maintenance,3,0.09745985924484807,Medium Priority,Maintain efficiently
HCP_1580,Alberta,Psychiatry,3.4280515497092385,558,434,93,0.2142857142857142,0.7857142857142857,0.0898302137249464,0.2055378366205194,50,65,Medium,Medium,Core / Maintenance,3,-0.00013336620319158096,Low Priority,Maintain efficiently
HCP_1581,Alberta,Psychiatry,3.4280515497092385,794,412,55,0.1334951456310679,0.866504854368932,0.4022487447666161,0.256130276977572,8,76,Low,High,Core / Maintenance,0,0.8358158515511463,High Priority,Digital-led opportunity development
HCP_1582,Alberta,Psychiatry,3.4280515497092385,1107,443,92,0.2076749435665914,0.7923250564334086,-0.0733508518012886,0.0987157309652954,98,90,High,High,Core / Maintenance,2,0.32497157020802503,Medium Priority,Maintain efficiently
HCP_1583,Alberta,Psychiatry,3.4280515497092385,519,264,68,0.2575757575757575,0.7424242424242424,-0.1552724025323816,0.0511857467939237,22,58,Low,Medium,Core / Maintenance,2,-0.40554425292917984,Low Priority,Maintain efficiently
HCP_1584,Alberta,Psychiatry,3.4280515497092385,757,369,172,0.4661246612466124,0.5338753387533876,0.0028291759158246,0.135851532775275,11,52,Low,Medium,Core / Maintenance,2,-0.44115926411603473,Low Priority,Maintain efficiently
HCP_1585,Alberta,Psychiatry,3.4280515497092385,861,572,198,0.3461538461538461,0.6538461538461539,-0.1381585918672321,0.2966051112466726,87,51,High,Medium,Core / Maintenance,4,0.1254030172348624,Medium Priority,Maintain efficiently
HCP_1586,Alberta,Psychiatry,3.4280515497092385,944,617,57,0.0923824959481361,0.9076175040518638,-0.1290954724007191,0.0847180855395075,61,80,Medium,High,Core / Maintenance,2,0.363681964917846,Medium Priority,Maintain efficiently
HCP_1587,Alberta,Psychiatry,3.4280515497092385,788,502,30,0.0597609561752988,0.9402390438247012,-0.070157758503756,0.3681106041352637,72,30,High,Low,Core / Maintenance,3,0.700267312690052,High Priority,Field-led opportunity development
HCP_1588,Alberta,Psychiatry,3.4280515497092385,651,265,28,0.1056603773584905,0.8943396226415095,-0.0606626686517952,0.1252578992746646,76,14,High,Low,Core / Maintenance,2,0.1178210930279277,Medium Priority,Maintain efficiently
HCP_1589,Alberta,Psychiatry,3.4280515497092385,554,383,106,0.2767624020887728,0.7232375979112271,-0.0645541722340072,0.1216077650021215,39,19,Medium,Low,Core / Maintenance,2,-0.30221006914723747,Low Priority,Maintain efficiently
HCP_1590,Alberta,Psychiatry,3.4280515497092385,763,404,228,0.5643564356435643,0.4356435643564357,0.1121862740534493,0.1135277865675234,53,4,Medium,Low,Core / Maintenance,0,-0.5711044097042306,Low Priority,Maintain efficiently
HCP_1591,Alberta,Psychiatry,3.4280515497092385,509,339,136,0.4011799410029498,0.5988200589970502,-0.0107426873302403,0.0548935995399776,80,6,High,Low,Core / Maintenance,2,-0.6792325031567168,Low Priority,Maintain efficiently
HCP_1592,Alberta,Psychiatry,3.4280515497092385,266,166,82,0.4939759036144578,0.5060240963855422,0.0284582510153023,0.3201319139673821,6,17,Low,Low,Core / Maintenance,4,-0.689052297578357,Low Priority,Maintain efficiently
HCP_1593,Alberta,Pediatrics,4.206923314514844,956,513,157,0.3060428849902534,0.6939571150097466,0.1573079329401122,0.3562620859358405,16,55,Low,Medium,Core / Maintenance,3,0.5189340235925402,High Priority,Maintain efficiently
HCP_1594,Alberta,Pediatrics,4.206923314514844,1126,511,127,0.24853228962818,0.7514677103718199,-0.0419587029737711,0.2649569459156696,49,74,Medium,High,Core / Maintenance,3,0.5160490593589525,High Priority,Digital-led opportunity development
HCP_1595,Alberta,Pediatrics,4.206923314514844,359,157,17,0.10828025477707,0.89171974522293,0.0182544921554333,0.1158699935879518,23,95,Low,High,Core / Maintenance,2,-0.18200543496244373,Low Priority,Maintain efficiently
HCP_1596,Alberta,Pediatrics,4.206923314514844,576,422,224,0.5308056872037915,0.4691943127962085,0.0938911983311498,0.1498472989293079,1,90,Low,High,Core / Maintenance,0,-0.655764329753327,Low Priority,Maintain efficiently
HCP_1597,Alberta,Pediatrics,4.206923314514844,1019,782,376,0.4808184143222506,0.5191815856777493,-0.1829881360744265,0.2165743440777371,98,89,High,High,High-Value Established,2,-0.09562203858838383,Low Priority,Retain and deepen
HCP_1598,Alberta,Pediatrics,4.206923314514844,1686,1113,159,0.1428571428571428,0.8571428571428572,-0.2361886610740698,0.3840210830681553,91,100,High,High,Core / Maintenance,1,1.4317307239027237,High Priority,Field-led opportunity development
HCP_1599,Alberta,Pediatrics,4.206923314514844,826,365,121,0.3315068493150685,0.6684931506849314,0.0915340794557267,0.13657298013621,82,44,High,Medium,Core / Maintenance,0,-0.06392967305862117,Low Priority,Maintain efficiently
HCP_1600,Alberta,Pediatrics,4.206923314514844,636,357,114,0.3193277310924369,0.680672268907563,0.1090417136680278,0.3060760663719608,32,27,Low,Low,Core / Maintenance,3,0.05200238273534377,Medium Priority,Maintain efficiently
HCP_1601,Alberta,Pediatrics,4.206923314514844,770,533,210,0.3939962476547842,0.6060037523452158,0.2977064161822892,0.2038068781525221,20,49,Low,Medium,Core / Maintenance,0,0.11746320930731002,Medium Priority,Maintain efficiently
HCP_1602,Alberta,Pediatrics,4.206923314514844,1327,945,539,0.5703703703703704,0.4296296296296296,0.0689713851040172,0.1542465719260076,73,1,High,Low,High-Value Established,1,-0.03163082856743901,Low Priority,Retain and deepen
HCP_1603,Alberta,Pediatrics,4.206923314514844,654,293,108,0.3686006825938566,0.6313993174061434,0.1483687660709713,0.2095705779577398,52,83,Medium,High,Core / Maintenance,0,-0.12004925185002614,Low Priority,Maintain efficiently
HCP_1604,Alberta,Pediatrics,4.206923314514844,620,248,86,0.3467741935483871,0.6532258064516129,0.0265432827696831,0.0749223511394314,45,67,Medium,High,Core / Maintenance,2,-0.44026725594259264,Low Priority,Maintain efficiently
HCP_1605,Alberta,Pediatrics,4.206923314514844,693,475,37,0.0778947368421052,0.9221052631578948,0.0856672665902103,0.3295405798256269,44,76,Medium,High,Emerging Opportunity,3,0.5668298888493883,High Priority,Digital-first nurture
HCP_1606,Alberta,Pediatrics,4.206923314514844,588,319,27,0.0846394984326018,0.915360501567398,0.250070821009944,0.1351556747940385,8,23,Low,Low,Core / Maintenance,0,0.36210448551307994,Medium Priority,Maintain efficiently
HCP_1607,Alberta,Pediatrics,4.206923314514844,856,430,66,0.1534883720930232,0.8465116279069768,-0.2048791381750762,0.3038942431175396,5,47,Low,Medium,Core / Maintenance,3,0.49329103775566097,High Priority,Maintain efficiently
HCP_1608,Alberta,Pediatrics,4.206923314514844,1449,587,40,0.0681431005110732,0.9318568994889268,0.0996339509086016,0.0739219300068681,50,44,Medium,Medium,High-Potential Conversion,1,0.9455620900823698,High Priority,Build field relationship
HCP_1609,Alberta,Pediatrics,4.206923314514844,919,566,260,0.4593639575971731,0.5406360424028269,0.3062704076092839,0.3842844946579901,34,92,Medium,High,Core / Maintenance,4,0.4193620608376525,Medium Priority,Maintain efficiently
HCP_1610,Alberta,Pediatrics,4.206923314514844,751,556,249,0.447841726618705,0.552158273381295,0.0838441063051211,0.1175552448919945,81,57,High,Medium,Core / Maintenance,0,-0.39242346816786655,Low Priority,Maintain efficiently
HCP_1611,Alberta,Pediatrics,4.206923314514844,741,580,72,0.1241379310344827,0.8758620689655172,0.2480687555879417,0.3589597266724781,52,35,Medium,Medium,Emerging Opportunity,3,0.7685567319662072,High Priority,Develop engagement
HCP_1612,Alberta,Pediatrics,4.206923314514844,475,297,151,0.5084175084175084,0.4915824915824915,-0.025505457943533,0.333315623365402,18,1,Low,Low,Core / Maintenance,4,-0.49538485383952613,Low Priority,Maintain efficiently
HCP_1613,Alberta,Pediatrics,4.206923314514844,1118,677,91,0.1344165435745938,0.8655834564254062,0.0461543007003543,0.3887509734284956,68,17,High,Low,High-Potential Conversion,3,0.9100654784356128,High Priority,Deepen field relationship
HCP_1614,Alberta,Pediatrics,4.206923314514844,798,346,75,0.2167630057803468,0.7832369942196532,0.0540229642866305,0.2172617313310124,24,48,Low,Medium,Core / Maintenance,3,0.1999119784301903,Medium Priority,Maintain efficiently
HCP_1615,Alberta,Pediatrics,4.206923314514844,770,477,89,0.1865828092243186,0.8134171907756813,-0.2161109295230525,0.304589052846083,10,7,Low,Low,Core / Maintenance,2,0.3494883288608727,Medium Priority,Maintain efficiently
HCP_1616,Alberta,Pediatrics,4.206923314514844,2508,1384,353,0.2550578034682081,0.744942196531792,-0.090181339342024,0.1797487299632244,73,57,High,Medium,Core / Maintenance,1,1.704972902998408,High Priority,Field-led opportunity development
HCP_1617,Alberta,Pediatrics,4.206923314514844,911,586,111,0.189419795221843,0.810580204778157,-0.0816250095260783,0.1145288833068928,16,14,Low,Low,Core / Maintenance,2,0.19448964607005312,Medium Priority,Maintain efficiently
HCP_1618,Alberta,Pediatrics,4.206923314514844,631,351,112,0.3190883190883191,0.6809116809116809,0.1486479293639032,0.2050765765267071,35,16,Medium,Low,Core / Maintenance,0,-0.055606632633276934,Low Priority,Maintain efficiently
HCP_1619,Alberta,Pediatrics,4.206923314514844,707,351,96,0.2735042735042735,0.7264957264957265,0.1546583726820866,0.1080121553859592,89,22,High,Low,Core / Maintenance,0,-0.035279665951027384,Low Priority,Maintain efficiently
HCP_1620,Alberta,Pediatrics,4.206923314514844,1226,537,318,0.5921787709497207,0.4078212290502793,0.088884373124784,0.3937156179752344,94,65,High,Medium,High-Value Established,4,0.21402814967558872,Medium Priority,Retain and deepen
HCP_1621,Alberta,Pediatrics,4.206923314514844,854,449,36,0.0801781737193764,0.9198218262806236,0.1488923476226847,0.0836862718992507,95,69,High,High,Core / Maintenance,0,0.4255362137362978,Medium Priority,Maintain efficiently
HCP_1622,Alberta,Pediatrics,4.206923314514844,496,218,28,0.128440366972477,0.8715596330275229,0.0303020704733871,0.2562241032084171,20,92,Low,High,Core / Maintenance,3,0.12255924426841532,Medium Priority,Maintain efficiently
HCP_1623,Alberta,Pediatrics,4.206923314514844,1132,533,42,0.0787992495309568,0.9212007504690432,0.1942318003447452,0.2692623493389195,17,26,Low,Low,High-Potential Conversion,3,1.029363138116941,High Priority,Increase field engagement
HCP_1624,Alberta,Pediatrics,4.206923314514844,649,516,203,0.3934108527131782,0.6065891472868217,0.0510546131158486,0.238327840005919,59,36,Medium,Medium,Core / Maintenance,4,-0.24706603610037892,Low Priority,Maintain efficiently
HCP_1625,Alberta,Pediatrics,4.206923314514844,1580,913,73,0.0799561883899233,0.9200438116100766,0.0569436856912107,0.2817650599991417,17,48,Low,Medium,High-Potential Conversion,1,1.3092170474132496,High Priority,Increase field engagement
HCP_1626,Alberta,Pediatrics,4.206923314514844,1197,733,374,0.5102319236016372,0.4897680763983628,0.0181288840085106,0.0906632712541618,0,63,Low,Medium,High-Value Established,1,-0.16865401635213276,Low Priority,Retain and deepen
HCP_1627,Alberta,Pediatrics,4.206923314514844,702,526,174,0.3307984790874524,0.6692015209125475,0.1321340573163713,0.2442564834718519,13,33,Low,Medium,Core / Maintenance,0,0.029336154989876122,Medium Priority,Maintain efficiently
HCP_1628,Alberta,Pediatrics,4.206923314514844,1285,1026,349,0.3401559454191033,0.6598440545808967,-0.0005438579935495,0.1505243998945765,7,17,Low,Low,Core / Maintenance,1,0.325165428450959,Medium Priority,Maintain efficiently
HCP_1629,Alberta,Pediatrics,4.206923314514844,840,532,191,0.3590225563909774,0.6409774436090225,0.1671717652637681,0.3790616221553698,65,63,Medium,Medium,Core / Maintenance,4,0.3541615748299604,Medium Priority,Maintain efficiently
HCP_1630,Alberta,Pediatrics,4.206923314514844,1106,802,115,0.1433915211970075,0.8566084788029925,-0.0858578968859207,0.316725078703904,50,73,Medium,High,Core / Maintenance,3,0.7719328708549729,High Priority,Digital-led opportunity development
HCP_1631,Alberta,Pediatrics,4.206923314514844,972,516,82,0.1589147286821705,0.8410852713178294,-0.0818699505673832,0.3903800687559099,78,43,High,Medium,Core / Maintenance,3,0.724470826923688,High Priority,Field-led opportunity development
HCP_1632,Alberta,Pediatrics,4.206923314514844,610,319,72,0.225705329153605,0.7742946708463949,0.1324912106151805,0.0631446244090663,59,16,Medium,Low,Core / Maintenance,0,-0.13321812431485297,Low Priority,Maintain efficiently
HCP_1633,Alberta,Dermatology,2.6723138075953656,522,293,110,0.3754266211604095,0.6245733788395904,0.0393746942500384,0.149796611313248,33,58,Medium,Medium,Core / Maintenance,2,-0.47592992764978026,Low Priority,Maintain efficiently
HCP_1634,Alberta,Dermatology,2.6723138075953656,938,628,104,0.1656050955414012,0.8343949044585988,-0.0044669699383753,0.1183979053234221,35,12,Medium,Low,Core / Maintenance,2,0.2709781502678945,Medium Priority,Maintain efficiently
HCP_1635,Alberta,Dermatology,2.6723138075953656,582,392,45,0.1147959183673469,0.8852040816326531,0.1568069278970551,0.0539041055591406,61,51,Medium,Medium,Core / Maintenance,0,0.06391343662048804,Medium Priority,Maintain efficiently
HCP_1636,Alberta,Dermatology,2.6723138075953656,568,299,174,0.5819397993311036,0.4180602006688964,-0.0228713696903301,0.1348140055862125,0,59,Low,Medium,Core / Maintenance,4,-0.841936746769805,Low Priority,Maintain efficiently
HCP_1637,Alberta,Dermatology,2.6723138075953656,468,212,13,0.0613207547169811,0.9386792452830188,0.0259758494839556,0.2875715942321501,84,41,High,Medium,Core / Maintenance,3,0.26870906463017663,Medium Priority,Maintain efficiently
HCP_1638,Alberta,Dermatology,2.6723138075953656,758,495,243,0.4909090909090909,0.509090909090909,0.2179073540085391,0.130881122747099,41,90,Medium,High,Core / Maintenance,0,-0.2829097950455238,Low Priority,Maintain efficiently
HCP_1639,Alberta,Dermatology,2.6723138075953656,1346,607,293,0.4827018121911038,0.5172981878088962,0.234697081497278,0.2281512059189164,0,63,Low,Medium,High-Value Established,1,0.46447278924952673,Medium Priority,Retain and deepen
HCP_1640,Alberta,General Surgery,2.758233977291847,457,289,62,0.2145328719723183,0.7854671280276817,0.2386877852324392,0.3607363402377495,95,65,High,Medium,Core / Maintenance,3,0.3169205728668789,Medium Priority,Maintain efficiently
HCP_1641,Alberta,General Surgery,2.758233977291847,670,454,57,0.1255506607929515,0.8744493392070485,0.0161449067679306,0.2928152721221763,83,33,High,Medium,Core / Maintenance,3,0.3502426126001253,Medium Priority,Maintain efficiently
HCP_1642,Alberta,General Surgery,2.758233977291847,1089,741,96,0.1295546558704453,0.8704453441295547,0.1976843485981364,0.1881201744671112,53,94,Medium,High,High-Potential Conversion,0,0.7751334608779656,High Priority,Build field relationship
HCP_1643,Alberta,General Surgery,2.758233977291847,646,453,196,0.4326710816777042,0.5673289183222958,-0.0638743393322413,0.1803641286192379,46,86,Medium,High,Core / Maintenance,2,-0.41828295820066713,Low Priority,Maintain efficiently
HCP_1644,Alberta,General Surgery,2.758233977291847,778,583,235,0.4030874785591766,0.5969125214408233,-0.0588283449666473,0.2095075349029697,99,70,High,High,Core / Maintenance,2,-0.1920483046274003,Low Priority,Maintain efficiently
HCP_1645,Alberta,General Surgery,2.758233977291847,458,275,132,0.48,0.52,-0.2320547023149233,0.1119645043709672,38,63,Medium,Medium,Core / Maintenance,2,-0.7906138882585192,Low Priority,Maintain efficiently
HCP_1646,Alberta,General Surgery,2.758233977291847,772,534,302,0.5655430711610487,0.4344569288389512,0.2507441842278236,0.2719002685955958,29,32,Low,Low,Core / Maintenance,4,-0.15783576789862458,Low Priority,Maintain efficiently
HCP_1647,Alberta,General Surgery,2.758233977291847,622,403,174,0.4317617866004963,0.5682382133995036,-0.0536775818891293,0.1774534866866119,6,11,Low,Low,Core / Maintenance,2,-0.44402518306017186,Low Priority,Maintain efficiently
HCP_1648,Alberta,General Surgery,2.758233977291847,938,445,60,0.1348314606741573,0.8651685393258427,0.0348160904303528,0.3483278722417153,21,75,Low,High,Emerging Opportunity,3,0.6738742301725952,High Priority,Digital-first nurture
HCP_1649,Alberta,General Surgery,2.758233977291847,1007,413,76,0.1840193704600484,0.8159806295399515,-0.059238921031394,0.3147934310202357,49,18,Medium,Low,Core / Maintenance,3,0.597540848541327,High Priority,Maintain efficiently
HCP_1650,Alberta,General Surgery,2.758233977291847,1644,845,434,0.5136094674556213,0.4863905325443787,0.1334198297996168,0.263679607432256,44,8,Medium,Low,High-Value Established,1,0.6227279662626486,High Priority,Retain and deepen
HCP_1651,Alberta,General Surgery,2.758233977291847,814,470,78,0.1659574468085106,0.8340425531914893,0.0049239607139191,0.1774707779273306,73,73,High,High,Core / Maintenance,2,0.23973138458620286,Medium Priority,Maintain efficiently
HCP_1652,Alberta,General Surgery,2.758233977291847,745,482,43,0.0892116182572614,0.9107883817427386,-0.1065780268519539,0.1234761410857195,71,16,High,Low,Core / Maintenance,2,0.23643140064543625,Medium Priority,Maintain efficiently
HCP_1653,Alberta,General Surgery,2.758233977291847,711,526,230,0.4372623574144487,0.5627376425855513,0.1029995077023272,0.321653152436968,90,49,High,Medium,Core / Maintenance,4,-0.08130349243465299,Low Priority,Maintain efficiently
HCP_1654,Alberta,Urology,2.1282776862980124,516,247,67,0.2712550607287449,0.728744939271255,-0.1220476029772274,0.2202431846468803,9,38,Low,Medium,Core / Maintenance,2,-0.1803666464796704,Low Priority,Maintain efficiently
HCP_1655,Alberta,Urology,2.1282776862980124,657,296,165,0.5574324324324325,0.4425675675675675,-0.0504886870378589,0.1286625133620751,13,40,Low,Medium,Core / Maintenance,2,-0.7195625700801875,Low Priority,Maintain efficiently
HCP_1656,Alberta,Urology,2.1282776862980124,526,413,168,0.4067796610169492,0.5932203389830508,-0.2028266937551296,0.1183111152640021,45,9,Medium,Low,Core / Maintenance,2,-0.5782110496980891,Low Priority,Maintain efficiently
HCP_1657,Alberta,Urology,2.1282776862980124,619,274,27,0.0985401459854014,0.9014598540145984,-0.1208749734637128,0.1078903165754756,74,11,High,Low,Core / Maintenance,2,0.07434794342704618,Medium Priority,Maintain efficiently
HCP_1658,Alberta,Orthopedic Surgery,1.778931740227527,846,500,286,0.572,0.428,0.0714235003664573,0.3220064186719583,5,78,Low,High,Core / Maintenance,4,-0.2424755574650047,Low Priority,Maintain efficiently
HCP_1659,Alberta,Orthopedic Surgery,1.778931740227527,375,238,46,0.1932773109243697,0.8067226890756303,-0.1857443245723509,0.1301455148551091,20,94,Low,High,Core / Maintenance,2,-0.3047849618027688,Low Priority,Maintain efficiently
HCP_1660,Alberta,Orthopedic Surgery,1.778931740227527,795,490,115,0.2346938775510204,0.7653061224489796,-0.1277374869546058,0.2343247922338191,61,14,Medium,Low,Core / Maintenance,2,0.1777322671286169,Medium Priority,Maintain efficiently
HCP_1661,Alberta,Orthopedic Surgery,1.778931740227527,846,368,100,0.2717391304347826,0.7282608695652174,0.049715730064063,0.2080412263405697,96,27,High,Low,Core / Maintenance,3,0.12375117317421411,Medium Priority,Maintain efficiently
HCP_1662,Alberta,Orthopedic Surgery,1.778931740227527,512,216,17,0.0787037037037037,0.9212962962962964,-0.0152328275311663,0.2528638147298994,18,3,Low,Low,Core / Maintenance,3,0.22629022354940775,Medium Priority,Maintain efficiently
HCP_1663,Alberta,Orthopedic Surgery,1.778931740227527,254,112,36,0.3214285714285714,0.6785714285714286,0.2890443963151171,0.357004215129918,87,35,High,Medium,Core / Maintenance,3,-0.02314960839933508,Low Priority,Maintain efficiently
HCP_1664,Alberta,Orthopedic Surgery,1.778931740227527,431,273,32,0.1172161172161172,0.8827838827838828,0.270067585522925,0.3537115865286057,81,64,High,Medium,Emerging Opportunity,3,0.5024020357696146,High Priority,Develop engagement
HCP_1665,Alberta,Orthopedic Surgery,1.778931740227527,840,519,140,0.2697495183044316,0.7302504816955684,-0.0541506955301384,0.2078766251387009,98,97,High,High,Core / Maintenance,2,0.1154895224624263,Medium Priority,Maintain efficiently
HCP_1666,Alberta,Orthopedic Surgery,1.778931740227527,529,261,63,0.2413793103448276,0.7586206896551724,0.1168565142084178,0.0553781877571531,61,46,Medium,Medium,Core / Maintenance,0,-0.27128756558079803,Low Priority,Maintain efficiently
HCP_1667,Alberta,Orthopedic Surgery,1.778931740227527,376,246,117,0.4756097560975609,0.524390243902439,0.1399139068255341,0.1992553320000061,100,80,High,High,Core / Maintenance,0,-0.6141293868289472,Low Priority,Maintain efficiently
HCP_1668,Alberta,Orthopedic Surgery,1.778931740227527,447,325,160,0.4923076923076923,0.5076923076923077,-0.0216974629629284,0.2621677380984492,82,38,High,Medium,Core / Maintenance,4,-0.5988537952944367,Low Priority,Maintain efficiently
HCP_1669,Alberta,Orthopedic Surgery,1.778931740227527,716,298,40,0.1342281879194631,0.8657718120805369,-0.1294649843797844,0.2452176656843216,52,37,Medium,Medium,Core / Maintenance,2,0.30674575642553686,Medium Priority,Maintain efficiently
HCP_1670,Alberta,Orthopedic Surgery,1.778931740227527,646,387,97,0.2506459948320413,0.7493540051679586,0.048524186083033,0.2779676370300719,23,43,Low,Medium,Core / Maintenance,3,0.07451821648605755,Medium Priority,Maintain efficiently
HCP_1671,Alberta,Orthopedic Surgery,1.778931740227527,491,332,85,0.2560240963855422,0.7439759036144578,0.0292585190223066,0.1039265063655792,55,50,Medium,Medium,Core / Maintenance,2,-0.35039694243307945,Low Priority,Maintain efficiently
HCP_1672,Alberta,Orthopedic Surgery,1.778931740227527,469,235,31,0.1319148936170212,0.8680851063829788,-0.0022917396364742,0.2762872845732564,61,96,Medium,High,Core / Maintenance,3,0.12018334843696238,Medium Priority,Maintain efficiently
HCP_1673,Alberta,Ophthalmology,3.1676682863494965,621,325,159,0.4892307692307692,0.5107692307692308,0.1030780241797382,0.1139280665603202,33,84,Medium,High,Core / Maintenance,0,-0.5771243637135889,Low Priority,Maintain efficiently
HCP_1674,Alberta,Ophthalmology,3.1676682863494965,515,332,146,0.4397590361445783,0.5602409638554218,-0.0400875528406718,0.3126833932438621,21,25,Low,Low,Core / Maintenance,4,-0.3589691643530169,Low Priority,Maintain efficiently
HCP_1675,Alberta,Ophthalmology,3.1676682863494965,1253,951,147,0.1545741324921135,0.8454258675078864,-0.0882397057094971,0.168680664641938,67,35,High,Medium,Core / Maintenance,2,0.6700980599104498,High Priority,Field-led opportunity development
HCP_1676,Alberta,Ophthalmology,3.1676682863494965,636,460,116,0.2521739130434782,0.7478260869565218,0.0630899564419798,0.2984634016835087,56,68,Medium,High,Core / Maintenance,3,0.11057533732749907,Medium Priority,Maintain efficiently
HCP_1677,Alberta,Ophthalmology,3.1676682863494965,1090,690,75,0.108695652173913,0.8913043478260869,0.0963164111082651,0.0667529596171374,9,96,Low,High,High-Potential Conversion,0,0.509358775030444,High Priority,Increase field engagement
HCP_1678,Alberta,Ophthalmology,3.1676682863494965,1212,839,332,0.3957091775923719,0.6042908224076281,-0.0911973932680063,0.1927510089568196,65,0,Medium,Low,Core / Maintenance,1,0.2140326854180864,Medium Priority,Maintain efficiently
HCP_1679,Alberta,Ophthalmology,3.1676682863494965,1010,551,64,0.1161524500907441,0.883847549909256,0.1613708733189297,0.2967620827921665,7,52,Low,Medium,High-Potential Conversion,3,0.8430638720466216,High Priority,Increase field engagement
HCP_1680,Alberta,Ophthalmology,3.1676682863494965,612,402,238,0.5920398009950248,0.4079601990049751,-0.1624577365331293,0.1294046807160229,96,5,High,Low,Core / Maintenance,2,-0.8267052152406172,Low Priority,Maintain efficiently
HCP_1681,Alberta,Ophthalmology,3.1676682863494965,820,481,231,0.4802494802494803,0.5197505197505197,-0.0193736150458772,0.3283504656790279,37,36,Medium,Medium,Core / Maintenance,4,-0.11816133381776026,Low Priority,Maintain efficiently
HCP_1682,Alberta,Ophthalmology,3.1676682863494965,706,336,89,0.2648809523809524,0.7351190476190477,0.0190389756562869,0.2707729065867262,61,1,Medium,Low,Core / Maintenance,3,0.09016750251065002,Medium Priority,Maintain efficiently
HCP_1683,Alberta,Obstetrics/Gynecology,2.915270921756808,498,339,125,0.3687315634218289,0.6312684365781711,-0.0263468455182315,0.2556466202524294,27,68,Low,High,Core / Maintenance,4,-0.32756382982073606,Low Priority,Maintain efficiently
HCP_1684,Alberta,Obstetrics/Gynecology,2.915270921756808,765,476,262,0.5504201680672269,0.449579831932773,-0.017807256826143,0.173742098971518,9,89,Low,High,Core / Maintenance,4,-0.5348700377907667,Low Priority,Maintain efficiently
HCP_1685,Alberta,Obstetrics/Gynecology,2.915270921756808,452,246,87,0.3536585365853658,0.6463414634146342,0.2745289378769737,0.2188580146333911,44,40,Medium,Medium,Core / Maintenance,0,-0.11831860948333969,Low Priority,Maintain efficiently
HCP_1686,Alberta,Obstetrics/Gynecology,2.915270921756808,1035,791,115,0.1453855878634639,0.854614412136536,-0.0521060906846678,0.2590722553422486,64,50,Medium,Medium,Core / Maintenance,3,0.613373755737895,High Priority,Maintain efficiently
HCP_1687,Alberta,Obstetrics/Gynecology,2.915270921756808,580,237,61,0.2573839662447257,0.7426160337552743,0.3429466066966296,0.2153617398702116,97,46,High,Medium,Core / Maintenance,0,0.2638144651120658,Medium Priority,Maintain efficiently
HCP_1688,Alberta,Obstetrics/Gynecology,2.915270921756808,733,386,198,0.5129533678756477,0.4870466321243523,0.1024552135677262,0.294409663379196,66,12,Medium,Low,Core / Maintenance,4,-0.24382196884463703,Low Priority,Maintain efficiently
HCP_1689,Alberta,Obstetrics/Gynecology,2.915270921756808,754,319,129,0.4043887147335423,0.5956112852664577,0.061046616477439,0.2017939265874359,8,75,Low,High,Core / Maintenance,4,-0.20933886315195985,Low Priority,Maintain efficiently
HCP_1690,Alberta,Obstetrics/Gynecology,2.915270921756808,624,441,180,0.4081632653061224,0.5918367346938775,0.1071488424065199,0.1207956136097106,4,68,Low,High,Core / Maintenance,0,-0.40674695482344325,Low Priority,Maintain efficiently
HCP_1691,Alberta,Obstetrics/Gynecology,2.915270921756808,839,571,301,0.5271453590192644,0.4728546409807356,0.3535913299102342,0.1248768239803665,9,65,Low,Medium,Core / Maintenance,0,-0.11643932653716615,Low Priority,Maintain efficiently
HCP_1692,Alberta,Obstetrics/Gynecology,2.915270921756808,578,308,167,0.5422077922077922,0.4577922077922077,-0.0692311604717737,0.0520313190950293,11,58,Low,Medium,Core / Maintenance,2,-0.8819704696150015,Low Priority,Maintain efficiently
HCP_1693,Alberta,Obstetrics/Gynecology,2.915270921756808,926,621,345,0.5555555555555556,0.4444444444444444,-0.0844501502723667,0.1553352004455354,81,67,High,High,Core / Maintenance,2,-0.41730657216735384,Low Priority,Maintain efficiently
HCP_1694,Alberta,Obstetrics/Gynecology,2.915270921756808,426,238,24,0.1008403361344537,0.8991596638655462,-0.0405839435886305,0.3121211741674818,57,58,Medium,Medium,Core / Maintenance,3,0.19096200369967667,Medium Priority,Maintain efficiently
HCP_1695,Alberta,Obstetrics/Gynecology,2.915270921756808,714,502,175,0.348605577689243,0.651394422310757,0.0538571776357473,0.3279569480931633,20,90,Low,High,Core / Maintenance,4,0.037522702956098886,Medium Priority,Maintain efficiently
HCP_1696,Alberta,Obstetrics/Gynecology,2.915270921756808,1346,783,358,0.4572158365261813,0.5427841634738186,-0.1570925349775088,0.1208636397335125,20,9,Low,Low,Core / Maintenance,2,0.11951370133814077,Medium Priority,Maintain efficiently
HCP_1697,Alberta,Obstetrics/Gynecology,2.915270921756808,481,272,127,0.4669117647058823,0.5330882352941176,0.0526807087182329,0.3856653989049927,64,12,Medium,Low,Core / Maintenance,4,-0.32350792548168733,Low Priority,Maintain efficiently
HCP_1698,Alberta,Obstetrics/Gynecology,2.915270921756808,539,417,160,0.3836930455635491,0.6163069544364508,0.2532256560096406,0.2258409777180444,2,1,Low,Low,Core / Maintenance,0,-0.10656745630961736,Low Priority,Maintain efficiently
HCP_1699,Alberta,Obstetrics/Gynecology,2.915270921756808,818,409,58,0.1418092909535452,0.8581907090464548,0.0681688868749733,0.3709425621564759,68,89,High,High,Emerging Opportunity,3,0.6078170743795098,High Priority,Digital-first nurture
HCP_1700,Alberta,Obstetrics/Gynecology,2.915270921756808,727,326,159,0.4877300613496932,0.5122699386503067,0.0148777449229667,0.2973678486515709,88,14,High,Low,Core / Maintenance,4,-0.26814878362289507,Low Priority,Maintain efficiently
HCP_1701,Alberta,Obstetrics/Gynecology,2.915270921756808,772,489,218,0.4458077709611452,0.5541922290388548,-0.0241792538420352,0.3028516980578446,63,45,Medium,Medium,Core / Maintenance,4,-0.13792640260893346,Low Priority,Maintain efficiently
HCP_1702,Alberta,Obstetrics/Gynecology,2.915270921756808,811,639,62,0.0970266040688575,0.9029733959311425,0.1578214045461877,0.0797652674571249,48,56,Medium,Medium,Core / Maintenance,0,0.35756191382793046,Medium Priority,Maintain efficiently
HCP_1703,British Columbia,Internal Medicine,1.3112210583925794,572,315,96,0.3047619047619048,0.6952380952380952,-0.0490999327885657,0.1269968944139257,71,9,High,Low,Core / Maintenance,2,-0.32938353341429183,Low Priority,Maintain efficiently
HCP_1704,British Columbia,Internal Medicine,1.3112210583925794,675,287,42,0.1463414634146341,0.8536585365853658,0.2715675104719097,0.0530851916530654,16,21,Low,Low,Core / Maintenance,0,0.2329745440144349,Medium Priority,Maintain efficiently
HCP_1705,British Columbia,Internal Medicine,1.3112210583925794,529,283,67,0.2367491166077738,0.7632508833922261,0.2820031697257228,0.3006446741668581,72,88,High,High,Core / Maintenance,3,0.3071273058813657,Medium Priority,Maintain efficiently
HCP_1706,British Columbia,Internal Medicine,1.3112210583925794,421,254,15,0.0590551181102362,0.9409448818897638,0.0808100958394145,0.1705534009499785,31,78,Low,High,Core / Maintenance,3,0.09605992159265497,Medium Priority,Maintain efficiently
HCP_1707,British Columbia,Internal Medicine,1.3112210583925794,580,270,73,0.2703703703703703,0.7296296296296296,0.0486181894308025,0.3253283806267213,69,76,High,High,Core / Maintenance,3,0.045211818908879,Medium Priority,Maintain efficiently
HCP_1708,British Columbia,Internal Medicine,1.3112210583925794,891,591,208,0.3519458544839255,0.6480541455160744,0.1736791769889871,0.1686276769779592,20,7,Low,Low,Core / Maintenance,0,0.10858736823602144,Medium Priority,Maintain efficiently
HCP_1709,British Columbia,Internal Medicine,1.3112210583925794,437,349,136,0.3896848137535816,0.6103151862464183,0.181375820267279,0.3367668133046014,6,20,Low,Low,Core / Maintenance,4,-0.13712060906697576,Low Priority,Maintain efficiently
HCP_1710,British Columbia,Internal Medicine,1.3112210583925794,326,189,78,0.4126984126984127,0.5873015873015873,-0.0467190077271298,0.0957443888119095,6,84,Low,High,Core / Maintenance,2,-0.815536032140434,Low Priority,Maintain efficiently
HCP_1711,British Columbia,Internal Medicine,1.3112210583925794,675,366,187,0.5109289617486339,0.4890710382513661,-0.0131866159764042,0.1106806048651278,26,21,Low,Low,Core / Maintenance,2,-0.6419253351567042,Low Priority,Maintain efficiently
HCP_1712,British Columbia,Internal Medicine,1.3112210583925794,439,246,41,0.1666666666666666,0.8333333333333334,-0.1086816921619954,0.1693067888543777,7,96,Low,High,Core / Maintenance,2,-0.13449171625465792,Low Priority,Maintain efficiently
HCP_1713,British Columbia,Internal Medicine,1.3112210583925794,214,95,11,0.1157894736842105,0.8842105263157894,0.0990877926000868,0.1929705861087957,72,44,High,Medium,Core / Maintenance,3,-0.1535806593742323,Low Priority,Maintain efficiently
HCP_1714,British Columbia,Internal Medicine,1.3112210583925794,616,464,241,0.5193965517241379,0.4806034482758621,0.1299953460148268,0.1720459837950424,27,90,Low,High,Core / Maintenance,0,-0.5184841350390218,Low Priority,Maintain efficiently
HCP_1715,British Columbia,Internal Medicine,1.3112210583925794,380,215,29,0.1348837209302325,0.8651162790697674,-0.1119910765433527,0.317276461383127,78,39,High,Medium,Core / Maintenance,3,0.09054050594689086,Medium Priority,Maintain efficiently
HCP_1716,British Columbia,Internal Medicine,1.3112210583925794,444,246,144,0.5853658536585366,0.4146341463414634,-0.004623868577939,0.0839329874193501,65,21,Medium,Low,Core / Maintenance,2,-1.0439905695057161,Low Priority,Maintain efficiently
HCP_1717,British Columbia,Internal Medicine,1.3112210583925794,514,341,175,0.5131964809384164,0.4868035190615836,-0.1116704701097619,0.1729259568734708,70,29,High,Low,Core / Maintenance,2,-0.707589261767896,Low Priority,Maintain efficiently
HCP_1718,British Columbia,Internal Medicine,1.3112210583925794,490,283,92,0.3250883392226148,0.6749116607773852,-0.0578559772292605,0.3430339998304108,46,61,Medium,Medium,Core / Maintenance,3,-0.12214683305986598,Low Priority,Maintain efficiently
HCP_1719,British Columbia,Internal Medicine,1.3112210583925794,587,387,228,0.5891472868217055,0.4108527131782945,0.1161220472271559,0.0733789770417602,81,72,High,High,Core / Maintenance,0,-0.8423692145483586,Low Priority,Maintain efficiently
HCP_1720,British Columbia,Internal Medicine,1.3112210583925794,393,167,17,0.1017964071856287,0.8982035928143712,-0.0380178480013935,0.3798202276849751,85,44,High,Medium,Core / Maintenance,3,0.2590439150948509,Medium Priority,Maintain efficiently
HCP_1721,British Columbia,Internal Medicine,1.3112210583925794,548,398,86,0.2160804020100502,0.7839195979899498,0.0139008852761241,0.3952108947952045,9,34,Low,Medium,Core / Maintenance,3,0.21662428709036047,Medium Priority,Maintain efficiently
HCP_1722,British Columbia,Internal Medicine,1.3112210583925794,418,324,130,0.4012345679012346,0.5987654320987654,-0.1452774073536778,0.080998860838778,32,81,Low,High,Core / Maintenance,2,-0.7276670112985775,Low Priority,Maintain efficiently
HCP_1723,British Columbia,Internal Medicine,1.3112210583925794,593,391,95,0.2429667519181585,0.7570332480818415,0.0724388251669597,0.1519453827895079,6,41,Low,Medium,Core / Maintenance,0,-0.12199516016717832,Low Priority,Maintain efficiently
HCP_1724,British Columbia,Internal Medicine,1.3112210583925794,568,444,249,0.5608108108108109,0.4391891891891891,0.0446872016186421,0.1803402331123746,2,4,Low,Low,Core / Maintenance,4,-0.7339313871388479,Low Priority,Maintain efficiently
HCP_1725,British Columbia,Internal Medicine,1.3112210583925794,330,152,13,0.0855263157894736,0.9144736842105264,-0.0374751100039794,0.3217369790284541,13,26,Low,Low,Core / Maintenance,3,0.1418258183026166,Medium Priority,Maintain efficiently
HCP_1726,British Columbia,Internal Medicine,1.3112210583925794,670,396,139,0.351010101010101,0.648989898989899,0.0273182842781031,0.2585743842408569,43,69,Medium,High,Core / Maintenance,4,-0.12448243461608476,Low Priority,Maintain efficiently
HCP_1727,British Columbia,Internal Medicine,1.3112210583925794,380,243,91,0.3744855967078189,0.6255144032921811,0.0716353856604133,0.2755279951723986,45,61,Medium,Medium,Core / Maintenance,4,-0.38927091563710614,Low Priority,Maintain efficiently
HCP_1728,British Columbia,Internal Medicine,1.3112210583925794,608,385,157,0.4077922077922078,0.5922077922077922,-0.0477841778691212,0.3151284379864771,60,31,Medium,Low,Core / Maintenance,4,-0.20583901467938412,Low Priority,Maintain efficiently
HCP_1729,British Columbia,Internal Medicine,1.3112210583925794,521,292,56,0.1917808219178082,0.8082191780821918,-0.1271515052802135,0.091292649802959,35,7,Medium,Low,Core / Maintenance,2,-0.21988320464743405,Low Priority,Maintain efficiently
HCP_1730,British Columbia,Internal Medicine,1.3112210583925794,872,467,117,0.2505353319057816,0.7494646680942184,0.2666689319224178,0.3416233099185918,12,84,Low,High,Core / Maintenance,3,0.6538942749145883,High Priority,Digital-led opportunity development
HCP_1731,British Columbia,Internal Medicine,1.3112210583925794,424,191,98,0.5130890052356021,0.4869109947643979,-0.0259927245652327,0.2969669314630504,15,17,Low,Low,Core / Maintenance,4,-0.6077606762154737,Low Priority,Maintain efficiently
HCP_1732,British Columbia,Internal Medicine,1.3112210583925794,405,225,35,0.1555555555555555,0.8444444444444444,0.0383887876175732,0.2520696038187296,79,77,High,High,Core / Maintenance,3,-0.022103698171821597,Low Priority,Maintain efficiently
HCP_1733,British Columbia,Internal Medicine,1.3112210583925794,455,212,107,0.5047169811320755,0.4952830188679245,0.1713007682024376,0.3614073671740698,4,14,Low,Low,Core / Maintenance,4,-0.31111251288635977,Low Priority,Maintain efficiently
HCP_1734,British Columbia,Internal Medicine,1.3112210583925794,412,286,103,0.3601398601398601,0.6398601398601398,0.4734866225084581,0.2951072238593325,88,25,High,Low,Core / Maintenance,0,0.18834928745679508,Medium Priority,Maintain efficiently
HCP_1735,British Columbia,Internal Medicine,1.3112210583925794,606,293,137,0.4675767918088737,0.5324232081911262,-0.0993383739866638,0.1205949869208589,37,52,Medium,Medium,Core / Maintenance,2,-0.6120019837714143,Low Priority,Maintain efficiently
HCP_1736,British Columbia,Internal Medicine,1.3112210583925794,260,110,49,0.4454545454545454,0.5545454545454546,0.1039792656471811,0.2004108833764833,49,43,Medium,Medium,Core / Maintenance,0,-0.7111955027225655,Low Priority,Maintain efficiently
HCP_1737,British Columbia,Internal Medicine,1.3112210583925794,317,197,32,0.1624365482233502,0.8375634517766497,-0.0349062742352927,0.2229150034275067,37,31,Medium,Low,Core / Maintenance,3,-0.16341306684216259,Low Priority,Maintain efficiently
HCP_1738,British Columbia,Internal Medicine,1.3112210583925794,315,201,73,0.36318407960199,0.6368159203980099,-0.0146548365492052,0.0693261693626419,55,27,Medium,Low,Core / Maintenance,2,-0.7727973195384046,Low Priority,Maintain efficiently
HCP_1739,British Columbia,Internal Medicine,1.3112210583925794,639,478,252,0.5271966527196653,0.4728033472803347,-0.0364254425208147,0.3841231296760195,62,38,Medium,Medium,Core / Maintenance,4,-0.29666665890455146,Low Priority,Maintain efficiently
HCP_1740,British Columbia,Internal Medicine,1.3112210583925794,834,526,151,0.2870722433460076,0.7129277566539924,-0.0850785961360701,0.0950020412789074,47,31,Medium,Low,Core / Maintenance,2,-0.09222605829508432,Low Priority,Maintain efficiently
HCP_1741,British Columbia,Internal Medicine,1.3112210583925794,442,238,138,0.5798319327731093,0.4201680672268907,0.0450450365858406,0.2941114435293544,89,76,High,High,Core / Maintenance,4,-0.7197761828407774,Low Priority,Maintain efficiently
HCP_1742,British Columbia,Internal Medicine,1.3112210583925794,432,312,93,0.2980769230769231,0.7019230769230769,-0.1269403224457883,0.2271808626318081,58,78,Medium,High,Core / Maintenance,2,-0.30109807492093843,Low Priority,Maintain efficiently
HCP_1743,British Columbia,Internal Medicine,1.3112210583925794,469,289,37,0.1280276816608996,0.8719723183391004,0.1636169079814244,0.0589712874595479,76,17,High,Low,Core / Maintenance,0,-0.05368491391608396,Low Priority,Maintain efficiently
HCP_1744,British Columbia,Internal Medicine,1.3112210583925794,688,297,78,0.2626262626262626,0.7373737373737373,0.0566003523240049,0.3736616165525266,43,69,Medium,High,Core / Maintenance,3,0.24590554381427532,Medium Priority,Maintain efficiently
HCP_1745,British Columbia,Internal Medicine,1.3112210583925794,331,207,119,0.5748792270531401,0.4251207729468599,0.1006921967481727,0.3481428830866266,89,10,High,Low,Core / Maintenance,4,-0.6682007835095022,Low Priority,Maintain efficiently
HCP_1746,British Columbia,Internal Medicine,1.3112210583925794,498,380,86,0.2263157894736842,0.7736842105263158,-0.0059426334335467,0.2334902747663424,54,31,Medium,Low,Core / Maintenance,3,-0.09341432926292476,Low Priority,Maintain efficiently
HCP_1747,British Columbia,Internal Medicine,1.3112210583925794,644,360,190,0.5277777777777778,0.4722222222222222,0.0059355278945902,0.1301298176488058,54,19,Medium,Low,Core / Maintenance,2,-0.6741816353750065,Low Priority,Maintain efficiently
HCP_1748,British Columbia,Internal Medicine,1.3112210583925794,546,283,151,0.5335689045936396,0.4664310954063604,0.0845076686200793,0.092568011738033,0,96,Low,High,Core / Maintenance,0,-0.7872313147184828,Low Priority,Maintain efficiently
HCP_1749,British Columbia,Internal Medicine,1.3112210583925794,489,224,54,0.2410714285714285,0.7589285714285714,-0.089686075888699,0.1771873678012443,7,39,Low,Medium,Core / Maintenance,2,-0.21428345733548568,Low Priority,Maintain efficiently
HCP_1750,British Columbia,Internal Medicine,1.3112210583925794,650,299,29,0.0969899665551839,0.903010033444816,0.0070411478703997,0.1393998983661317,3,7,Low,Low,Core / Maintenance,2,0.1543657721990704,Medium Priority,Maintain efficiently
HCP_1751,British Columbia,Internal Medicine,1.3112210583925794,178,102,46,0.4509803921568627,0.5490196078431373,-0.0531536216654144,0.2273419203522045,84,34,High,Medium,Core / Maintenance,4,-0.8322254973624608,Low Priority,Maintain efficiently
HCP_1752,British Columbia,Cardiology,2.150213817563835,744,475,105,0.2210526315789473,0.7789473684210526,-0.0568682572709217,0.3882432536432001,85,68,High,High,Core / Maintenance,3,0.38532342166866573,Medium Priority,Maintain efficiently
HCP_1753,British Columbia,Cardiology,2.150213817563835,467,202,97,0.4801980198019802,0.5198019801980198,-0.203180588875077,0.2512337226303745,52,98,Medium,High,Core / Maintenance,2,-0.5732936709685292,Low Priority,Maintain efficiently
HCP_1754,British Columbia,Cardiology,2.150213817563835,309,240,70,0.2916666666666667,0.7083333333333333,0.2107191907375999,0.3614758695615342,57,77,Medium,High,Core / Maintenance,3,-0.0032704159980661007,Low Priority,Maintain efficiently
HCP_1755,British Columbia,Cardiology,2.150213817563835,701,492,156,0.3170731707317073,0.6829268292682926,-0.0323846503784522,0.277807593123522,36,20,Medium,Low,Core / Maintenance,3,-0.0020803101611844843,Low Priority,Maintain efficiently
HCP_1756,British Columbia,Cardiology,2.150213817563835,949,602,288,0.4784053156146179,0.521594684385382,0.189605126619626,0.2163362843055201,48,23,Medium,Low,Core / Maintenance,0,0.017969544563892145,Low Priority,Maintain efficiently
HCP_1757,British Columbia,Cardiology,2.150213817563835,559,409,106,0.2591687041564792,0.7408312958435208,0.1782550785673151,0.3491126469566799,66,16,Medium,Low,Core / Maintenance,3,0.23998993293587642,Medium Priority,Maintain efficiently
HCP_1758,British Columbia,Cardiology,2.150213817563835,819,354,104,0.2937853107344633,0.7062146892655368,-0.1043199647819792,0.2149788385605491,18,17,Low,Low,Core / Maintenance,2,0.06082341125755959,Medium Priority,Maintain efficiently
HCP_1759,British Columbia,Cardiology,2.150213817563835,1031,609,156,0.2561576354679803,0.7438423645320197,-0.0806093482807414,0.3540198596786263,0,97,Low,High,Core / Maintenance,3,0.5440492404991023,High Priority,Digital-led opportunity development
HCP_1760,British Columbia,Cardiology,2.150213817563835,929,606,153,0.2524752475247525,0.7475247524752475,0.357260355122682,0.1520518693515178,28,11,Low,Low,Core / Maintenance,0,0.5311116622983658,High Priority,Maintain efficiently
HCP_1761,British Columbia,Cardiology,2.150213817563835,1041,761,258,0.3390275952693823,0.6609724047306176,0.2601111130312572,0.0950845758170458,86,15,High,Low,Core / Maintenance,0,0.27221708365385455,Medium Priority,Maintain efficiently
HCP_1762,British Columbia,Cardiology,2.150213817563835,761,543,269,0.4953959484346225,0.5046040515653776,0.0462177784006275,0.3493600625270284,32,3,Low,Low,Core / Maintenance,4,-0.17009642705058975,Low Priority,Maintain efficiently
HCP_1763,British Columbia,Cardiology,2.150213817563835,602,308,77,0.25,0.75,0.0808847727700819,0.2555953073274334,51,88,Medium,High,Core / Maintenance,3,0.03933764594434973,Medium Priority,Maintain efficiently
HCP_1764,British Columbia,Cardiology,2.150213817563835,335,260,88,0.3384615384615385,0.6615384615384615,-0.0257015683536626,0.361182339387136,40,33,Medium,Medium,Core / Maintenance,4,-0.2690805928998321,Low Priority,Maintain efficiently
HCP_1765,British Columbia,Gastroenterology,2.161033768402706,539,242,101,0.4173553719008264,0.5826446280991735,0.1018823257040408,0.3782395224473341,22,91,Low,High,Core / Maintenance,4,-0.12576801617395825,Low Priority,Maintain efficiently
HCP_1766,British Columbia,Gastroenterology,2.161033768402706,438,329,65,0.1975683890577507,0.8024316109422492,-0.0360618280866965,0.0687699366300072,4,45,Low,Medium,Core / Maintenance,2,-0.3443768553790847,Low Priority,Maintain efficiently
HCP_1767,British Columbia,Gastroenterology,2.161033768402706,1257,991,201,0.2028254288597376,0.7971745711402624,-0.1938824517158061,0.2253392556506039,70,74,High,High,Core / Maintenance,2,0.6683883826292846,High Priority,Field-led opportunity development
HCP_1768,British Columbia,Gastroenterology,2.161033768402706,553,260,146,0.5615384615384615,0.4384615384615384,-0.1085866943813261,0.1812375921760852,56,76,Medium,High,Core / Maintenance,4,-0.7483762631308298,Low Priority,Maintain efficiently
HCP_1769,British Columbia,Gastroenterology,2.161033768402706,614,423,189,0.4468085106382978,0.5531914893617021,0.0525311297420704,0.269050438974541,5,30,Low,Low,Core / Maintenance,4,-0.3330714490700683,Low Priority,Maintain efficiently
HCP_1770,British Columbia,Gastroenterology,2.161033768402706,713,297,109,0.367003367003367,0.632996632996633,-0.0857280682603105,0.3277569190208132,48,24,Medium,Low,Core / Maintenance,4,-0.009319048682420478,Low Priority,Maintain efficiently
HCP_1771,British Columbia,Gastroenterology,2.161033768402706,597,336,136,0.4047619047619047,0.5952380952380952,0.0419267042103758,0.1482065755910291,21,73,Low,High,Core / Maintenance,0,-0.46126998565290495,Low Priority,Maintain efficiently
HCP_1772,British Columbia,Neurology,2.4395878754407203,1131,686,45,0.0655976676384839,0.934402332361516,-0.0789593247319435,0.2448794345306101,76,23,High,Low,Core / Maintenance,3,0.8342069951231571,High Priority,Field-led opportunity development
HCP_1773,British Columbia,Neurology,2.4395878754407203,502,317,124,0.3911671924290221,0.6088328075709779,-0.0438824707002392,0.2980550029667149,75,64,High,Medium,Core / Maintenance,4,-0.30218995907654184,Low Priority,Maintain efficiently
HCP_1774,British Columbia,Neurology,2.4395878754407203,669,518,171,0.3301158301158301,0.6698841698841699,0.152379836769583,0.0970508789925069,3,24,Low,Low,Core / Maintenance,0,-0.19735393316537791,Low Priority,Maintain efficiently
HCP_1775,British Columbia,Neurology,2.4395878754407203,482,322,113,0.3509316770186335,0.6490683229813665,0.0796976657168125,0.3349234170829434,71,27,High,Low,Core / Maintenance,4,-0.14796067135584953,Low Priority,Maintain efficiently
HCP_1776,British Columbia,Neurology,2.4395878754407203,394,233,58,0.2489270386266094,0.7510729613733905,0.0488402694423983,0.2621383599485406,63,35,Medium,Medium,Core / Maintenance,3,-0.18797591241610698,Low Priority,Maintain efficiently
HCP_1777,British Columbia,Neurology,2.4395878754407203,504,365,35,0.0958904109589041,0.904109589041096,0.1554756767684781,0.3823381029897781,36,81,Medium,High,Emerging Opportunity,3,0.5157378848594585,High Priority,Digital-first nurture
HCP_1778,British Columbia,Neurology,2.4395878754407203,617,481,75,0.1559251559251559,0.844074844074844,0.1076730312016816,0.1688351216957426,30,5,Low,Low,Core / Maintenance,0,0.13287776742023222,Medium Priority,Maintain efficiently
HCP_1779,British Columbia,Neurology,2.4395878754407203,538,220,126,0.5727272727272728,0.4272727272727272,0.2235875949501641,0.0878510798180195,36,65,Medium,Medium,Core / Maintenance,0,-0.7057612638093029,Low Priority,Maintain efficiently
HCP_1780,British Columbia,Neurology,2.4395878754407203,490,389,107,0.2750642673521851,0.724935732647815,-0.0051831114778168,0.2272754203629238,44,66,Medium,Medium,Core / Maintenance,2,-0.20196810247551636,Low Priority,Maintain efficiently
HCP_1781,British Columbia,Neurology,2.4395878754407203,382,166,51,0.3072289156626506,0.6927710843373494,-0.001556197423301,0.0800337700983036,89,71,High,High,Core / Maintenance,2,-0.5872282709286832,Low Priority,Maintain efficiently
HCP_1782,British Columbia,Neurology,2.4395878754407203,607,441,35,0.0793650793650793,0.9206349206349208,-0.1061331119669614,0.3893342831634024,7,94,Low,High,Core / Maintenance,3,0.5212458700440608,High Priority,Digital-led opportunity development
HCP_1783,British Columbia,Neurology,2.4395878754407203,369,189,13,0.0687830687830687,0.9312169312169312,-0.0014776860846903,0.063539735390017,39,47,Medium,Medium,Core / Maintenance,2,-0.17677236557329495,Low Priority,Maintain efficiently
HCP_1784,British Columbia,Neurology,2.4395878754407203,815,369,164,0.4444444444444444,0.5555555555555556,0.1657723873162934,0.3137263653875578,96,82,High,High,Core / Maintenance,4,0.06995435578019898,Medium Priority,Maintain efficiently
HCP_1785,British Columbia,Neurology,2.4395878754407203,643,370,128,0.3459459459459459,0.654054054054054,0.2059984846714561,0.2337858393497854,92,69,High,High,Core / Maintenance,0,0.01860148844797372,Low Priority,Maintain efficiently
HCP_1786,British Columbia,Neurology,2.4395878754407203,375,247,81,0.3279352226720647,0.6720647773279352,0.1652366201704001,0.179017228374401,4,77,Low,High,Core / Maintenance,0,-0.33727802571604343,Low Priority,Maintain efficiently
HCP_1787,British Columbia,Neurology,2.4395878754407203,561,310,57,0.1838709677419354,0.8161290322580645,-0.1653030239859323,0.0730447575780291,27,66,Low,Medium,Core / Maintenance,2,-0.1939526008748301,Low Priority,Maintain efficiently
HCP_1788,British Columbia,Neurology,2.4395878754407203,480,202,93,0.4603960396039604,0.5396039603960396,0.1799774255192881,0.2677584234607627,80,47,High,Medium,Core / Maintenance,4,-0.33382291469561803,Low Priority,Maintain efficiently
HCP_1789,British Columbia,Psychiatry,1.8818890302446185,614,393,56,0.1424936386768447,0.8575063613231553,-0.1706222347926485,0.2548271152868344,86,64,High,Medium,Core / Maintenance,2,0.20755613626715394,Medium Priority,Maintain efficiently
HCP_1790,British Columbia,Psychiatry,1.8818890302446185,877,667,103,0.1544227886056971,0.8455772113943029,0.1577740788946817,0.1483091455736599,8,43,Low,Medium,Core / Maintenance,0,0.41608838556839256,Medium Priority,Maintain efficiently
HCP_1791,British Columbia,Psychiatry,1.8818890302446185,285,158,48,0.3037974683544304,0.6962025316455696,0.0058658568114733,0.3685775954936092,1,93,Low,High,Core / Maintenance,3,-0.2409791255061415,Low Priority,Maintain efficiently
HCP_1792,British Columbia,Psychiatry,1.8818890302446185,571,278,58,0.2086330935251798,0.7913669064748201,0.1343039976720627,0.1564385025699929,62,62,Medium,Medium,Core / Maintenance,0,0.003573654410810978,Low Priority,Maintain efficiently
HCP_1793,British Columbia,Psychiatry,1.8818890302446185,519,299,56,0.1872909698996655,0.8127090301003345,-0.1098938017473479,0.2074038937072371,95,45,High,Medium,Core / Maintenance,2,-0.039098629226011344,Low Priority,Maintain efficiently
HCP_1794,British Columbia,Psychiatry,1.8818890302446185,694,291,118,0.4054982817869416,0.5945017182130584,0.1905401159247375,0.2403168595715294,50,18,Medium,Low,Core / Maintenance,0,-0.053236062221736366,Low Priority,Maintain efficiently
HCP_1795,British Columbia,Psychiatry,1.8818890302446185,591,430,175,0.4069767441860465,0.5930232558139534,-0.1257969695325866,0.0850811573617001,30,63,Low,Medium,Core / Maintenance,2,-0.5659472170103594,Low Priority,Maintain efficiently
HCP_1796,British Columbia,Psychiatry,1.8818890302446185,422,308,155,0.5032467532467533,0.4967532467532467,-0.0302145893023813,0.3762566017247713,6,82,Low,High,Core / Maintenance,4,-0.4721937320727098,Low Priority,Maintain efficiently
HCP_1797,British Columbia,Psychiatry,1.8818890302446185,491,312,87,0.2788461538461538,0.7211538461538461,-0.0697713553322842,0.1810876533578644,29,72,Low,High,Core / Maintenance,2,-0.27743313732123653,Low Priority,Maintain efficiently
HCP_1798,British Columbia,Psychiatry,1.8818890302446185,415,225,20,0.0888888888888888,0.9111111111111112,-0.1605141823386998,0.0782727248560202,57,70,Medium,High,Core / Maintenance,2,-0.1481720385375981,Low Priority,Maintain efficiently
HCP_1799,British Columbia,Psychiatry,1.8818890302446185,800,576,115,0.1996527777777778,0.8003472222222222,0.0613433081106162,0.1855519107863655,2,100,Low,High,Core / Maintenance,3,0.19530281382444897,Medium Priority,Maintain efficiently
HCP_1800,British Columbia,Psychiatry,1.8818890302446185,553,344,203,0.5901162790697675,0.4098837209302325,0.2667306941404354,0.2600708914824032,50,49,Medium,Medium,Core / Maintenance,4,-0.4128290595065427,Low Priority,Maintain efficiently
HCP_1801,British Columbia,Psychiatry,1.8818890302446185,1067,779,294,0.3774069319640565,0.6225930680359435,0.370028626678401,0.2297784351374653,55,62,Medium,Medium,Core / Maintenance,0,0.5614996278657491,High Priority,Maintain efficiently
HCP_1802,British Columbia,Psychiatry,1.8818890302446185,537,350,154,0.44,0.56,0.0616586944503497,0.2930896909130459,72,40,High,Medium,Core / Maintenance,4,-0.34711503598739113,Low Priority,Maintain efficiently
HCP_1803,British Columbia,Psychiatry,1.8818890302446185,428,305,16,0.0524590163934426,0.9475409836065574,0.1840017530081026,0.0694193797237687,9,6,Low,Low,Core / Maintenance,0,0.0893409020759196,Medium Priority,Maintain efficiently
HCP_1804,British Columbia,Psychiatry,1.8818890302446185,323,207,69,0.3333333333333333,0.6666666666666667,0.0778513565514244,0.1495892135952196,60,8,Medium,Low,Core / Maintenance,0,-0.5482596033297821,Low Priority,Maintain efficiently
HCP_1805,British Columbia,Psychiatry,1.8818890302446185,292,165,12,0.0727272727272727,0.9272727272727272,0.1098659833721855,0.3367307018940358,49,3,Medium,Low,Emerging Opportunity,3,0.23122098689949794,Medium Priority,Develop engagement
HCP_1806,British Columbia,Psychiatry,1.8818890302446185,315,247,90,0.3643724696356275,0.6356275303643725,0.0089421618647313,0.0779627907269763,46,88,Medium,High,Core / Maintenance,2,-0.7620655115342142,Low Priority,Maintain efficiently
HCP_1807,British Columbia,Psychiatry,1.8818890302446185,603,372,207,0.5564516129032258,0.4435483870967742,0.0734092310507122,0.3494200841435851,89,48,High,Medium,Core / Maintenance,4,-0.4034039849435118,Low Priority,Maintain efficiently
HCP_1808,British Columbia,Psychiatry,1.8818890302446185,656,421,245,0.5819477434679335,0.4180522565320664,0.1144974445527714,0.0821636322269872,0,75,Low,High,Core / Maintenance,0,-0.7512914684961253,Low Priority,Maintain efficiently
HCP_1809,British Columbia,Psychiatry,1.8818890302446185,316,154,53,0.3441558441558441,0.6558441558441559,-0.0194151674651597,0.3420589752120937,93,5,High,Low,Core / Maintenance,4,-0.3267480363134466,Low Priority,Maintain efficiently
HCP_1810,British Columbia,Psychiatry,1.8818890302446185,751,488,147,0.3012295081967213,0.6987704918032787,0.0407006840128414,0.1762759403775543,56,81,Medium,High,Core / Maintenance,2,-0.07664100066458863,Low Priority,Maintain efficiently
HCP_1811,British Columbia,Psychiatry,1.8818890302446185,463,291,166,0.570446735395189,0.429553264604811,0.0429883857203014,0.2642731721400255,37,20,Medium,Low,Core / Maintenance,4,-0.7270232053332272,Low Priority,Maintain efficiently
HCP_1812,British Columbia,Psychiatry,1.8818890302446185,578,274,115,0.4197080291970803,0.5802919708029197,0.1491683980796629,0.1035104904767993,61,14,Medium,Low,Core / Maintenance,0,-0.4473148049839074,Low Priority,Maintain efficiently
HCP_1813,British Columbia,Psychiatry,1.8818890302446185,965,409,35,0.0855745721271393,0.9144254278728606,-0.0779238605953216,0.0731590526038133,78,66,High,Medium,Core / Maintenance,2,0.3793109063008768,Medium Priority,Maintain efficiently
HCP_1814,British Columbia,Psychiatry,1.8818890302446185,751,482,148,0.3070539419087137,0.6929460580912863,0.0438149349670818,0.1255783714070473,88,65,High,Medium,Core / Maintenance,2,-0.16367190503497672,Low Priority,Maintain efficiently
HCP_1815,British Columbia,Psychiatry,1.8818890302446185,500,353,64,0.1813031161473088,0.8186968838526912,0.2794406562863237,0.0947488362680434,69,55,High,Medium,Core / Maintenance,0,0.07117729116470822,Medium Priority,Maintain efficiently
HCP_1816,British Columbia,Psychiatry,1.8818890302446185,402,245,76,0.310204081632653,0.689795918367347,0.1896872183103125,0.1593420641878711,81,67,High,High,Core / Maintenance,0,-0.2777052113611114,Low Priority,Maintain efficiently
HCP_1817,British Columbia,Psychiatry,1.8818890302446185,258,127,38,0.2992125984251969,0.7007874015748031,0.2119014858666446,0.2300341362788571,64,31,Medium,Low,Core / Maintenance,0,-0.2623305116064299,Low Priority,Maintain efficiently
HCP_1818,British Columbia,Psychiatry,1.8818890302446185,427,285,106,0.3719298245614035,0.6280701754385964,0.0529318208213641,0.2560658122477534,61,65,Medium,Medium,Core / Maintenance,4,-0.39131464825111156,Low Priority,Maintain efficiently
HCP_1819,British Columbia,Psychiatry,1.8818890302446185,510,220,54,0.2454545454545454,0.7545454545454545,0.0885197076423227,0.32645383758291,55,28,Medium,Low,Core / Maintenance,3,0.0750709600494063,Medium Priority,Maintain efficiently
HCP_1820,British Columbia,Psychiatry,1.8818890302446185,388,224,31,0.1383928571428571,0.8616071428571428,0.170268340004351,0.2796839626369255,66,65,Medium,Medium,Core / Maintenance,3,0.18835404518475815,Medium Priority,Maintain efficiently
HCP_1821,British Columbia,Psychiatry,1.8818890302446185,524,244,80,0.3278688524590163,0.6721311475409837,0.2372306635437117,0.2630654137953435,16,33,Low,Medium,Core / Maintenance,0,0.02017241029538394,Low Priority,Maintain efficiently
HCP_1822,British Columbia,Psychiatry,1.8818890302446185,564,267,135,0.5056179775280899,0.4943820224719101,-0.1841923495459463,0.1941237096200211,7,26,Low,Low,Core / Maintenance,2,-0.6134577022514529,Low Priority,Maintain efficiently
HCP_1823,British Columbia,Psychiatry,1.8818890302446185,507,244,101,0.4139344262295082,0.5860655737704918,-0.1078529568459814,0.2158329522360485,59,59,Medium,Medium,Core / Maintenance,2,-0.46354159794940053,Low Priority,Maintain efficiently
HCP_1824,British Columbia,Psychiatry,1.8818890302446185,437,242,57,0.2355371900826446,0.7644628099173554,0.2071332921683177,0.1950822902865633,39,38,Medium,Medium,Core / Maintenance,0,-0.02890825868026576,Low Priority,Maintain efficiently
HCP_1825,British Columbia,Psychiatry,1.8818890302446185,582,245,138,0.563265306122449,0.436734693877551,0.0167732773077435,0.3447581105214841,80,43,High,Medium,Core / Maintenance,4,-0.47829252365704944,Low Priority,Maintain efficiently
HCP_1826,British Columbia,Psychiatry,1.8818890302446185,641,358,198,0.553072625698324,0.4469273743016759,-0.0306064947109692,0.1305001583919399,88,81,High,High,Core / Maintenance,2,-0.7240054207230603,Low Priority,Maintain efficiently
HCP_1827,British Columbia,Psychiatry,1.8818890302446185,375,227,37,0.1629955947136563,0.8370044052863437,-0.1004993184394724,0.0520023260396876,61,35,Medium,Medium,Core / Maintenance,2,-0.365216233659648,Low Priority,Maintain efficiently
HCP_1828,British Columbia,Psychiatry,1.8818890302446185,899,533,38,0.0712945590994371,0.9287054409005628,-0.0166020041852931,0.2779619640291838,40,18,Medium,Low,Core / Maintenance,3,0.6500511574953451,High Priority,Maintain efficiently
HCP_1829,British Columbia,Psychiatry,1.8818890302446185,530,293,134,0.4573378839590443,0.5426621160409557,-0.1182843140108589,0.120861764273591,11,90,Low,High,Core / Maintenance,2,-0.6654658427784951,Low Priority,Maintain efficiently
HCP_1830,British Columbia,Psychiatry,1.8818890302446185,552,406,205,0.5049261083743842,0.4950738916256157,0.3009313127278972,0.3615402977084332,92,44,High,Medium,Core / Maintenance,4,-0.059786393507305996,Low Priority,Maintain efficiently
HCP_1831,British Columbia,Psychiatry,1.8818890302446185,703,322,188,0.5838509316770186,0.4161490683229814,0.0473076737623311,0.3506662153973296,88,83,High,High,Core / Maintenance,4,-0.3886705609275309,Low Priority,Maintain efficiently
HCP_1832,British Columbia,Psychiatry,1.8818890302446185,595,358,193,0.5391061452513967,0.4608938547486033,0.0430459349884738,0.076854580174872,99,20,High,Low,Core / Maintenance,0,-0.822539215324412,Low Priority,Maintain efficiently
HCP_1833,British Columbia,Psychiatry,1.8818890302446185,766,325,124,0.3815384615384615,0.6184615384615384,0.1205692010201398,0.087235941894927,53,22,Medium,Low,Core / Maintenance,0,-0.2541836559645912,Low Priority,Maintain efficiently
HCP_1834,British Columbia,Psychiatry,1.8818890302446185,607,260,89,0.3423076923076923,0.6576923076923077,0.1654814203119883,0.2233100572863332,88,93,High,High,Core / Maintenance,0,-0.07436947943910638,Low Priority,Maintain efficiently
HCP_1835,British Columbia,Psychiatry,1.8818890302446185,443,279,18,0.064516129032258,0.935483870967742,0.1635065787865567,0.2632279319692741,92,88,High,High,Core / Maintenance,3,0.3470077319491942,Medium Priority,Maintain efficiently
HCP_1836,British Columbia,Psychiatry,1.8818890302446185,623,390,72,0.1846153846153846,0.8153846153846154,0.1788346332689085,0.1462179181187842,10,94,Low,High,Core / Maintenance,0,0.13769458617423816,Medium Priority,Maintain efficiently
HCP_1837,British Columbia,Psychiatry,1.8818890302446185,368,276,84,0.3043478260869565,0.6956521739130435,-0.0257014660949027,0.3008792008447797,59,26,Medium,Low,Core / Maintenance,3,-0.2638035521877479,Low Priority,Maintain efficiently
HCP_1838,British Columbia,Psychiatry,1.8818890302446185,570,355,140,0.3943661971830985,0.6056338028169015,0.0142559834051766,0.258220607321605,67,97,High,High,Core / Maintenance,4,-0.302590503584114,Low Priority,Maintain efficiently
HCP_1839,British Columbia,Psychiatry,1.8818890302446185,542,425,152,0.3576470588235294,0.6423529411764706,0.142283798653073,0.1636884384119941,77,71,High,High,Core / Maintenance,0,-0.2834874147575848,Low Priority,Maintain efficiently
HCP_1840,British Columbia,Psychiatry,1.8818890302446185,510,214,98,0.4579439252336448,0.5420560747663552,-0.0132866873967543,0.0588800208148104,45,18,Medium,Low,Core / Maintenance,2,-0.7788695376467927,Low Priority,Maintain efficiently
HCP_1841,British Columbia,Psychiatry,1.8818890302446185,525,231,47,0.2034632034632034,0.7965367965367965,0.049387204156733,0.3125525984544812,37,40,Medium,Medium,Core / Maintenance,3,0.09970852067128412,Medium Priority,Maintain efficiently
HCP_1842,British Columbia,Psychiatry,1.8818890302446185,284,119,43,0.361344537815126,0.6386554621848739,0.0978516517309777,0.1251637830387789,60,25,Medium,Low,Core / Maintenance,0,-0.6506087722529648,Low Priority,Maintain efficiently
HCP_1843,British Columbia,Psychiatry,1.8818890302446185,453,215,21,0.0976744186046511,0.9023255813953488,0.1442222098772451,0.3420658102119199,16,27,Low,Low,Emerging Opportunity,3,0.38915796107266687,Medium Priority,Develop engagement
HCP_1844,British Columbia,Psychiatry,1.8818890302446185,567,350,97,0.2771428571428571,0.7228571428571429,-0.1633217154844241,0.1971015910189893,65,63,Medium,Medium,Core / Maintenance,2,-0.1771095421815887,Low Priority,Maintain efficiently
HCP_1845,British Columbia,Psychiatry,1.8818890302446185,580,382,177,0.4633507853403141,0.5366492146596858,0.1357694779866734,0.2519771049211179,71,67,High,High,Core / Maintenance,4,-0.3208505489372405,Low Priority,Maintain efficiently
HCP_1846,British Columbia,Psychiatry,1.8818890302446185,383,160,69,0.43125,0.56875,0.0219531130577929,0.3555320556431506,35,94,Medium,High,Core / Maintenance,4,-0.40562285959429956,Low Priority,Maintain efficiently
HCP_1847,British Columbia,Psychiatry,1.8818890302446185,855,666,396,0.5945945945945946,0.4054054054054054,0.1348949253037257,0.3522680503219837,73,79,High,High,Core / Maintenance,4,-0.15334659803546474,Low Priority,Maintain efficiently
HCP_1848,British Columbia,Psychiatry,1.8818890302446185,405,298,60,0.2013422818791946,0.7986577181208054,0.1432318030825794,0.1800318513352506,6,50,Low,Medium,Core / Maintenance,0,-0.09606880401107862,Low Priority,Maintain efficiently
HCP_1849,British Columbia,Psychiatry,1.8818890302446185,770,399,129,0.3233082706766917,0.6766917293233083,0.2429498073342988,0.1231111124501951,99,73,High,High,Core / Maintenance,0,0.06222994649173744,Medium Priority,Maintain efficiently
HCP_1850,British Columbia,Psychiatry,1.8818890302446185,637,274,63,0.22992700729927,0.7700729927007299,0.2124144377145443,0.3213011272050081,15,47,Low,Medium,Core / Maintenance,3,0.36986087985681515,Medium Priority,Maintain efficiently
HCP_1851,British Columbia,Psychiatry,1.8818890302446185,438,205,60,0.2926829268292683,0.7073170731707317,0.2115885995132355,0.2015780712607459,13,9,Low,Low,Core / Maintenance,0,-0.12005725365514698,Low Priority,Maintain efficiently
HCP_1852,British Columbia,Psychiatry,1.8818890302446185,1021,460,240,0.5217391304347826,0.4782608695652174,0.2232404382999486,0.1172146977456514,79,72,High,High,High-Value Established,0,-0.10187302317917285,Low Priority,Retain and deepen
HCP_1853,British Columbia,Psychiatry,1.8818890302446185,361,162,69,0.4259259259259259,0.5740740740740741,0.0849654781779135,0.3665488698110026,24,38,Low,Medium,Core / Maintenance,4,-0.35123987603408113,Low Priority,Maintain efficiently
HCP_1854,British Columbia,Psychiatry,1.8818890302446185,757,460,246,0.5347826086956522,0.4652173913043478,0.0538622104444207,0.1193364679843805,3,99,Low,High,Core / Maintenance,0,-0.5838207540006004,Low Priority,Maintain efficiently
HCP_1855,British Columbia,Psychiatry,1.8818890302446185,779,388,63,0.1623711340206185,0.8376288659793815,0.1547380499814001,0.0590325088669308,28,99,Low,High,Core / Maintenance,0,0.16921153896410157,Medium Priority,Maintain efficiently
HCP_1856,British Columbia,Psychiatry,1.8818890302446185,434,236,125,0.5296610169491526,0.4703389830508474,0.1378497141719626,0.0570979908185969,55,18,Medium,Low,Core / Maintenance,0,-0.8757307533387513,Low Priority,Maintain efficiently
HCP_1857,British Columbia,Psychiatry,1.8818890302446185,893,711,59,0.0829817158931083,0.9170182841068916,0.0129120515914087,0.2678103747589925,5,63,Low,Medium,Core / Maintenance,3,0.6070996430517891,High Priority,Maintain efficiently
HCP_1858,British Columbia,Psychiatry,1.8818890302446185,503,339,183,0.5398230088495575,0.4601769911504425,0.0985788090569921,0.2815862712511356,0,18,Low,Low,Core / Maintenance,4,-0.5394435928428308,Low Priority,Maintain efficiently
HCP_1859,British Columbia,Psychiatry,1.8818890302446185,607,473,109,0.2304439746300211,0.7695560253699789,0.0457884239858486,0.1588645967699443,38,75,Medium,High,Core / Maintenance,2,-0.10716367273454083,Low Priority,Maintain efficiently
HCP_1860,British Columbia,Pediatrics,2.574384687791779,703,321,72,0.2242990654205607,0.7757009345794392,-0.0524719490152067,0.1620038462364721,0,61,Low,Medium,Core / Maintenance,2,0.00022308200400916744,Low Priority,Maintain efficiently
HCP_1861,British Columbia,Pediatrics,2.574384687791779,612,338,112,0.3313609467455621,0.6686390532544378,0.2048552889651619,0.1688228702709799,62,12,Medium,Low,Core / Maintenance,0,-0.08272778008888722,Low Priority,Maintain efficiently
HCP_1862,British Columbia,Pediatrics,2.574384687791779,852,530,301,0.5679245283018868,0.4320754716981132,0.0566239091036107,0.2880554913656075,56,24,Medium,Low,Core / Maintenance,4,-0.2980770970572067,Low Priority,Maintain efficiently
HCP_1863,British Columbia,Pediatrics,2.574384687791779,847,365,28,0.0767123287671232,0.9232876712328768,0.2958449909238621,0.07034682685939,66,99,Medium,High,Core / Maintenance,0,0.584668657643711,High Priority,Digital-led opportunity development
HCP_1864,British Columbia,Pediatrics,2.574384687791779,348,140,34,0.2428571428571428,0.7571428571428571,-0.1450590724239799,0.3751907234419639,64,88,Medium,High,Core / Maintenance,3,-0.05604216996009173,Low Priority,Maintain efficiently
HCP_1865,British Columbia,Pediatrics,2.574384687791779,1013,677,353,0.5214180206794683,0.4785819793205317,-0.0168134527412039,0.1278823654621062,64,91,Medium,High,High-Value Established,2,-0.3107461749035953,Low Priority,Retain and deepen
HCP_1866,British Columbia,Pediatrics,2.574384687791779,359,236,63,0.2669491525423729,0.7330508474576272,0.0539166604029045,0.3998856218347323,20,41,Low,Medium,Core / Maintenance,3,-0.04252555705509947,Low Priority,Maintain efficiently
HCP_1867,British Columbia,Pediatrics,2.574384687791779,921,520,83,0.1596153846153846,0.8403846153846154,0.1864857317154696,0.1100329428255154,29,38,Low,Medium,Core / Maintenance,0,0.42624962011175427,Medium Priority,Maintain efficiently
HCP_1868,British Columbia,Pediatrics,2.574384687791779,952,567,161,0.2839506172839506,0.7160493827160495,0.0979363247122622,0.3200412600593321,95,29,High,Low,Core / Maintenance,3,0.4297303673249466,Medium Priority,Maintain efficiently
HCP_1869,British Columbia,Pediatrics,2.574384687791779,438,248,65,0.2620967741935484,0.7379032258064516,0.0872567305016901,0.1281943907253687,32,4,Low,Low,Core / Maintenance,0,-0.3245395575748934,Low Priority,Maintain efficiently
HCP_1870,British Columbia,Pediatrics,2.574384687791779,556,228,126,0.5526315789473685,0.4473684210526315,-0.0852716551064976,0.0782963805751389,47,80,Medium,High,Core / Maintenance,2,-0.883277314544429,Low Priority,Maintain efficiently
HCP_1871,British Columbia,Pediatrics,2.574384687791779,436,233,109,0.4678111587982833,0.5321888412017167,-0.0888329676675365,0.3562266635227271,21,17,Low,Low,Core / Maintenance,4,-0.42225875442376615,Low Priority,Maintain efficiently
HCP_1872,British Columbia,Pediatrics,2.574384687791779,595,280,92,0.3285714285714285,0.6714285714285715,0.0887005592347885,0.3505629407168122,93,20,High,Low,Core / Maintenance,3,0.03715956118503727,Medium Priority,Maintain efficiently
HCP_1873,British Columbia,Pediatrics,2.574384687791779,576,253,150,0.5928853754940712,0.4071146245059288,-0.113692719258203,0.1912496373573605,53,85,Medium,High,Core / Maintenance,4,-0.770087664241006,Low Priority,Maintain efficiently
HCP_1874,British Columbia,Pediatrics,2.574384687791779,843,660,202,0.306060606060606,0.693939393939394,-0.0138253300347194,0.2958386498891494,3,49,Low,Medium,Core / Maintenance,3,0.18222254646409167,Medium Priority,Maintain efficiently
HCP_1875,British Columbia,Pediatrics,2.574384687791779,1015,649,53,0.0816640986132511,0.9183359013867488,0.1101100794903029,0.244973076439371,86,5,High,Low,High-Potential Conversion,3,0.7723242572837571,High Priority,Deepen field relationship
HCP_1876,British Columbia,Pediatrics,2.574384687791779,1046,723,140,0.1936376210235131,0.8063623789764869,-0.0678789126732131,0.3485346397858121,54,49,Medium,Medium,Core / Maintenance,3,0.66763159078077,High Priority,Maintain efficiently
HCP_1877,British Columbia,Pediatrics,2.574384687791779,527,277,80,0.2888086642599278,0.7111913357400722,0.2426427154834167,0.160269589261529,43,79,Medium,High,Core / Maintenance,0,-0.05128719784543237,Low Priority,Maintain efficiently
HCP_1878,British Columbia,Pediatrics,2.574384687791779,596,332,45,0.1355421686746988,0.8644578313253012,0.1968723613085468,0.2332853399996448,88,65,High,Medium,Core / Maintenance,3,0.3565724504158648,Medium Priority,Maintain efficiently
HCP_1879,British Columbia,Pediatrics,2.574384687791779,356,176,101,0.5738636363636364,0.4261363636363636,-0.138570399800596,0.2198803299215926,11,0,Low,Low,Core / Maintenance,4,-0.9029724785578097,Low Priority,Maintain efficiently
HCP_1880,British Columbia,Pediatrics,2.574384687791779,484,212,100,0.4716981132075472,0.5283018867924528,-0.0618845491818384,0.1738670391899005,80,56,High,Medium,Core / Maintenance,2,-0.6571088730680515,Low Priority,Maintain efficiently
HCP_1881,British Columbia,Pediatrics,2.574384687791779,900,424,84,0.1981132075471698,0.8018867924528301,-0.2242932693393939,0.3620092725947303,78,29,High,Low,Core / Maintenance,3,0.5390446040831859,High Priority,Field-led opportunity development
HCP_1882,British Columbia,Pediatrics,2.574384687791779,1130,812,304,0.3743842364532019,0.625615763546798,-0.0439109635057759,0.1080572736318874,73,57,High,Medium,Core / Maintenance,2,0.048092331592536675,Medium Priority,Maintain efficiently
HCP_1883,British Columbia,Pediatrics,2.574384687791779,417,280,125,0.4464285714285714,0.5535714285714286,0.1419666171886879,0.1023280238322436,98,51,High,Medium,Core / Maintenance,0,-0.6628857891553503,Low Priority,Maintain efficiently
HCP_1884,British Columbia,Pediatrics,2.574384687791779,522,323,183,0.56656346749226,0.4334365325077399,0.0003326069270171,0.251918337362963,51,36,Medium,Medium,Core / Maintenance,4,-0.6815355518127474,Low Priority,Maintain efficiently
HCP_1885,British Columbia,Pediatrics,2.574384687791779,636,375,201,0.536,0.4639999999999999,0.105295669233916,0.2801229804947297,92,47,High,Medium,Core / Maintenance,4,-0.3983565649582336,Low Priority,Maintain efficiently
HCP_1886,British Columbia,Pediatrics,2.574384687791779,708,544,181,0.3327205882352941,0.6672794117647058,-0.1326801181938093,0.1181167390135978,75,86,High,High,Core / Maintenance,2,-0.26441724419939755,Low Priority,Maintain efficiently
HCP_1887,British Columbia,Pediatrics,2.574384687791779,483,207,99,0.4782608695652174,0.5217391304347826,0.1457570305498286,0.1867511047891184,64,0,Medium,Low,Core / Maintenance,0,-0.5278410959081032,Low Priority,Maintain efficiently
HCP_1888,British Columbia,Pediatrics,2.574384687791779,744,381,137,0.3595800524934383,0.6404199475065617,-0.0166131073514019,0.3812973450425603,64,18,Medium,Low,Core / Maintenance,4,0.11479368613655826,Medium Priority,Maintain efficiently
HCP_1889,British Columbia,Pediatrics,2.574384687791779,544,294,104,0.3537414965986394,0.6462585034013606,0.0514603618739486,0.1363160979417359,9,45,Low,Medium,Core / Maintenance,0,-0.4261795993623979,Low Priority,Maintain efficiently
HCP_1890,British Columbia,Pediatrics,2.574384687791779,639,456,52,0.1140350877192982,0.8859649122807017,0.0388550598328336,0.2839262457410879,17,66,Low,Medium,Core / Maintenance,3,0.32870994571111517,Medium Priority,Maintain efficiently
HCP_1891,British Columbia,Pediatrics,2.574384687791779,777,619,74,0.1195476575121163,0.8804523424878836,-0.102585822507074,0.3090522877941568,46,1,Medium,Low,Core / Maintenance,3,0.4887870408192402,High Priority,Maintain efficiently
HCP_1892,British Columbia,Pediatrics,2.574384687791779,643,319,109,0.341692789968652,0.658307210031348,-0.0883701198087738,0.2068450448128058,65,55,Medium,Medium,Core / Maintenance,2,-0.2105971875430655,Low Priority,Maintain efficiently
HCP_1893,British Columbia,Pediatrics,2.574384687791779,551,413,82,0.198547215496368,0.801452784503632,0.1661353362804111,0.3781340953658541,48,100,Medium,High,Core / Maintenance,3,0.3748873223042064,Medium Priority,Maintain efficiently
HCP_1894,British Columbia,Pediatrics,2.574384687791779,618,453,28,0.0618101545253863,0.9381898454746136,0.0978790589002034,0.3078298573265767,71,16,High,Low,Core / Maintenance,3,0.5072229640308158,High Priority,Field-led opportunity development
HCP_1895,British Columbia,Pediatrics,2.574384687791779,622,305,137,0.4491803278688525,0.5508196721311476,0.1760058849864111,0.2102736029513142,21,91,Low,High,Core / Maintenance,0,-0.2673323824564155,Low Priority,Maintain efficiently
HCP_1896,British Columbia,Dermatology,1.955769069952269,491,275,19,0.069090909090909,0.9309090909090908,0.0889589882603022,0.2492673206216329,85,81,High,High,Core / Maintenance,3,0.27262836460035167,Medium Priority,Maintain efficiently
HCP_1897,British Columbia,Dermatology,1.955769069952269,511,288,109,0.3784722222222222,0.6215277777777778,0.0671588761771059,0.2924147051987852,25,96,Low,High,Core / Maintenance,4,-0.2508916928740714,Low Priority,Maintain efficiently
HCP_1898,British Columbia,Dermatology,1.955769069952269,979,775,269,0.3470967741935484,0.6529032258064515,-0.157121274240012,0.2572665631502264,89,78,High,High,Core / Maintenance,2,0.17806783343431956,Medium Priority,Maintain efficiently
HCP_1899,British Columbia,Dermatology,1.955769069952269,681,322,188,0.5838509316770186,0.4161490683229814,0.0175559963886596,0.3575441543391265,8,21,Low,Low,Core / Maintenance,4,-0.4025452495886409,Low Priority,Maintain efficiently
HCP_1900,British Columbia,Dermatology,1.955769069952269,504,363,115,0.3168044077134986,0.6831955922865014,0.0467138815515507,0.1749110317981404,20,26,Low,Low,Core / Maintenance,2,-0.3431577546509736,Low Priority,Maintain efficiently
HCP_1901,British Columbia,Dermatology,1.955769069952269,714,381,32,0.0839895013123359,0.916010498687664,0.2843728637927089,0.1549600090195317,94,54,High,Medium,Core / Maintenance,0,0.5560955990548071,High Priority,Field-led opportunity development
HCP_1902,British Columbia,Dermatology,1.955769069952269,498,345,122,0.3536231884057971,0.6463768115942029,0.1324347958518412,0.1248436113233425,62,100,Medium,High,Core / Maintenance,0,-0.3885734188723329,Low Priority,Maintain efficiently
HCP_1903,British Columbia,General Surgery,2.6011713028269563,973,553,283,0.5117540687160941,0.4882459312839059,0.2343273418051434,0.0632240388226083,5,31,Low,Low,Core / Maintenance,0,-0.19679053245079545,Low Priority,Maintain efficiently
HCP_1904,British Columbia,General Surgery,2.6011713028269563,734,463,277,0.5982721382289417,0.4017278617710583,0.1217045247073673,0.0650548875330193,13,59,Low,Medium,Core / Maintenance,0,-0.7238122010839787,Low Priority,Maintain efficiently
HCP_1905,British Columbia,General Surgery,2.6011713028269563,621,455,130,0.2857142857142857,0.7142857142857143,-0.0353563872339375,0.354519317588249,32,82,Low,High,Core / Maintenance,3,0.09500505162689056,Medium Priority,Maintain efficiently
HCP_1906,British Columbia,General Surgery,2.6011713028269563,755,545,123,0.2256880733944954,0.7743119266055045,0.0640549059379821,0.2874376012420676,70,27,High,Low,Core / Maintenance,3,0.25937713964124154,Medium Priority,Maintain efficiently
HCP_1907,British Columbia,General Surgery,2.6011713028269563,372,278,153,0.5503597122302158,0.4496402877697841,0.0783468375517079,0.2811863454027701,23,27,Low,Low,Core / Maintenance,4,-0.7105070089707303,Low Priority,Maintain efficiently
HCP_1908,British Columbia,General Surgery,2.6011713028269563,435,184,29,0.1576086956521739,0.842391304347826,-0.0626986683724818,0.2651249866272101,72,73,High,High,Core / Maintenance,3,0.0224877951415823,Low Priority,Maintain efficiently
HCP_1909,British Columbia,General Surgery,2.6011713028269563,425,288,112,0.3888888888888889,0.6111111111111112,0.0038735148088494,0.3472267006429367,74,83,High,High,Core / Maintenance,4,-0.29815859851767107,Low Priority,Maintain efficiently
HCP_1910,British Columbia,General Surgery,2.6011713028269563,678,309,84,0.2718446601941747,0.7281553398058253,0.0253079607587393,0.2180934239829696,86,24,High,Low,Core / Maintenance,3,-0.0289049196364699,Low Priority,Maintain efficiently
HCP_1911,British Columbia,General Surgery,2.6011713028269563,1183,670,49,0.0731343283582089,0.926865671641791,0.2426743799078141,0.3546437899954051,50,84,Medium,High,High-Potential Conversion,3,1.2763318942357493,High Priority,Build field relationship
HCP_1912,British Columbia,General Surgery,2.6011713028269563,1409,873,210,0.2405498281786941,0.7594501718213058,-0.1996888630469174,0.1758057591637837,1,77,Low,High,Core / Maintenance,1,0.669386602931866,High Priority,Digital-led opportunity development
HCP_1913,British Columbia,General Surgery,2.6011713028269563,807,453,89,0.1964679911699779,0.8035320088300221,0.1946982104859251,0.3743476265186817,14,85,Low,High,Core / Maintenance,3,0.6541687977690205,High Priority,Digital-led opportunity development
HCP_1914,British Columbia,General Surgery,2.6011713028269563,769,467,200,0.4282655246252677,0.5717344753747323,-0.0624154281951259,0.294529943028434,34,25,Medium,Low,Core / Maintenance,4,-0.12036410235721205,Low Priority,Maintain efficiently
HCP_1915,British Columbia,General Surgery,2.6011713028269563,343,274,157,0.572992700729927,0.4270072992700729,-0.1146495024723536,0.1400119976085495,35,74,Medium,High,Core / Maintenance,2,-1.0337179946601014,Low Priority,Maintain efficiently
HCP_1916,British Columbia,General Surgery,2.6011713028269563,534,242,48,0.1983471074380165,0.8016528925619835,0.1915930556046157,0.2474297225910188,91,70,High,High,Core / Maintenance,3,0.1938079844691566,Medium Priority,Maintain efficiently
HCP_1917,British Columbia,General Surgery,2.6011713028269563,490,328,163,0.4969512195121951,0.5030487804878049,0.1378277683081257,0.2365606965208894,38,16,Medium,Low,Core / Maintenance,4,-0.491119874878227,Low Priority,Maintain efficiently
HCP_1918,British Columbia,General Surgery,2.6011713028269563,519,290,23,0.0793103448275862,0.9206896551724136,0.2005422442857428,0.0982645876056169,3,81,Low,High,Core / Maintenance,0,0.18992417769970266,Medium Priority,Maintain efficiently
HCP_1919,British Columbia,General Surgery,2.6011713028269563,608,276,95,0.3442028985507246,0.6557971014492754,0.1460842337054692,0.256935017012715,63,6,Medium,Low,Core / Maintenance,0,-0.050174057819500746,Low Priority,Maintain efficiently
HCP_1920,British Columbia,General Surgery,2.6011713028269563,547,254,23,0.0905511811023622,0.9094488188976376,0.2971814002084882,0.1601749683009353,73,55,High,Medium,Core / Maintenance,0,0.4066334029474544,Medium Priority,Maintain efficiently
HCP_1921,British Columbia,General Surgery,2.6011713028269563,323,252,142,0.5634920634920635,0.4365079365079365,0.1170468604333382,0.0683220683833608,5,63,Low,Medium,Core / Maintenance,0,-1.0545482404750761,Low Priority,Maintain efficiently
HCP_1922,British Columbia,General Surgery,2.6011713028269563,838,630,297,0.4714285714285714,0.5285714285714286,0.0312227148652209,0.3820296551972977,56,19,Medium,Low,Core / Maintenance,4,-0.0037182520811695485,Low Priority,Maintain efficiently
HCP_1923,British Columbia,General Surgery,2.6011713028269563,443,338,139,0.4112426035502958,0.5887573964497042,0.0911511652785611,0.2745216291725008,29,37,Low,Medium,Core / Maintenance,4,-0.3753885655704645,Low Priority,Maintain efficiently
HCP_1924,British Columbia,General Surgery,2.6011713028269563,701,558,281,0.503584229390681,0.4964157706093189,0.1992162954015156,0.3569216261547965,98,74,High,High,Core / Maintenance,4,-0.04506493772413667,Low Priority,Maintain efficiently
HCP_1925,British Columbia,Urology,2.190865024502452,1224,592,240,0.4054054054054054,0.5945945945945945,-0.043525039031214,0.2866196017546386,73,57,High,Medium,Core / Maintenance,1,0.34825955402551645,Medium Priority,Maintain efficiently
HCP_1926,British Columbia,Urology,2.190865024502452,429,233,136,0.5836909871244635,0.4163090128755364,-0.0282266299037656,0.1749442922490395,95,15,High,Low,Core / Maintenance,4,-0.9186674813201097,Low Priority,Maintain efficiently
HCP_1927,British Columbia,Urology,2.190865024502452,244,163,72,0.4417177914110429,0.558282208588957,0.0129247982482511,0.229440825315084,66,50,Medium,Medium,Core / Maintenance,4,-0.7482111031605589,Low Priority,Maintain efficiently
HCP_1928,British Columbia,Urology,2.190865024502452,536,318,178,0.559748427672956,0.440251572327044,-0.2025499358518399,0.286511366121512,89,26,High,Low,Core / Maintenance,4,-0.6033530199943571,Low Priority,Maintain efficiently
HCP_1929,British Columbia,Urology,2.190865024502452,870,494,165,0.3340080971659919,0.6659919028340081,0.0665694090101056,0.3860883138205032,14,50,Low,Medium,Core / Maintenance,3,0.3177265289487645,Medium Priority,Maintain efficiently
HCP_1930,British Columbia,Urology,2.190865024502452,1175,638,73,0.1144200626959247,0.8855799373040752,-0.1763354444741231,0.1387843106925937,16,74,Low,High,Core / Maintenance,2,0.6256071425985846,High Priority,Digital-led opportunity development
HCP_1931,British Columbia,Urology,2.190865024502452,385,245,83,0.3387755102040816,0.6612244897959183,0.0563671175519142,0.3562419705184412,90,15,High,Low,Core / Maintenance,3,-0.2149011470924285,Low Priority,Maintain efficiently
HCP_1932,British Columbia,Urology,2.190865024502452,704,444,53,0.1193693693693693,0.8806306306306306,0.1538347707362299,0.3734272318529943,17,86,Low,High,Emerging Opportunity,3,0.6486152166655949,High Priority,Digital-first nurture
HCP_1933,British Columbia,Urology,2.190865024502452,503,234,88,0.376068376068376,0.6239316239316239,-0.0072251752772602,0.2846454301306348,18,59,Low,Medium,Core / Maintenance,4,-0.29300531381062084,Low Priority,Maintain efficiently
HCP_1934,British Columbia,Orthopedic Surgery,1.7907000676174338,516,304,96,0.3157894736842105,0.6842105263157895,0.2512539044224245,0.3759433195904682,75,75,High,High,Core / Maintenance,3,0.22170162343868824,Medium Priority,Maintain efficiently
HCP_1935,British Columbia,Orthopedic Surgery,1.7907000676174338,1351,839,329,0.3921334922526817,0.6078665077473182,-0.1252601079302185,0.189257505617079,87,39,High,Medium,Core / Maintenance,1,0.34917929949874055,Medium Priority,Maintain efficiently
HCP_1936,British Columbia,Orthopedic Surgery,1.7907000676174338,316,198,11,0.0555555555555555,0.9444444444444444,0.1929512817958198,0.383555661614155,68,66,High,Medium,Emerging Opportunity,3,0.45824475322725067,Medium Priority,Develop engagement
HCP_1937,British Columbia,Orthopedic Surgery,1.7907000676174338,585,283,44,0.1554770318021201,0.8445229681978799,0.1310164467688305,0.2959740070080912,23,1,Low,Low,Core / Maintenance,3,0.32226869869366465,Medium Priority,Maintain efficiently
HCP_1938,British Columbia,Orthopedic Surgery,1.7907000676174338,630,439,141,0.3211845102505695,0.6788154897494305,-0.1559239897972826,0.0647020185965841,90,47,High,Medium,Core / Maintenance,2,-0.39794236043043724,Low Priority,Maintain efficiently
HCP_1939,British Columbia,Orthopedic Surgery,1.7907000676174338,783,321,184,0.573208722741433,0.426791277258567,0.3752953158848639,0.3674054911366685,47,51,Medium,Medium,Core / Maintenance,4,0.13373269377584515,Medium Priority,Maintain efficiently
HCP_1940,British Columbia,Orthopedic Surgery,1.7907000676174338,554,300,78,0.26,0.74,0.042350565739524,0.2195654831616174,29,23,Low,Low,Core / Maintenance,3,-0.12370630704832666,Low Priority,Maintain efficiently
HCP_1941,British Columbia,Orthopedic Surgery,1.7907000676174338,596,424,120,0.2830188679245283,0.7169811320754718,-0.0552980826586757,0.2111144446722415,14,92,Low,High,Core / Maintenance,2,-0.13922059377438603,Low Priority,Maintain efficiently
HCP_1942,British Columbia,Orthopedic Surgery,1.7907000676174338,467,292,129,0.4417808219178082,0.5582191780821918,-0.118850463374082,0.248263312092872,46,97,Medium,High,Core / Maintenance,4,-0.5056185597357021,Low Priority,Maintain efficiently
HCP_1943,British Columbia,Orthopedic Surgery,1.7907000676174338,588,297,113,0.3804713804713804,0.6195286195286196,0.0235978366808391,0.1022845913699297,43,83,Medium,High,Core / Maintenance,2,-0.49324329324150346,Low Priority,Maintain efficiently
HCP_1944,British Columbia,Orthopedic Surgery,1.7907000676174338,475,322,69,0.2142857142857142,0.7857142857142857,0.0347111753132048,0.2142081169985895,97,81,High,High,Core / Maintenance,3,-0.12188695875181614,Low Priority,Maintain efficiently
HCP_1945,British Columbia,Orthopedic Surgery,1.7907000676174338,665,417,115,0.2757793764988009,0.724220623501199,0.0623174634247597,0.340894525851211,26,77,Low,High,Core / Maintenance,3,0.15688638017743317,Medium Priority,Maintain efficiently
HCP_1946,British Columbia,Orthopedic Surgery,1.7907000676174338,470,338,57,0.1686390532544378,0.8313609467455622,0.0142644612531247,0.0554188606981303,83,81,High,High,Core / Maintenance,2,-0.27932299655515674,Low Priority,Maintain efficiently
HCP_1947,British Columbia,Orthopedic Surgery,1.7907000676174338,611,424,246,0.5801886792452831,0.4198113207547169,0.1259870372138112,0.1455210061135299,63,1,Medium,Low,Core / Maintenance,0,-0.6821437441814692,Low Priority,Maintain efficiently
HCP_1948,British Columbia,Orthopedic Surgery,1.7907000676174338,530,341,42,0.1231671554252199,0.8768328445747801,0.0034844200804104,0.0508591052553454,40,64,Medium,Medium,Core / Maintenance,2,-0.14308522484967195,Low Priority,Maintain efficiently
HCP_1949,British Columbia,Orthopedic Surgery,1.7907000676174338,794,473,120,0.2536997885835095,0.7463002114164905,-0.1821956940688565,0.1954989582024469,95,19,High,Low,Core / Maintenance,2,0.0828085603805586,Medium Priority,Maintain efficiently
HCP_1950,British Columbia,Orthopedic Surgery,1.7907000676174338,526,238,15,0.0630252100840336,0.9369747899159664,0.032076620522043,0.3049104286728071,67,33,High,Medium,Core / Maintenance,3,0.34731213887293133,Medium Priority,Maintain efficiently
HCP_1951,British Columbia,Orthopedic Surgery,1.7907000676174338,288,145,25,0.1724137931034483,0.8275862068965517,-0.2340973184047933,0.32957014019012,4,40,Low,Medium,Core / Maintenance,3,-0.049951547571427085,Low Priority,Maintain efficiently
HCP_1952,British Columbia,Orthopedic Surgery,1.7907000676174338,833,473,227,0.4799154334038055,0.5200845665961945,0.0924524757069667,0.3808164163944523,52,40,Medium,Medium,Core / Maintenance,4,0.0318640108889742,Medium Priority,Maintain efficiently
HCP_1953,British Columbia,Orthopedic Surgery,1.7907000676174338,390,249,40,0.1606425702811245,0.8393574297188755,-0.0675160276339162,0.2629766145397753,7,74,Low,High,Core / Maintenance,3,-0.02970984934061157,Low Priority,Maintain efficiently
HCP_1954,British Columbia,Orthopedic Surgery,1.7907000676174338,426,258,24,0.0930232558139534,0.9069767441860466,0.069603242589896,0.1391194033285134,21,90,Low,High,Core / Maintenance,2,-0.0237721223827191,Low Priority,Maintain efficiently
HCP_1955,British Columbia,Orthopedic Surgery,1.7907000676174338,435,224,70,0.3125,0.6875,0.2076889977829525,0.3734517821978446,6,22,Low,Low,Core / Maintenance,3,0.09306287149445971,Medium Priority,Maintain efficiently
HCP_1956,British Columbia,Ophthalmology,2.0639784108687027,930,374,21,0.0561497326203208,0.9438502673796793,-0.06384984343216,0.3213605138581316,21,37,Low,Medium,Core / Maintenance,3,0.7734395987607532,High Priority,Maintain efficiently
HCP_1957,British Columbia,Ophthalmology,2.0639784108687027,272,163,16,0.0981595092024539,0.901840490797546,0.1773507510214541,0.2510499690511006,45,43,Medium,Medium,Core / Maintenance,3,0.11800729982804896,Medium Priority,Maintain efficiently
HCP_1958,British Columbia,Ophthalmology,2.0639784108687027,1723,886,438,0.4943566591422121,0.5056433408577878,-0.0020067480023383,0.2934740755016276,29,66,Low,Medium,High-Value Established,1,0.6714181438628973,High Priority,Retain and deepen
HCP_1959,British Columbia,Ophthalmology,2.0639784108687027,832,577,274,0.4748700173310225,0.5251299826689775,0.2603833762478702,0.3735107242526002,100,61,High,Medium,Core / Maintenance,4,0.23439614418959429,Medium Priority,Maintain efficiently
HCP_1960,British Columbia,Ophthalmology,2.0639784108687027,621,254,141,0.5551181102362205,0.4448818897637795,0.0061816864162144,0.2993379099655226,15,11,Low,Low,Core / Maintenance,4,-0.4936623698934305,Low Priority,Maintain efficiently
HCP_1961,British Columbia,Ophthalmology,2.0639784108687027,564,358,186,0.5195530726256983,0.4804469273743017,-0.0508591582608029,0.1789310776546569,78,29,High,Low,Core / Maintenance,4,-0.6624262010338399,Low Priority,Maintain efficiently
HCP_1962,British Columbia,Ophthalmology,2.0639784108687027,635,493,210,0.4259634888438134,0.5740365111561866,0.1324686140474346,0.2995598708011838,4,94,Low,High,Core / Maintenance,4,-0.1303669097593298,Low Priority,Maintain efficiently
HCP_1963,British Columbia,Ophthalmology,2.0639784108687027,690,324,26,0.0802469135802469,0.9197530864197532,-0.0022947675548363,0.0640973569573857,66,86,Medium,High,Core / Maintenance,2,0.11124550183979073,Medium Priority,Maintain efficiently
HCP_1964,British Columbia,Ophthalmology,2.0639784108687027,720,424,204,0.4811320754716981,0.5188679245283019,-0.050973941695481,0.1852454466407034,22,64,Low,Medium,Core / Maintenance,4,-0.4307826566118068,Low Priority,Maintain efficiently
HCP_1965,British Columbia,Ophthalmology,2.0639784108687027,698,305,157,0.5147540983606558,0.4852459016393442,-0.0073407820844549,0.1922130611459527,60,40,Medium,Medium,Core / Maintenance,4,-0.5046119584067394,Low Priority,Maintain efficiently
HCP_1966,British Columbia,Ophthalmology,2.0639784108687027,593,386,189,0.4896373056994819,0.5103626943005182,0.0446472161380398,0.1083933820472921,73,19,High,Low,Core / Maintenance,0,-0.6842397825862048,Low Priority,Maintain efficiently
HCP_1967,British Columbia,Ophthalmology,2.0639784108687027,536,332,109,0.3283132530120481,0.6716867469879518,0.2110616157493824,0.0580799181931195,4,5,Low,Low,Core / Maintenance,0,-0.30873886296327646,Low Priority,Maintain efficiently
HCP_1968,British Columbia,Ophthalmology,2.0639784108687027,545,307,55,0.1791530944625407,0.8208469055374593,-0.1820905294551492,0.0966834328232099,22,74,Low,High,Core / Maintenance,2,-0.16500078386571213,Low Priority,Maintain efficiently
HCP_1969,British Columbia,Ophthalmology,2.0639784108687027,537,327,168,0.5137614678899083,0.4862385321100917,0.0527696790740504,0.2791175235289693,78,98,High,High,Core / Maintenance,4,-0.517434329987541,Low Priority,Maintain efficiently
HCP_1970,British Columbia,Ophthalmology,2.0639784108687027,855,649,292,0.4499229583975346,0.5500770416024654,0.1249884313584851,0.3308010857272906,81,3,High,Low,Core / Maintenance,4,0.07398090015898202,Medium Priority,Maintain efficiently
HCP_1971,British Columbia,Ophthalmology,2.0639784108687027,707,338,199,0.5887573964497042,0.4112426035502958,0.0732138289990155,0.3958712224544409,24,92,Low,High,Core / Maintenance,4,-0.2945631664011239,Low Priority,Maintain efficiently
HCP_1972,British Columbia,Ophthalmology,2.0639784108687027,205,84,11,0.1309523809523809,0.8690476190476191,0.2071838203320241,0.171227226087973,7,9,Low,Low,Core / Maintenance,0,-0.09139411283572221,Low Priority,Maintain efficiently
HCP_1973,British Columbia,Obstetrics/Gynecology,1.957941220469642,704,524,91,0.1736641221374046,0.8263358778625954,0.041078560428977,0.2597827277913856,94,50,High,Medium,Core / Maintenance,3,0.24302046384141374,Medium Priority,Maintain efficiently
HCP_1974,British Columbia,Obstetrics/Gynecology,1.957941220469642,599,378,63,0.1666666666666666,0.8333333333333334,0.0278538269376865,0.3780007383852927,20,92,Low,High,Emerging Opportunity,3,0.3326204227814279,Medium Priority,Digital-first nurture
HCP_1975,British Columbia,Obstetrics/Gynecology,1.957941220469642,556,420,204,0.4857142857142857,0.5142857142857142,0.1210795456416012,0.1084646234683534,1,37,Low,Medium,Core / Maintenance,0,-0.6192589232570751,Low Priority,Maintain efficiently
HCP_1976,British Columbia,Obstetrics/Gynecology,1.957941220469642,489,312,48,0.1538461538461538,0.8461538461538461,0.0619176577941619,0.3011759552199599,21,0,Low,Low,Core / Maintenance,3,0.1564696788041522,Medium Priority,Maintain efficiently
HCP_1977,British Columbia,Obstetrics/Gynecology,1.957941220469642,830,601,52,0.086522462562396,0.913477537437604,0.0031509514063434,0.3142425566022071,71,7,High,Low,Emerging Opportunity,3,0.6095568566565862,High Priority,Develop engagement
HCP_1978,British Columbia,Obstetrics/Gynecology,1.957941220469642,780,446,267,0.5986547085201793,0.4013452914798207,0.1119372847503655,0.0811414375542684,86,80,High,High,Core / Maintenance,0,-0.6680695744776237,Low Priority,Maintain efficiently
HCP_1979,British Columbia,Obstetrics/Gynecology,1.957941220469642,427,299,19,0.0635451505016722,0.9364548494983278,-0.0283033951859974,0.3514372848140727,95,82,High,High,Core / Maintenance,3,0.32096221633670824,Medium Priority,Maintain efficiently
HCP_1980,British Columbia,Obstetrics/Gynecology,1.957941220469642,645,494,252,0.5101214574898786,0.4898785425101214,-0.0233412582423192,0.3345867664887954,71,62,High,Medium,Core / Maintenance,4,-0.33318724769040287,Low Priority,Maintain efficiently
HCP_1981,British Columbia,Obstetrics/Gynecology,1.957941220469642,398,250,63,0.252,0.748,-0.0133592826118736,0.061691052302102,67,32,High,Low,Core / Maintenance,2,-0.49567277470283533,Low Priority,Maintain efficiently
HCP_1982,British Columbia,Obstetrics/Gynecology,1.957941220469642,345,163,84,0.5153374233128835,0.4846625766871165,0.2123682992199688,0.081879545208018,63,14,Medium,Low,Core / Maintenance,0,-0.8062700345110585,Low Priority,Maintain efficiently
HCP_1983,British Columbia,Obstetrics/Gynecology,1.957941220469642,449,228,81,0.3552631578947368,0.6447368421052632,-0.3365219627182856,0.0671944128621483,93,30,High,Low,Core / Maintenance,2,-0.6322565104016039,Low Priority,Maintain efficiently
HCP_1984,British Columbia,Obstetrics/Gynecology,1.957941220469642,757,363,198,0.5454545454545454,0.4545454545454546,0.097471860171553,0.1671602361297768,18,20,Low,Low,Core / Maintenance,4,-0.4788451066951566,Low Priority,Maintain efficiently
HCP_1985,British Columbia,Obstetrics/Gynecology,1.957941220469642,781,390,218,0.558974358974359,0.441025641025641,0.0541126177040266,0.2282511467379742,86,2,High,Low,Core / Maintenance,4,-0.4423816652574114,Low Priority,Maintain efficiently
HCP_1986,British Columbia,Obstetrics/Gynecology,1.957941220469642,670,350,19,0.0542857142857142,0.9457142857142856,-0.1517044551085744,0.2363217047841201,81,65,High,Medium,Core / Maintenance,2,0.39925807125233614,Medium Priority,Maintain efficiently
HCP_1987,British Columbia,Obstetrics/Gynecology,1.957941220469642,721,449,41,0.0913140311804008,0.9086859688195992,0.0871672134963202,0.1436833659193049,52,34,Medium,Medium,Core / Maintenance,0,0.29142868222157364,Medium Priority,Maintain efficiently
HCP_1988,British Columbia,Obstetrics/Gynecology,1.957941220469642,671,426,80,0.1877934272300469,0.812206572769953,0.1070902390197838,0.369058910296096,92,40,High,Medium,Core / Maintenance,3,0.4247878928089099,Medium Priority,Maintain efficiently
HCP_1989,British Columbia,Obstetrics/Gynecology,1.957941220469642,447,255,107,0.4196078431372549,0.580392156862745,0.120756707762888,0.1788919764551696,86,58,High,Medium,Core / Maintenance,0,-0.494646194399569,Low Priority,Maintain efficiently
HCP_1990,British Columbia,Obstetrics/Gynecology,1.957941220469642,651,421,227,0.5391923990498813,0.4608076009501187,-0.2682193675653939,0.0659425545878733,96,15,High,Low,Core / Maintenance,2,-0.7852243943793931,Low Priority,Maintain efficiently
HCP_1991,British Columbia,Obstetrics/Gynecology,1.957941220469642,741,321,97,0.3021806853582554,0.6978193146417446,0.2139667294225326,0.1550794890394852,51,55,Medium,Medium,Core / Maintenance,0,0.08661527303498769,Medium Priority,Maintain efficiently
HCP_1992,British Columbia,Obstetrics/Gynecology,1.957941220469642,729,317,122,0.3848580441640378,0.6151419558359621,-0.0385284045621809,0.2358882978904544,46,44,Medium,Medium,Core / Maintenance,4,-0.16534704395614966,Low Priority,Maintain efficiently
HCP_1993,British Columbia,Obstetrics/Gynecology,1.957941220469642,849,398,61,0.1532663316582914,0.8467336683417086,0.1323881296103811,0.1928776379058812,81,58,High,Medium,Core / Maintenance,0,0.4272399322989899,Medium Priority,Maintain efficiently
HCP_1994,British Columbia,Obstetrics/Gynecology,1.957941220469642,717,435,214,0.4919540229885057,0.5080459770114942,0.1389288536818743,0.1458448816847407,53,49,Medium,Medium,Core / Maintenance,0,-0.3982471897269856,Low Priority,Maintain efficiently
HCP_1995,British Columbia,Obstetrics/Gynecology,1.957941220469642,633,307,179,0.5830618892508144,0.4169381107491856,-0.0552036502743151,0.0959631374175111,43,84,Medium,High,Core / Maintenance,2,-0.839846470260626,Low Priority,Maintain efficiently
HCP_1996,British Columbia,Obstetrics/Gynecology,1.957941220469642,814,418,83,0.1985645933014354,0.8014354066985646,0.129255194282186,0.3367075750336804,96,11,High,Low,Core / Maintenance,3,0.5205846295932504,High Priority,Field-led opportunity development
HCP_1997,British Columbia,Obstetrics/Gynecology,1.957941220469642,555,311,100,0.3215434083601286,0.6784565916398714,0.003740811090517,0.3986508347434672,6,91,Low,High,Core / Maintenance,3,0.030498114242519775,Medium Priority,Maintain efficiently
HCP_1998,British Columbia,Obstetrics/Gynecology,1.957941220469642,411,298,29,0.0973154362416107,0.9026845637583892,-0.1985652615205788,0.1653397467333587,91,11,High,Low,Core / Maintenance,2,-0.03715722449368951,Low Priority,Maintain efficiently
HCP_1999,British Columbia,Obstetrics/Gynecology,1.957941220469642,529,215,77,0.3581395348837209,0.6418604651162791,0.1901290310633334,0.1835673654618114,0,32,Low,Low,Core / Maintenance,0,-0.2086742763769025,Low Priority,Maintain efficiently
HCP_2000,British Columbia,Obstetrics/Gynecology,1.957941220469642,431,284,93,0.3274647887323944,0.6725352112676056,-0.0430053955619487,0.266313133636935,62,83,Medium,High,Core / Maintenance,4,-0.29850377861886895,Low Priority,Maintain efficiently
